"","Timestamp","Machine","Temperature","Pressure","PartLength","PartResistance"
"1",2022-03-08 00:00:00,1,303,100,50.7895721696405,5.67179182424366
"2",2022-03-08 00:00:05,1,303,100,51.793532453041,5.61187479773265
"3",2022-03-08 00:00:10,1,303,100,50.4248053665649,6.18067570658532
"4",2022-03-08 00:00:15,1,303,100,50.7850440353171,6.5265228594329
"5",2022-03-08 00:00:20,1,303,100,51.4104245737348,5.89201635415636
"6",2022-03-08 00:00:25,1,303,100,51.3711734656461,6.58866525119079
"7",2022-03-08 00:00:30,1,303,100,51.0416364735982,6.08674296415063
"8",2022-03-08 00:00:35,1,303,100,51.4706552616294,6.34124142689971
"9",2022-03-08 00:00:40,1,303,100,49.8628180749776,6.89478946265083
"10",2022-03-08 00:00:45,1,303,100,50.3295769765322,6.91686397808286
"11",2022-03-08 00:00:50,1,303,100,50.8710904747675,5.9879655092337
"12",2022-03-08 00:00:55,1,303,100,51.0220853306353,6.05809256714116
"13",2022-03-08 00:01:00,1,303,100,51.5149471782544,6.12398503295947
"14",2022-03-08 00:01:05,1,303,100,50.5685760848906,6.06684551229464
"15",2022-03-08 00:01:10,1,303,100,51.2706573831277,6.29046105477613
"16",2022-03-08 00:01:15,1,303,100,51.362021102989,6.09991139621889
"17",2022-03-08 00:01:20,1,303,100,50.9241041876238,5.93224043597257
"18",2022-03-08 00:01:25,1,303,100,51.6474907024089,5.85012192576356
"19",2022-03-08 00:01:30,1,303,100,51.4114648648711,5.21382597571264
"20",2022-03-08 00:01:35,1,303,100,50.5792169596321,6.08964174934562
"21",2022-03-08 00:01:40,1,303,100,51.1052100763164,5.97388828101263
"22",2022-03-08 00:01:45,1,303,100,51.4463184492327,5.9610941110322
"23",2022-03-08 00:01:50,1,303,100,51.3916100964911,6.15459458519159
"24",2022-03-08 00:01:55,1,303,100,51.706936959769,6.66930153819183
"25",2022-03-08 00:02:00,1,303,100,51.1852575756106,5.54685193938947
"26",2022-03-08 00:02:05,1,303,100,51.2228452825868,6.7511329285408
"27",2022-03-08 00:02:10,1,303,100,50.5949802164079,6.19545318134465
"28",2022-03-08 00:02:15,1,303,100,51.4002378919776,6.37954261479562
"29",2022-03-08 00:02:20,1,303,100,51.6991432411119,5.90289107353996
"30",2022-03-08 00:02:25,1,303,100,51.1515218258866,6.07100268265788
"31",2022-03-08 00:02:30,1,303,100,51.4433563886852,5.92086752724471
"32",2022-03-08 00:02:35,1,303,100,50.382358078146,5.87580365084314
"33",2022-03-08 00:02:40,1,303,100,51.5012570539498,6.04967759858166
"34",2022-03-08 00:02:45,1,303,100,51.7621166965781,6.81933388831381
"35",2022-03-08 00:02:50,1,303,100,51.1790804148356,6.11088585394015
"36",2022-03-08 00:02:55,1,303,100,51.2291743184273,5.8878662046399
"37",2022-03-08 00:03:00,1,303,100,51.606737640358,6.01096810380835
"38",2022-03-08 00:03:05,1,303,100,51.6272760385067,5.5986402888414
"39",2022-03-08 00:03:10,1,303,100,50.9860902712343,6.53479777290267
"40",2022-03-08 00:03:15,1,303,100,50.8763671655765,5.77970299182845
"41",2022-03-08 00:03:20,1,303,100,50.8268835503515,6.06796196152386
"42",2022-03-08 00:03:25,1,303,100,50.4763282190928,6.04169128330815
"43",2022-03-08 00:03:30,1,303,100,51.4922782768786,6.01533731308148
"44",2022-03-08 00:03:35,1,303,100,52.0683982259385,6.62769432928306
"45",2022-03-08 00:03:40,1,303,100,50.9408555075591,5.6099931661259
"46",2022-03-08 00:03:45,1,303,100,51.2134501291441,6.1439908625201
"47",2022-03-08 00:03:50,1,303,100,50.511903609653,6.30011142344134
"48",2022-03-08 00:03:55,1,303,100,51.9655728792925,5.88667182592877
"49",2022-03-08 00:04:00,1,303,100,50.7172651664871,6.14862579822254
"50",2022-03-08 00:04:05,1,303,100,51.7604671345458,5.8574766749719
"51",2022-03-08 00:04:10,1,303,100,51.4151332032345,6.47946438389921
"52",2022-03-08 00:04:15,1,303,100,51.8820290346026,5.84231511309571
"53",2022-03-08 00:04:20,1,303,100,51.600399201288,6.23828202720993
"54",2022-03-08 00:04:25,1,303,100,50.6242145323693,6.2645211347141
"55",2022-03-08 00:04:30,1,303,100,51.7633236458072,6.20306286778764
"56",2022-03-08 00:04:35,1,303,100,50.9642554245122,5.5594835993693
"57",2022-03-08 00:04:40,1,303,100,51.0215593601527,6.31611279039073
"58",2022-03-08 00:04:45,1,303,100,51.4176036821509,6.38900892879624
"59",2022-03-08 00:04:50,1,303,100,50.670972740672,6.21455374275079
"60",2022-03-08 00:04:55,1,303,100,51.7530181591484,6.99371985945693
"61",2022-03-08 00:05:00,1,303,100,52.2576359066448,6.82568134220989
"62",2022-03-08 00:05:05,1,303,100,52.0022991994213,6.19786241272309
"63",2022-03-08 00:05:10,1,303,100,52.8431240675862,5.54409323795984
"64",2022-03-08 00:05:15,1,303,100,51.549982317577,5.69438151450023
"65",2022-03-08 00:05:20,1,303,100,50.5080298821753,6.07950878607403
"66",2022-03-08 00:05:25,1,303,100,51.8315291582002,6.32945915574301
"67",2022-03-08 00:05:30,1,303,100,50.6471311596932,5.86886729140762
"68",2022-03-08 00:05:35,1,303,100,51.3175270615532,5.99658301225894
"69",2022-03-08 00:05:40,1,303,100,50.8963912260741,5.88260038138191
"70",2022-03-08 00:05:45,1,303,100,49.9387523855852,6.45506935806778
"71",2022-03-08 00:05:50,1,303,100,51.3511805022289,6.40259711952226
"72",2022-03-08 00:05:55,1,303,100,51.1760265006679,6.26932856280804
"73",2022-03-08 00:06:00,1,303,100,51.5806001152397,6.09990909834612
"74",2022-03-08 00:06:05,1,303,100,52.2809286304676,6.25925410459398
"75",2022-03-08 00:06:10,1,303,100,50.4082792872314,6.3872314106153
"76",2022-03-08 00:06:15,1,303,100,51.2289633351775,6.13406471125527
"77",2022-03-08 00:06:20,1,303,100,50.6783776019719,5.72608343367834
"78",2022-03-08 00:06:25,1,303,100,49.9876192852531,6.18374308930328
"79",2022-03-08 00:06:30,1,303,100,51.6826517806122,6.06711462230752
"80",2022-03-08 00:06:35,1,303,100,51.3754177093197,6.67994911645535
"81",2022-03-08 00:06:40,1,303,100,50.9989038041828,5.88295618856531
"82",2022-03-08 00:06:45,1,303,100,52.1379868150551,6.15316834320769
"83",2022-03-08 00:06:50,1,303,100,50.9496157961911,6.23896928827098
"84",2022-03-08 00:06:55,1,303,100,50.8437631253193,5.76490129541234
"85",2022-03-08 00:07:00,1,303,100,50.8105789163525,6.14162378098371
"86",2022-03-08 00:07:05,1,303,100,51.7743238244822,5.75877758390566
"87",2022-03-08 00:07:10,1,303,100,51.8573026888031,5.53609160245408
"88",2022-03-08 00:07:15,1,303,100,51.4679878923793,6.46753992872514
"89",2022-03-08 00:07:20,1,303,100,50.5643708413256,6.20609240625409
"90",2022-03-08 00:07:25,1,303,100,51.0455467947109,5.75328474825015
"91",2022-03-08 00:07:30,1,303,100,50.8569400326375,6.04659712356933
"92",2022-03-08 00:07:35,1,303,100,51.0850948007068,5.93303779044062
"93",2022-03-08 00:07:40,1,303,100,51.3406248776613,6.22425020986106
"94",2022-03-08 00:07:45,1,303,100,50.1309278292275,6.90912486267667
"95",2022-03-08 00:07:50,1,303,100,51.2402012508957,6.2048430671845
"96",2022-03-08 00:07:55,1,303,100,51.2526517795054,5.51278192122016
"97",2022-03-08 00:08:00,1,303,100,51.046377460261,6.31595809840108
"98",2022-03-08 00:08:05,1,303,100,50.9872668959931,6.18492829193292
"99",2022-03-08 00:08:10,1,303,100,51.6955154539782,6.45916035229427
"100",2022-03-08 00:08:15,1,303,100,51.6587222132654,5.68791376083562
"101",2022-03-08 00:08:20,1,303,100,51.3657497810335,6.30974478211687
"102",2022-03-08 00:08:25,1,303,100,51.4115211357356,6.09948833320442
"103",2022-03-08 00:08:30,1,303,100,51.2190717055898,6.03307852745835
"104",2022-03-08 00:08:35,1,303,100,50.4671599786145,5.99948211835586
"105",2022-03-08 00:08:40,1,303,100,52.049239320689,5.8526351299621
"106",2022-03-08 00:08:45,1,303,100,51.2342903167851,5.68771408235964
"107",2022-03-08 00:08:50,1,303,100,51.3570690489003,5.62439960250703
"108",2022-03-08 00:08:55,1,303,100,50.3450966622883,5.82814847725481
"109",2022-03-08 00:09:00,1,303,100,51.7876406773597,6.11735312891455
"110",2022-03-08 00:09:05,1,303,100,51.35064357041,5.52424535799614
"111",2022-03-08 00:09:10,1,303,100,50.6367533888588,6.55526367614972
"112",2022-03-08 00:09:15,1,303,100,52.1450682252385,5.90561304482536
"113",2022-03-08 00:09:20,1,303,100,51.2642665535823,6.23690950328517
"114",2022-03-08 00:09:25,1,303,100,50.894981034303,6.09738473025096
"115",2022-03-08 00:09:30,1,303,100,51.4213512641628,5.46538227370286
"116",2022-03-08 00:09:35,1,303,100,51.1683369898846,5.83258691906473
"117",2022-03-08 00:09:40,1,303,100,52.1810579691709,5.71214740587961
"118",2022-03-08 00:09:45,1,303,100,50.913416325806,6.03817791555269
"119",2022-03-08 00:09:50,1,303,100,51.0232290018354,6.11575787731273
"120",2022-03-08 00:09:55,1,303,100,51.2629364868868,5.8279498490279
"121",2022-03-08 00:10:00,1,303,100,52.0346080861653,5.69424987982438
"122",2022-03-08 00:10:05,1,303,100,51.1575931414383,6.08513160088635
"123",2022-03-08 00:10:10,1,303,100,51.7167023827019,6.14649115596275
"124",2022-03-08 00:10:15,1,303,100,50.2677831987407,6.37469738532634
"125",2022-03-08 00:10:20,1,303,100,51.2097442736178,5.96403130327838
"126",2022-03-08 00:10:25,1,303,100,50.939080627321,5.88464100365206
"127",2022-03-08 00:10:30,1,303,100,52.0480919473385,5.97382447159669
"128",2022-03-08 00:10:35,1,303,100,50.7927955768695,6.79224882362652
"129",2022-03-08 00:10:40,1,303,100,50.9909313304592,6.02593229667779
"130",2022-03-08 00:10:45,1,303,100,51.3448702035972,5.62439703103011
"131",2022-03-08 00:10:50,1,303,100,51.3672921291307,6.22585275251884
"132",2022-03-08 00:10:55,1,303,100,50.406857595298,6.56964080273474
"133",2022-03-08 00:11:00,1,303,100,51.5118760547735,6.15470089379927
"134",2022-03-08 00:11:05,1,303,100,51.8299354060153,6.46591868154597
"135",2022-03-08 00:11:10,1,303,100,51.723224682352,6.82002188739074
"136",2022-03-08 00:11:15,1,303,100,50.1719632114712,5.87646537195161
"137",2022-03-08 00:11:20,1,303,100,51.2054611469494,5.71197934465437
"138",2022-03-08 00:11:25,1,303,100,50.9019589570823,6.09251703369615
"139",2022-03-08 00:11:30,1,303,100,51.4672295816431,6.78963425472992
"140",2022-03-08 00:11:35,1,303,100,51.0720336306684,6.21032098927486
"141",2022-03-08 00:11:40,1,303,100,50.9220476718559,5.89137729131524
"142",2022-03-08 00:11:45,1,303,100,51.2387858607986,6.03468131619932
"143",2022-03-08 00:11:50,1,303,100,51.246379814366,6.23038925741788
"144",2022-03-08 00:11:55,1,303,100,51.2690283602067,6.30975398880864
"145",2022-03-08 00:12:00,1,303,100,51.427643999931,6.34552788057102
"146",2022-03-08 00:12:05,1,303,100,51.4473561358711,5.82729438480188
"147",2022-03-08 00:12:10,1,303,100,51.3222590498565,5.88298506729392
"148",2022-03-08 00:12:15,1,303,100,51.0811018927555,6.42867551323882
"149",2022-03-08 00:12:20,1,303,100,51.2025973765202,6.04182219915599
"150",2022-03-08 00:12:25,1,303,100,51.2253873803317,6.2481137335308
"151",2022-03-08 00:12:30,1,303,100,50.5641041090392,6.5846398942338
"152",2022-03-08 00:12:35,1,303,100,51.7381350415788,6.10481880238012
"153",2022-03-08 00:12:40,1,303,100,52.1735022585348,6.20827250939919
"154",2022-03-08 00:12:45,1,303,100,51.2517887393951,6.53307905529918
"155",2022-03-08 00:12:50,1,303,100,50.3796746498492,6.11551424180063
"156",2022-03-08 00:12:55,1,303,100,50.3632330045377,6.47762409674231
"157",2022-03-08 00:13:00,1,303,100,51.58993526718,5.8758540343732
"158",2022-03-08 00:13:05,1,303,100,51.178204956412,5.64316131890262
"159",2022-03-08 00:13:10,1,303,100,50.9179933219912,5.98808604147231
"160",2022-03-08 00:13:15,1,303,100,50.9068091242052,5.7884037407504
"161",2022-03-08 00:13:20,1,303,100,51.0779158949612,6.37613885997539
"162",2022-03-08 00:13:25,1,303,100,52.0193965946158,6.32647107095481
"163",2022-03-08 00:13:30,1,303,100,51.3304718051136,6.78779063916963
"164",2022-03-08 00:13:35,1,303,100,50.3445712466588,6.19863581144949
"165",2022-03-08 00:13:40,1,303,100,51.2940442159588,5.78342922412411
"166",2022-03-08 00:13:45,1,303,100,51.205208000278,6.5601537431395
"167",2022-03-08 00:13:50,1,303,100,50.6545167108165,5.9354942437543
"168",2022-03-08 00:13:55,1,303,100,50.8584586432958,5.69124557894658
"169",2022-03-08 00:14:00,1,303,100,51.0365723446942,6.03739911409281
"170",2022-03-08 00:14:05,1,303,100,50.6679114426333,6.56037566328269
"171",2022-03-08 00:14:10,1,303,100,50.9310356139256,6.07611022676064
"172",2022-03-08 00:14:15,1,303,100,50.7368158054015,6.20183589268916
"173",2022-03-08 00:14:20,1,303,100,51.3507160940882,6.29426574246823
"174",2022-03-08 00:14:25,1,303,100,51.7736914510846,5.87990009287723
"175",2022-03-08 00:14:30,1,303,100,50.8817974294597,6.20045457882366
"176",2022-03-08 00:14:35,1,303,100,51.070563430763,6.65507495670328
"177",2022-03-08 00:14:40,1,303,100,51.7855577820933,5.85910338049542
"178",2022-03-08 00:14:45,1,303,100,50.891277697903,6.23805043525598
"179",2022-03-08 00:14:50,1,303,100,51.388823759198,5.693207335438
"180",2022-03-08 00:14:55,1,303,100,52.4894575068597,6.20966221157299
"181",2022-03-08 00:15:00,1,303,100,51.3731752118017,6.66076241647441
"182",2022-03-08 00:15:05,1,303,100,50.5721873216635,5.97359546182139
"183",2022-03-08 00:15:10,1,303,100,51.082110330146,6.5926248192635
"184",2022-03-08 00:15:15,1,303,100,51.4984565759572,5.7512596571368
"185",2022-03-08 00:15:20,1,303,100,51.0985656930402,6.1504418297069
"186",2022-03-08 00:15:25,1,303,100,50.5126269278803,6.09821045120334
"187",2022-03-08 00:15:30,1,303,100,51.9975896489896,5.94539748805548
"188",2022-03-08 00:15:35,1,303,100,51.630463999704,6.17592395492405
"189",2022-03-08 00:15:40,1,303,100,51.0037350424573,6.44561809973592
"190",2022-03-08 00:15:45,1,303,100,51.0193835472982,5.69836620485882
"191",2022-03-08 00:15:50,1,303,100,51.3487195598202,5.89882681304593
"192",2022-03-08 00:15:55,1,303,100,51.0160783946723,6.68895939022844
"193",2022-03-08 00:16:00,1,303,100,52.0755171887804,6.30495304573999
"194",2022-03-08 00:16:05,1,303,100,51.4623525438407,6.62015631383975
"195",2022-03-08 00:16:10,1,303,100,50.3521340200154,6.34576890471161
"196",2022-03-08 00:16:15,1,303,100,50.1748245893646,5.91716306080129
"197",2022-03-08 00:16:20,1,303,100,51.434281283583,5.77048163545783
"198",2022-03-08 00:16:25,1,303,100,51.0551190976228,6.02228285052961
"199",2022-03-08 00:16:30,1,303,100,50.9947100742901,5.83883828183904
"200",2022-03-08 00:16:35,1,303,100,51.2577170382488,6.05518070829857
"201",2022-03-09 00:00:00,1,303,200,51.1507030260855,5.23006264338762
"202",2022-03-09 00:00:05,1,303,200,50.6048405733364,5.285705919695
"203",2022-03-09 00:00:10,1,303,200,51.7300604600655,5.90935184343173
"204",2022-03-09 00:00:15,1,303,200,50.9647187532485,4.77416257472482
"205",2022-03-09 00:00:20,1,303,200,51.7774106428271,5.73407320298056
"206",2022-03-09 00:00:25,1,303,200,51.2802300389632,5.58162560010053
"207",2022-03-09 00:00:30,1,303,200,51.4734009566027,4.91275909122888
"208",2022-03-09 00:00:35,1,303,200,51.1066471900417,5.44356122852488
"209",2022-03-09 00:00:40,1,303,200,51.8864353150358,5.74995850461238
"210",2022-03-09 00:00:45,1,303,200,51.3699751252198,5.45717390377113
"211",2022-03-09 00:00:50,1,303,200,52.5420920339416,5.54322960504414
"212",2022-03-09 00:00:55,1,303,200,50.7784293212837,5.36367756928884
"213",2022-03-09 00:01:00,1,303,200,50.4160084608934,5.38036114487026
"214",2022-03-09 00:01:05,1,303,200,51.0915787836158,5.52944217155244
"215",2022-03-09 00:01:10,1,303,200,51.5065810507477,5.19945353757025
"216",2022-03-09 00:01:15,1,303,200,51.0279521681429,5.39511149953813
"217",2022-03-09 00:01:20,1,303,200,51.0035388326282,5.75462541851179
"218",2022-03-09 00:01:25,1,303,200,50.8669457879706,5.53244575646032
"219",2022-03-09 00:01:30,1,303,200,51.6330110389471,5.38695468663877
"220",2022-03-09 00:01:35,1,303,200,50.4679577366997,5.4761995100228
"221",2022-03-09 00:01:40,1,303,200,51.2317803993192,4.65636642310262
"222",2022-03-09 00:01:45,1,303,200,52.1670034173018,5.53052306876185
"223",2022-03-09 00:01:50,1,303,200,50.3652844590187,5.10947899331342
"224",2022-03-09 00:01:55,1,303,200,51.4460770571271,5.59287874820047
"225",2022-03-09 00:02:00,1,303,200,50.7548367387371,5.13149767911925
"226",2022-03-09 00:02:05,1,303,200,50.8469722864665,5.7524222526971
"227",2022-03-09 00:02:10,1,303,200,51.6536497219585,5.62165773651842
"228",2022-03-09 00:02:15,1,303,200,50.9691969575782,5.65756050086925
"229",2022-03-09 00:02:20,1,303,200,50.9687959264331,5.64695265983214
"230",2022-03-09 00:02:25,1,303,200,51.091173071331,4.96054507089996
"231",2022-03-09 00:02:30,1,303,200,52.0802150935949,4.93202979908832
"232",2022-03-09 00:02:35,1,303,200,51.2968960725441,6.00737866794974
"233",2022-03-09 00:02:40,1,303,200,51.4074566264428,5.45406403657826
"234",2022-03-09 00:02:45,1,303,200,49.9262694878129,5.39222168574263
"235",2022-03-09 00:02:50,1,303,200,50.3548092162913,5.37970979595253
"236",2022-03-09 00:02:55,1,303,200,51.1318565700433,5.25208179929362
"237",2022-03-09 00:03:00,1,303,200,51.1909579160393,6.25618275316594
"238",2022-03-09 00:03:05,1,303,200,51.1348334798919,5.5352433835133
"239",2022-03-09 00:03:10,1,303,200,50.7933817612363,4.96365140764943
"240",2022-03-09 00:03:15,1,303,200,50.5802959665084,5.34315235299835
"241",2022-03-09 00:03:20,1,303,200,50.6954848370471,4.78797186099804
"242",2022-03-09 00:03:25,1,303,200,51.8022855552008,5.56223429153892
"243",2022-03-09 00:03:30,1,303,200,50.9003456163199,5.30220048650622
"244",2022-03-09 00:03:35,1,303,200,50.4819669481067,5.16536884081837
"245",2022-03-09 00:03:40,1,303,200,50.9788009951038,5.53386361386988
"246",2022-03-09 00:03:45,1,303,200,51.0164880900713,5.17208940447617
"247",2022-03-09 00:03:50,1,303,200,51.7629324225911,5.28796463856313
"248",2022-03-09 00:03:55,1,303,200,51.0857052651477,4.9972232171255
"249",2022-03-09 00:04:00,1,303,200,51.9750299324257,5.81832323709949
"250",2022-03-09 00:04:05,1,303,200,52.0305734108645,5.17745286948406
"251",2022-03-09 00:04:10,1,303,200,51.2541972936177,5.20980179739306
"252",2022-03-09 00:04:15,1,303,200,51.5923181480216,5.29124884330128
"253",2022-03-09 00:04:20,1,303,200,51.3549634057982,5.5058818074275
"254",2022-03-09 00:04:25,1,303,200,50.6603183146061,5.60891215064384
"255",2022-03-09 00:04:30,1,303,200,51.5414972686805,4.46146326394508
"256",2022-03-09 00:04:35,1,303,200,50.3575842800124,4.95327822344122
"257",2022-03-09 00:04:40,1,303,200,51.9067223399783,5.03101102518095
"258",2022-03-09 00:04:45,1,303,200,51.14999781258,5.59355280888794
"259",2022-03-09 00:04:50,1,303,200,51.3957440083309,5.01954320673041
"260",2022-03-09 00:04:55,1,303,200,51.657796668469,4.6674145858793
"261",2022-03-09 00:05:00,1,303,200,51.3436043862193,5.48773076584395
"262",2022-03-09 00:05:05,1,303,200,50.5615882937695,4.76057679081696
"263",2022-03-09 00:05:10,1,303,200,51.4565707244451,5.85259657833013
"264",2022-03-09 00:05:15,1,303,200,50.6323757577049,5.63627955161924
"265",2022-03-09 00:05:20,1,303,200,51.9612147954091,5.7727081684866
"266",2022-03-09 00:05:25,1,303,200,50.4597921686907,4.96343340167608
"267",2022-03-09 00:05:30,1,303,200,50.8752755828159,4.99973863102985
"268",2022-03-09 00:05:35,1,303,200,51.4624051376721,5.60072987420475
"269",2022-03-09 00:05:40,1,303,200,50.6206271184955,5.52587588620866
"270",2022-03-09 00:05:45,1,303,200,51.4836555154576,5.27941771710683
"271",2022-03-09 00:05:50,1,303,200,51.2291199065229,5.83733791978564
"272",2022-03-09 00:05:55,1,303,200,52.2130663915127,5.01235140358703
"273",2022-03-09 00:06:00,1,303,200,51.4554804095707,5.5059698888542
"274",2022-03-09 00:06:05,1,303,200,51.4137100851667,5.51909555348933
"275",2022-03-09 00:06:10,1,303,200,51.1076205036736,5.32302624454324
"276",2022-03-09 00:06:15,1,303,200,52.5863811283762,5.5471425939959
"277",2022-03-09 00:06:20,1,303,200,51.6145165987495,5.09091526679844
"278",2022-03-09 00:06:25,1,303,200,51.3064961093081,5.55473861735333
"279",2022-03-09 00:06:30,1,303,200,50.6651321061166,4.96177609748705
"280",2022-03-09 00:06:35,1,303,200,52.3609504254718,5.8979667134325
"281",2022-03-09 00:06:40,1,303,200,51.5426419385763,5.17856387477467
"282",2022-03-09 00:06:45,1,303,200,50.4918858871604,5.25227818099747
"283",2022-03-09 00:06:50,1,303,200,51.4885937740844,5.40728443833983
"284",2022-03-09 00:06:55,1,303,200,51.2970784902731,5.61603115499237
"285",2022-03-09 00:07:00,1,303,200,50.4010457747895,5.07453655226669
"286",2022-03-09 00:07:05,1,303,200,51.7762272059101,5.36889758981582
"287",2022-03-09 00:07:10,1,303,200,51.9389740588879,5.52725016592589
"288",2022-03-09 00:07:15,1,303,200,51.1810447952788,5.52786386209878
"289",2022-03-09 00:07:20,1,303,200,52.1081029857335,5.57232269664342
"290",2022-03-09 00:07:25,1,303,200,51.2688151959833,5.54597758813264
"291",2022-03-09 00:07:30,1,303,200,51.0202423595499,5.37752806510819
"292",2022-03-09 00:07:35,1,303,200,51.3413241015381,5.58050866095528
"293",2022-03-09 00:07:40,1,303,200,50.5429730702147,5.08399482933903
"294",2022-03-09 00:07:45,1,303,200,50.7135854974379,5.6079866695893
"295",2022-03-09 00:07:50,1,303,200,51.6777936987275,5.64085058420367
"296",2022-03-09 00:07:55,1,303,200,50.6918122305803,5.36960738258093
"297",2022-03-09 00:08:00,1,303,200,51.3478849170651,5.23705697059636
"298",2022-03-09 00:08:05,1,303,200,51.8150281570892,5.55013817415083
"299",2022-03-09 00:08:10,1,303,200,50.4954854674413,4.60328499236795
"300",2022-03-09 00:08:15,1,303,200,51.1438895536772,5.60194813709081
"301",2022-03-09 00:08:20,1,303,200,51.2309460909585,5.31055958891182
"302",2022-03-09 00:08:25,1,303,200,51.3544394255286,5.52130525416101
"303",2022-03-09 00:08:30,1,303,200,50.4674418413499,5.08328059418714
"304",2022-03-09 00:08:35,1,303,200,51.2841999694771,4.9616111757362
"305",2022-03-09 00:08:40,1,303,200,51.4179864470582,5.88247572810615
"306",2022-03-09 00:08:45,1,303,200,52.1114240457187,5.35758176929428
"307",2022-03-09 00:08:50,1,303,200,51.0975987523614,4.55157558177647
"308",2022-03-09 00:08:55,1,303,200,50.738627204476,4.52553456636084
"309",2022-03-09 00:09:00,1,303,200,51.0092459065433,5.40433084022475
"310",2022-03-09 00:09:05,1,303,200,50.8597207685173,5.25433639977736
"311",2022-03-09 00:09:10,1,303,200,51.0822476982591,5.47313117174035
"312",2022-03-09 00:09:15,1,303,200,51.2146750501404,5.34295954946432
"313",2022-03-09 00:09:20,1,303,200,51.3236414979028,5.74551902347271
"314",2022-03-09 00:09:25,1,303,200,50.9137625984702,5.20067406998726
"315",2022-03-09 00:09:30,1,303,200,52.0303139200652,5.64603116986923
"316",2022-03-09 00:09:35,1,303,200,51.6231726118366,5.63896441360054
"317",2022-03-09 00:09:40,1,303,200,50.7249323385112,4.99225764268294
"318",2022-03-09 00:09:45,1,303,200,50.7692856676684,5.0485318988125
"319",2022-03-09 00:09:50,1,303,200,50.8428279660827,5.46041586381969
"320",2022-03-09 00:09:55,1,303,200,50.8475351164665,5.83327635131293
"321",2022-03-09 00:10:00,1,303,200,51.1947830356058,5.41223080422663
"322",2022-03-09 00:10:05,1,303,200,51.0284624165986,6.14620762447826
"323",2022-03-09 00:10:10,1,303,200,51.2995514566979,5.03413264024021
"324",2022-03-09 00:10:15,1,303,200,50.8511751589676,5.37330449145864
"325",2022-03-09 00:10:20,1,303,200,51.144023219281,5.36715858913816
"326",2022-03-09 00:10:25,1,303,200,50.7815696767772,5.32966860494946
"327",2022-03-09 00:10:30,1,303,200,51.1798479083573,5.21677564862747
"328",2022-03-09 00:10:35,1,303,200,51.8576400785009,5.50765278100488
"329",2022-03-09 00:10:40,1,303,200,50.0205704877679,5.67409454266879
"330",2022-03-09 00:10:45,1,303,200,50.5812543101368,5.62006191531839
"331",2022-03-09 00:10:50,1,303,200,50.8954489410422,5.67874031174313
"332",2022-03-09 00:10:55,1,303,200,51.1760633975487,5.36840614976007
"333",2022-03-09 00:11:00,1,303,200,51.07788445861,5.91870193764886
"334",2022-03-09 00:11:05,1,303,200,51.1899579871631,5.62127912481898
"335",2022-03-09 00:11:10,1,303,200,51.5581283003563,5.09322412931283
"336",2022-03-09 00:11:15,1,303,200,51.1745097551383,5.04625352193679
"337",2022-03-09 00:11:20,1,303,200,51.5780539495017,5.34772545967709
"338",2022-03-09 00:11:25,1,303,200,51.9576208950109,5.92202132550118
"339",2022-03-09 00:11:30,1,303,200,51.061502900196,6.00588558098846
"340",2022-03-09 00:11:35,1,303,200,50.9960453884996,5.24366546335492
"341",2022-03-09 00:11:40,1,303,200,51.202263197412,4.76001133966262
"342",2022-03-09 00:11:45,1,303,200,51.2397806336002,5.05880933562182
"343",2022-03-09 00:11:50,1,303,200,51.3372394417238,5.61488260776944
"344",2022-03-09 00:11:55,1,303,200,50.5441870574036,5.05030626691622
"345",2022-03-09 00:12:00,1,303,200,50.8008913408954,5.79426230595226
"346",2022-03-09 00:12:05,1,303,200,49.9732656527126,5.04647250604263
"347",2022-03-09 00:12:10,1,303,200,51.3519735954469,4.9441763520036
"348",2022-03-09 00:12:15,1,303,200,51.0128325896462,5.87359299047317
"349",2022-03-09 00:12:20,1,303,200,51.7656221496344,5.55883797243308
"350",2022-03-09 00:12:25,1,303,200,50.4299105356747,5.13691910380915
"351",2022-03-09 00:12:30,1,303,200,50.4637282406273,4.93313834731869
"352",2022-03-09 00:12:35,1,303,200,50.6895793020168,5.20898115346094
"353",2022-03-09 00:12:40,1,303,200,50.9691683726179,4.87832461559941
"354",2022-03-09 00:12:45,1,303,200,51.4209571255095,5.13251132596417
"355",2022-03-09 00:12:50,1,303,200,50.7811177489951,5.53405729982562
"356",2022-03-09 00:12:55,1,303,200,50.798099327033,6.06147211907901
"357",2022-03-09 00:13:00,1,303,200,51.2032391540233,5.03518062204543
"358",2022-03-09 00:13:05,1,303,200,51.1731593444125,5.9161096075435
"359",2022-03-09 00:13:10,1,303,200,51.0708152690344,5.24542275681239
"360",2022-03-09 00:13:15,1,303,200,51.8685814103965,5.28485045385218
"361",2022-03-09 00:13:20,1,303,200,51.0482871630406,5.41669598459231
"362",2022-03-09 00:13:25,1,303,200,51.9498797434251,5.06538661551655
"363",2022-03-09 00:13:30,1,303,200,50.7036279407172,5.09986180316597
"364",2022-03-09 00:13:35,1,303,200,52.4581948361458,5.27479547989043
"365",2022-03-09 00:13:40,1,303,200,51.6172283648901,4.87695956607216
"366",2022-03-09 00:13:45,1,303,200,50.774357339545,5.33338161491794
"367",2022-03-09 00:13:50,1,303,200,50.4303422316119,5.53093506818766
"368",2022-03-09 00:13:55,1,303,200,51.3495575210651,5.75131326378439
"369",2022-03-09 00:14:00,1,303,200,50.7594394524596,4.94529469817618
"370",2022-03-09 00:14:05,1,303,200,51.7786973383518,6.48788185460108
"371",2022-03-09 00:14:10,1,303,200,50.9636690530071,5.52951964758222
"372",2022-03-09 00:14:15,1,303,200,50.7730032313639,5.62737802304258
"373",2022-03-09 00:14:20,1,303,200,51.4018651336116,5.26096598479793
"374",2022-03-09 00:14:25,1,303,200,50.5907975676179,5.64759712656731
"375",2022-03-09 00:14:30,1,303,200,51.3300348971517,5.40152538455265
"376",2022-03-09 00:14:35,1,303,200,51.6679436555359,5.59094107276168
"377",2022-03-09 00:14:40,1,303,200,51.6287943762939,5.55942883853031
"378",2022-03-09 00:14:45,1,303,200,51.3648751192839,4.96991630097267
"379",2022-03-09 00:14:50,1,303,200,51.6293637451351,6.02687508073457
"380",2022-03-09 00:14:55,1,303,200,51.1839205783073,5.74427504359788
"381",2022-03-09 00:15:00,1,303,200,51.0856860341527,5.46996628268448
"382",2022-03-09 00:15:05,1,303,200,51.0960133386168,5.13248810530461
"383",2022-03-09 00:15:10,1,303,200,51.1841687705561,5.60337941928197
"384",2022-03-09 00:15:15,1,303,200,51.7287622640705,5.64571176349896
"385",2022-03-09 00:15:20,1,303,200,50.4823186140548,4.84260511491833
"386",2022-03-09 00:15:25,1,303,200,51.1670535850201,5.62115184284515
"387",2022-03-09 00:15:30,1,303,200,51.6355559081122,5.42507007627349
"388",2022-03-09 00:15:35,1,303,200,51.545772806867,5.30984493021445
"389",2022-03-09 00:15:40,1,303,200,50.9641473701257,4.83003310803217
"390",2022-03-09 00:15:45,1,303,200,51.5543658233187,5.12594811153206
"391",2022-03-09 00:15:50,1,303,200,52.0062664811989,4.91699676365038
"392",2022-03-09 00:15:55,1,303,200,51.0798710773253,5.72989422226039
"393",2022-03-09 00:16:00,1,303,200,51.7393553264357,4.68506718351892
"394",2022-03-09 00:16:05,1,303,200,51.5443824148671,5.09642637317609
"395",2022-03-09 00:16:10,1,303,200,51.2624483955349,4.98960785141978
"396",2022-03-09 00:16:15,1,303,200,51.2373716734898,4.77965089498093
"397",2022-03-09 00:16:20,1,303,200,51.5711540847615,5.38381556674004
"398",2022-03-09 00:16:25,1,303,200,51.2968445196023,5.19195453227197
"399",2022-03-09 00:16:30,1,303,200,51.3069135836555,5.54755678891383
"400",2022-03-09 00:16:35,1,303,200,51.4989001010838,5.6607184673702
"401",2022-03-10 00:00:00,1,303,300,51.2488684841616,4.79030097547524
"402",2022-03-10 00:00:05,1,303,300,51.2778025070994,4.76541521060555
"403",2022-03-10 00:00:10,1,303,300,50.5075207340012,4.41258059428651
"404",2022-03-10 00:00:15,1,303,300,51.6256712913843,4.92652209869637
"405",2022-03-10 00:00:20,1,303,300,51.1868882003232,4.43702688574327
"406",2022-03-10 00:00:25,1,303,300,51.4164723536132,4.93417899899895
"407",2022-03-10 00:00:30,1,303,300,51.7606399152798,4.53912607614971
"408",2022-03-10 00:00:35,1,303,300,51.1834995905825,4.36589348142727
"409",2022-03-10 00:00:40,1,303,300,51.9523573893146,4.46318211766716
"410",2022-03-10 00:00:45,1,303,300,49.9206725603753,4.41481542584162
"411",2022-03-10 00:00:50,1,303,300,51.4485210405493,5.06620045085427
"412",2022-03-10 00:00:55,1,303,300,51.7781236337627,4.97276852867858
"413",2022-03-10 00:01:00,1,303,300,51.6664748537018,4.64372852349261
"414",2022-03-10 00:01:05,1,303,300,51.1212920303743,4.2065156148681
"415",2022-03-10 00:01:10,1,303,300,51.1497426398253,5.1611712845527
"416",2022-03-10 00:01:15,1,303,300,50.5060380178518,4.52425964641545
"417",2022-03-10 00:01:20,1,303,300,51.5703335766459,4.0449136179314
"418",2022-03-10 00:01:25,1,303,300,50.7233370267737,4.49692447355778
"419",2022-03-10 00:01:30,1,303,300,51.1534751188451,4.93698295215579
"420",2022-03-10 00:01:35,1,303,300,51.8805230671395,4.53558379110992
"421",2022-03-10 00:01:40,1,303,300,50.7382945740142,4.25024238958536
"422",2022-03-10 00:01:45,1,303,300,51.4568967360576,5.03246103764308
"423",2022-03-10 00:01:50,1,303,300,51.1075815925822,5.31111284884309
"424",2022-03-10 00:01:55,1,303,300,50.7349689574271,4.56779453075601
"425",2022-03-10 00:02:00,1,303,300,51.4906980845363,5.43077719022748
"426",2022-03-10 00:02:05,1,303,300,51.1795114257814,4.48317086028388
"427",2022-03-10 00:02:10,1,303,300,51.7555790065572,4.87546598795313
"428",2022-03-10 00:02:15,1,303,300,51.4207278355402,4.32619264373313
"429",2022-03-10 00:02:20,1,303,300,50.5587649606579,4.24397013728821
"430",2022-03-10 00:02:25,1,303,300,51.3943209633357,4.54641412439107
"431",2022-03-10 00:02:30,1,303,300,50.9368190223784,4.45935062511613
"432",2022-03-10 00:02:35,1,303,300,52.290974446762,4.64860200363962
"433",2022-03-10 00:02:40,1,303,300,50.255155507793,5.55474801725408
"434",2022-03-10 00:02:45,1,303,300,50.5310667962418,4.72666485286111
"435",2022-03-10 00:02:50,1,303,300,51.802671459151,4.61909189780456
"436",2022-03-10 00:02:55,1,303,300,51.4674629643545,4.8867001712228
"437",2022-03-10 00:03:00,1,303,300,52.0418101432199,4.82560705055497
"438",2022-03-10 00:03:05,1,303,300,50.9011362481351,4.77653407706543
"439",2022-03-10 00:03:10,1,303,300,51.1347627175181,4.34966481491085
"440",2022-03-10 00:03:15,1,303,300,50.8031076091382,4.26638183284086
"441",2022-03-10 00:03:20,1,303,300,51.6685918631492,4.22168206945124
"442",2022-03-10 00:03:25,1,303,300,51.1668696437584,4.39135370167512
"443",2022-03-10 00:03:30,1,303,300,51.4490651149656,4.07102584355374
"444",2022-03-10 00:03:35,1,303,300,51.0896466494913,4.31282194563189
"445",2022-03-10 00:03:40,1,303,300,51.3583345099138,3.9138664084897
"446",2022-03-10 00:03:45,1,303,300,50.5124081999793,4.67793514575868
"447",2022-03-10 00:03:50,1,303,300,51.3998448748762,4.58910675885755
"448",2022-03-10 00:03:55,1,303,300,51.1485631254895,4.29527310487107
"449",2022-03-10 00:04:00,1,303,300,50.9683389937878,4.65429765596539
"450",2022-03-10 00:04:05,1,303,300,51.0203272812133,4.79679494250243
"451",2022-03-10 00:04:10,1,303,300,50.9889954434982,5.01415878996247
"452",2022-03-10 00:04:15,1,303,300,51.1140314940967,4.88982647906268
"453",2022-03-10 00:04:20,1,303,300,50.7875274345499,4.42830153046077
"454",2022-03-10 00:04:25,1,303,300,50.8341285784191,4.29578838281512
"455",2022-03-10 00:04:30,1,303,300,51.5429354743646,4.45895752396704
"456",2022-03-10 00:04:35,1,303,300,50.6720879904444,4.47566158345063
"457",2022-03-10 00:04:40,1,303,300,51.2486060109688,4.80602157555835
"458",2022-03-10 00:04:45,1,303,300,50.6199106121828,3.70972512899122
"459",2022-03-10 00:04:50,1,303,300,51.0698756167931,4.72079501007345
"460",2022-03-10 00:04:55,1,303,300,50.8188690913597,3.95943027830211
"461",2022-03-10 00:05:00,1,303,300,50.5188184862393,4.75268482687918
"462",2022-03-10 00:05:05,1,303,300,51.7901275554798,4.22947061701302
"463",2022-03-10 00:05:10,1,303,300,51.0031769198716,3.93329282456818
"464",2022-03-10 00:05:15,1,303,300,50.7385250845547,4.65873971174458
"465",2022-03-10 00:05:20,1,303,300,51.3776234337959,4.40802431098408
"466",2022-03-10 00:05:25,1,303,300,50.0410286355016,4.07755996973067
"467",2022-03-10 00:05:30,1,303,300,50.9192429677725,4.9311584229901
"468",2022-03-10 00:05:35,1,303,300,50.9244566460468,4.27060155850094
"469",2022-03-10 00:05:40,1,303,300,52.3271790136542,4.40009143638933
"470",2022-03-10 00:05:45,1,303,300,51.3005140629192,4.97637250249184
"471",2022-03-10 00:05:50,1,303,300,51.3449930337617,4.51191729619387
"472",2022-03-10 00:05:55,1,303,300,50.8918598094554,4.23604802822076
"473",2022-03-10 00:06:00,1,303,300,51.3475829056677,4.5135585630803
"474",2022-03-10 00:06:05,1,303,300,51.5567266080941,4.68625364458077
"475",2022-03-10 00:06:10,1,303,300,51.3341960086226,4.64644882144103
"476",2022-03-10 00:06:15,1,303,300,50.8131811560686,4.50118671495232
"477",2022-03-10 00:06:20,1,303,300,51.6754651104181,4.17852194927822
"478",2022-03-10 00:06:25,1,303,300,51.8286254470992,5.00495341518632
"479",2022-03-10 00:06:30,1,303,300,50.1949903032928,4.80895240268277
"480",2022-03-10 00:06:35,1,303,300,50.9294612733181,4.51209221785787
"481",2022-03-10 00:06:40,1,303,300,51.0896213193512,5.07906614609978
"482",2022-03-10 00:06:45,1,303,300,50.5979633715758,4.2205504850168
"483",2022-03-10 00:06:50,1,303,300,50.6841927290654,4.36443555038377
"484",2022-03-10 00:06:55,1,303,300,51.3088088540028,4.5559214312969
"485",2022-03-10 00:07:00,1,303,300,51.7869065093196,5.41110313124156
"486",2022-03-10 00:07:05,1,303,300,51.6862447116493,4.59604863353665
"487",2022-03-10 00:07:10,1,303,300,50.5914207393806,4.95270199152254
"488",2022-03-10 00:07:15,1,303,300,50.9708174482238,4.28903344904045
"489",2022-03-10 00:07:20,1,303,300,51.5035592727559,4.91822867421338
"490",2022-03-10 00:07:25,1,303,300,50.4737535662023,3.93891673287362
"491",2022-03-10 00:07:30,1,303,300,51.7650992664549,4.31831998108589
"492",2022-03-10 00:07:35,1,303,300,51.8766001468717,4.28016097087511
"493",2022-03-10 00:07:40,1,303,300,50.6680229570263,4.50651919452588
"494",2022-03-10 00:07:45,1,303,300,50.6636762881957,4.6716563551712
"495",2022-03-10 00:07:50,1,303,300,51.9193203716254,4.88155762971017
"496",2022-03-10 00:07:55,1,303,300,50.9105895881908,5.18529223866143
"497",2022-03-10 00:08:00,1,303,300,50.6296920099183,5.18926576089905
"498",2022-03-10 00:08:05,1,303,300,51.8445003022247,4.43247574430965
"499",2022-03-10 00:08:10,1,303,300,51.6526809757348,4.48852606435623
"500",2022-03-10 00:08:15,1,303,300,50.9904333017727,4.37753617838239
"501",2022-03-10 00:08:20,1,303,300,51.2410464175916,5.00277083375583
"502",2022-03-10 00:08:25,1,303,300,51.1018517502036,4.2529076147503
"503",2022-03-10 00:08:30,1,303,300,51.9952978756594,4.93694229047259
"504",2022-03-10 00:08:35,1,303,300,51.2571053937461,4.50037848892425
"505",2022-03-10 00:08:40,1,303,300,51.1692625165905,4.4289163591124
"506",2022-03-10 00:08:45,1,303,300,52.0676510960105,4.13076956604551
"507",2022-03-10 00:08:50,1,303,300,51.5213374920773,5.23863832465103
"508",2022-03-10 00:08:55,1,303,300,50.9598646547262,4.54952974424837
"509",2022-03-10 00:09:00,1,303,300,50.2151919227289,5.38033179222498
"510",2022-03-10 00:09:05,1,303,300,50.6312380241576,4.70507491044158
"511",2022-03-10 00:09:10,1,303,300,51.3882390774509,5.29624585054005
"512",2022-03-10 00:09:15,1,303,300,50.5591556225225,4.75995165958234
"513",2022-03-10 00:09:20,1,303,300,51.2079669637164,4.71969966641109
"514",2022-03-10 00:09:25,1,303,300,52.1932816374812,4.24388567654603
"515",2022-03-10 00:09:30,1,303,300,51.9431322205515,4.4992701933434
"516",2022-03-10 00:09:35,1,303,300,51.2630043868517,4.79560403740854
"517",2022-03-10 00:09:40,1,303,300,52.0881524695386,4.32391108444528
"518",2022-03-10 00:09:45,1,303,300,50.8997617620708,4.63832654782043
"519",2022-03-10 00:09:50,1,303,300,51.5962363415279,4.68223525080443
"520",2022-03-10 00:09:55,1,303,300,51.6925533622027,4.7438953536593
"521",2022-03-10 00:10:00,1,303,300,51.684080159702,4.63711947036717
"522",2022-03-10 00:10:05,1,303,300,51.6305184493134,4.75035865283266
"523",2022-03-10 00:10:10,1,303,300,51.2009582510859,4.27153533269058
"524",2022-03-10 00:10:15,1,303,300,51.0538544433387,4.51542719640696
"525",2022-03-10 00:10:20,1,303,300,51.2774051608284,4.84808113574071
"526",2022-03-10 00:10:25,1,303,300,50.6841984777222,5.27760328576105
"527",2022-03-10 00:10:30,1,303,300,51.7230814964612,5.57036864147172
"528",2022-03-10 00:10:35,1,303,300,51.4390301492244,4.65595048883249
"529",2022-03-10 00:10:40,1,303,300,51.9461398862257,4.24204684043393
"530",2022-03-10 00:10:45,1,303,300,51.7251457989113,5.00144319798135
"531",2022-03-10 00:10:50,1,303,300,51.6426557522029,4.17814874017362
"532",2022-03-10 00:10:55,1,303,300,51.4385893956276,4.64549052693502
"533",2022-03-10 00:11:00,1,303,300,50.2953411686748,4.4068516128795
"534",2022-03-10 00:11:05,1,303,300,52.0138529061984,4.71510374378179
"535",2022-03-10 00:11:10,1,303,300,51.1892299831,4.72019356325985
"536",2022-03-10 00:11:15,1,303,300,51.4415232264662,4.64118183563964
"537",2022-03-10 00:11:20,1,303,300,51.4859814091677,4.28298200763864
"538",2022-03-10 00:11:25,1,303,300,50.791901082533,4.71857613669108
"539",2022-03-10 00:11:30,1,303,300,50.8054941875197,4.32307244137349
"540",2022-03-10 00:11:35,1,303,300,50.9911509395505,4.35146042025079
"541",2022-03-10 00:11:40,1,303,300,51.4748056973937,4.62998165071195
"542",2022-03-10 00:11:45,1,303,300,51.1249313307995,4.83150868717043
"543",2022-03-10 00:11:50,1,303,300,50.6122374566823,4.08561734565242
"544",2022-03-10 00:11:55,1,303,300,51.111438754742,4.19436725031295
"545",2022-03-10 00:12:00,1,303,300,51.8126231999118,4.52038244632775
"546",2022-03-10 00:12:05,1,303,300,51.5935477683854,3.65375607930258
"547",2022-03-10 00:12:10,1,303,300,50.7740663039804,4.52864806818319
"548",2022-03-10 00:12:15,1,303,300,51.228793740929,4.98131012061042
"549",2022-03-10 00:12:20,1,303,300,51.23736483535,5.03724283631084
"550",2022-03-10 00:12:25,1,303,300,51.407978713703,4.39884185058996
"551",2022-03-10 00:12:30,1,303,300,52.2655893029864,4.40528166713275
"552",2022-03-10 00:12:35,1,303,300,52.0490254987559,4.19928347587254
"553",2022-03-10 00:12:40,1,303,300,51.7982346043603,4.42246052300723
"554",2022-03-10 00:12:45,1,303,300,51.6961163529637,4.82553972442296
"555",2022-03-10 00:12:50,1,303,300,51.3265526626339,4.13010095766743
"556",2022-03-10 00:12:55,1,303,300,50.7715071123761,4.25460491703927
"557",2022-03-10 00:13:00,1,303,300,50.5933860923002,4.21558108919264
"558",2022-03-10 00:13:05,1,303,300,50.2593001769387,4.54890311070409
"559",2022-03-10 00:13:10,1,303,300,51.0071510829105,4.523273362577
"560",2022-03-10 00:13:15,1,303,300,51.7275912352651,4.69044298045654
"561",2022-03-10 00:13:20,1,303,300,51.4824637043802,4.6796410431053
"562",2022-03-10 00:13:25,1,303,300,50.4588455498969,4.49697786072876
"563",2022-03-10 00:13:30,1,303,300,50.295169347799,4.1151141165825
"564",2022-03-10 00:13:35,1,303,300,51.6276068115086,5.01487887569977
"565",2022-03-10 00:13:40,1,303,300,51.0582396193909,4.56657644367927
"566",2022-03-10 00:13:45,1,303,300,51.5578854205598,4.909099100478
"567",2022-03-10 00:13:50,1,303,300,50.8348135489497,4.5105717632047
"568",2022-03-10 00:13:55,1,303,300,50.8835113866283,4.43979421896906
"569",2022-03-10 00:14:00,1,303,300,51.2388117839165,4.47698805091185
"570",2022-03-10 00:14:05,1,303,300,51.035876266721,4.76184169238674
"571",2022-03-10 00:14:10,1,303,300,51.8059978451679,4.71247646485924
"572",2022-03-10 00:14:15,1,303,300,51.3729279475801,4.60897282587606
"573",2022-03-10 00:14:20,1,303,300,51.4008793004006,4.15216720830766
"574",2022-03-10 00:14:25,1,303,300,51.3670735490948,4.84192501266191
"575",2022-03-10 00:14:30,1,303,300,51.0694950780501,4.62661253783191
"576",2022-03-10 00:14:35,1,303,300,52.0491634189326,4.31598502219341
"577",2022-03-10 00:14:40,1,303,300,50.7175684112148,4.36350765547234
"578",2022-03-10 00:14:45,1,303,300,50.7478893689829,4.98286829206186
"579",2022-03-10 00:14:50,1,303,300,51.2774248656724,4.77506438391625
"580",2022-03-10 00:14:55,1,303,300,50.458705290207,4.0477156964899
"581",2022-03-10 00:15:00,1,303,300,50.6891271039641,5.16818883566902
"582",2022-03-10 00:15:05,1,303,300,50.7737784925349,3.88014379127101
"583",2022-03-10 00:15:10,1,303,300,50.2482612267284,5.24739317047634
"584",2022-03-10 00:15:15,1,303,300,51.0463185851083,4.33146984187346
"585",2022-03-10 00:15:20,1,303,300,51.7526258357266,4.43127574365762
"586",2022-03-10 00:15:25,1,303,300,52.3277983146294,4.79450542329933
"587",2022-03-10 00:15:30,1,303,300,51.1546815991344,4.5218671756883
"588",2022-03-10 00:15:35,1,303,300,51.3054369513587,4.61132068697438
"589",2022-03-10 00:15:40,1,303,300,50.4228602820159,3.96677491189312
"590",2022-03-10 00:15:45,1,303,300,50.6488195064026,4.59023397558578
"591",2022-03-10 00:15:50,1,303,300,51.8169619528454,4.50668538607647
"592",2022-03-10 00:15:55,1,303,300,51.3798806510363,4.47180784674981
"593",2022-03-10 00:16:00,1,303,300,51.2245205304828,5.05736272973247
"594",2022-03-10 00:16:05,1,303,300,51.0354697491637,4.39002279535814
"595",2022-03-10 00:16:10,1,303,300,51.0233714171776,4.68636233520694
"596",2022-03-10 00:16:15,1,303,300,52.0715753894264,5.33283104360341
"597",2022-03-10 00:16:20,1,303,300,52.0738242004739,5.26845521797199
"598",2022-03-10 00:16:25,1,303,300,51.4071533254497,4.88153462304805
"599",2022-03-10 00:16:30,1,303,300,50.7450202774757,4.77835385069772
"600",2022-03-10 00:16:35,1,303,300,51.0689840117055,4.59759127957827
"601",2022-03-11 00:00:00,1,338,100,51.371808877694,6.05411777225053
"602",2022-03-11 00:00:05,1,338,100,51.3301645410881,6.06904045708274
"603",2022-03-11 00:00:10,1,338,100,50.8736688087468,6.17182586487192
"604",2022-03-11 00:00:15,1,338,100,50.5014122976433,6.26327640901804
"605",2022-03-11 00:00:20,1,338,100,51.0748767253009,5.48851886693107
"606",2022-03-11 00:00:25,1,338,100,51.1679541810474,6.46013584395367
"607",2022-03-11 00:00:30,1,338,100,51.6352426568418,6.46051611808023
"608",2022-03-11 00:00:35,1,338,100,50.0119610113532,6.36592012239724
"609",2022-03-11 00:00:40,1,338,100,51.9435364081775,6.09981013474008
"610",2022-03-11 00:00:45,1,338,100,50.8241442527244,6.20105018725692
"611",2022-03-11 00:00:50,1,338,100,51.0762730126756,6.98803055209017
"612",2022-03-11 00:00:55,1,338,100,51.1015057705921,6.39554735102145
"613",2022-03-11 00:01:00,1,338,100,51.4486955510856,6.2736868616699
"614",2022-03-11 00:01:05,1,338,100,51.7249362171107,6.32067256987614
"615",2022-03-11 00:01:10,1,338,100,50.6139868832223,6.07316183308979
"616",2022-03-11 00:01:15,1,338,100,49.8967906664433,6.29997918537687
"617",2022-03-11 00:01:20,1,338,100,50.4971122180286,5.96623563583367
"618",2022-03-11 00:01:25,1,338,100,51.2547456940302,6.60171401276359
"619",2022-03-11 00:01:30,1,338,100,51.3355139092549,5.71943352256431
"620",2022-03-11 00:01:35,1,338,100,50.6979511068044,5.67114326164753
"621",2022-03-11 00:01:40,1,338,100,50.7731542601089,5.80332350682441
"622",2022-03-11 00:01:45,1,338,100,51.7585330080839,5.94148438867831
"623",2022-03-11 00:01:50,1,338,100,51.2036386906974,6.29954385331208
"624",2022-03-11 00:01:55,1,338,100,51.3737749078857,6.15739584650772
"625",2022-03-11 00:02:00,1,338,100,50.9450200666501,6.25112772591409
"626",2022-03-11 00:02:05,1,338,100,51.6471459258083,6.15911480937243
"627",2022-03-11 00:02:10,1,338,100,51.5405588997688,5.95307999955602
"628",2022-03-11 00:02:15,1,338,100,50.2616065225236,6.53748927150979
"629",2022-03-11 00:02:20,1,338,100,51.8752758022475,6.25954094011401
"630",2022-03-11 00:02:25,1,338,100,51.1200867454579,5.78601858125108
"631",2022-03-11 00:02:30,1,338,100,50.9855616027966,6.0369841395055
"632",2022-03-11 00:02:35,1,338,100,51.3698419388324,6.54810525012389
"633",2022-03-11 00:02:40,1,338,100,50.7172626360604,5.77194022564096
"634",2022-03-11 00:02:45,1,338,100,51.3713724697673,6.54598370717897
"635",2022-03-11 00:02:50,1,338,100,52.0022995202663,5.37785514044177
"636",2022-03-11 00:02:55,1,338,100,50.9910649955591,6.09736143880337
"637",2022-03-11 00:03:00,1,338,100,51.2518474280696,5.9890439821053
"638",2022-03-11 00:03:05,1,338,100,51.3426654178215,6.29278302259413
"639",2022-03-11 00:03:10,1,338,100,52.1430609857435,5.48211586371655
"640",2022-03-11 00:03:15,1,338,100,50.4744007829873,6.3741581891123
"641",2022-03-11 00:03:20,1,338,100,51.4074537242297,6.19932172285685
"642",2022-03-11 00:03:25,1,338,100,50.7449839009532,5.62958960932084
"643",2022-03-11 00:03:30,1,338,100,51.2810392457139,5.83957555738647
"644",2022-03-11 00:03:35,1,338,100,50.5053320841358,5.78386117002709
"645",2022-03-11 00:03:40,1,338,100,51.7795851798957,5.63565789549
"646",2022-03-11 00:03:45,1,338,100,51.3979586919008,5.80124693602822
"647",2022-03-11 00:03:50,1,338,100,51.6295144686592,6.78831363331966
"648",2022-03-11 00:03:55,1,338,100,51.0557755678746,5.72584008422437
"649",2022-03-11 00:04:00,1,338,100,51.4474113642089,6.43297793054202
"650",2022-03-11 00:04:05,1,338,100,51.0745970469065,6.16119114544386
"651",2022-03-11 00:04:10,1,338,100,51.6482621783055,5.57355222498496
"652",2022-03-11 00:04:15,1,338,100,51.6530147815186,6.48631292723519
"653",2022-03-11 00:04:20,1,338,100,51.7054297224159,6.13156579493097
"654",2022-03-11 00:04:25,1,338,100,52.0785845023317,6.11005285874596
"655",2022-03-11 00:04:30,1,338,100,51.354719886087,6.02749354159069
"656",2022-03-11 00:04:35,1,338,100,51.9128036015992,6.46064518683598
"657",2022-03-11 00:04:40,1,338,100,51.4943364030134,5.97613651628015
"658",2022-03-11 00:04:45,1,338,100,51.2847305310026,5.37100562517377
"659",2022-03-11 00:04:50,1,338,100,50.5668266363978,6.64591543361276
"660",2022-03-11 00:04:55,1,338,100,51.32798193789,5.85625715215361
"661",2022-03-11 00:05:00,1,338,100,51.7361660516746,6.37033875525534
"662",2022-03-11 00:05:05,1,338,100,50.5241381482124,6.2126714508097
"663",2022-03-11 00:05:10,1,338,100,51.9197364635868,6.64161302425809
"664",2022-03-11 00:05:15,1,338,100,51.8536989553097,6.05492441247663
"665",2022-03-11 00:05:20,1,338,100,50.5781603325893,6.31736737385474
"666",2022-03-11 00:05:25,1,338,100,51.2217490148091,6.25146600370972
"667",2022-03-11 00:05:30,1,338,100,50.9989918334129,6.01265556143603
"668",2022-03-11 00:05:35,1,338,100,50.5429811895104,6.39110361049542
"669",2022-03-11 00:05:40,1,338,100,50.9116029267513,6.50377002406144
"670",2022-03-11 00:05:45,1,338,100,51.7012390014254,5.86732615049398
"671",2022-03-11 00:05:50,1,338,100,50.6491318007986,5.96999559721981
"672",2022-03-11 00:05:55,1,338,100,51.4223834863644,6.49557430734972
"673",2022-03-11 00:06:00,1,338,100,52.0380115578774,6.44031818518659
"674",2022-03-11 00:06:05,1,338,100,51.3426109305685,5.7356094479325
"675",2022-03-11 00:06:10,1,338,100,50.9106690861795,6.24563091908177
"676",2022-03-11 00:06:15,1,338,100,50.8029742117807,5.8185606444108
"677",2022-03-11 00:06:20,1,338,100,51.063153745579,5.9313796315281
"678",2022-03-11 00:06:25,1,338,100,50.9856762538118,6.44085451971513
"679",2022-03-11 00:06:30,1,338,100,51.6789025395588,6.08755780292933
"680",2022-03-11 00:06:35,1,338,100,51.1871855305535,6.1192675736342
"681",2022-03-11 00:06:40,1,338,100,52.1471896349962,5.66458343945309
"682",2022-03-11 00:06:45,1,338,100,50.5944987806105,6.11360221476995
"683",2022-03-11 00:06:50,1,338,100,51.1804991102298,5.56272641115438
"684",2022-03-11 00:06:55,1,338,100,50.6020701512974,6.35775336733938
"685",2022-03-11 00:07:00,1,338,100,52.3189741833532,6.04918345380108
"686",2022-03-11 00:07:05,1,338,100,51.8605956892087,6.35264966453782
"687",2022-03-11 00:07:10,1,338,100,51.691297930188,6.54466149868842
"688",2022-03-11 00:07:15,1,338,100,51.1152622473884,5.85484108988924
"689",2022-03-11 00:07:20,1,338,100,50.9106245777143,6.82764146795854
"690",2022-03-11 00:07:25,1,338,100,51.0812411405878,6.93917646861857
"691",2022-03-11 00:07:30,1,338,100,51.2502122324862,5.91503120151056
"692",2022-03-11 00:07:35,1,338,100,51.8467793119107,6.64844557152565
"693",2022-03-11 00:07:40,1,338,100,50.5552401751016,6.57711384392097
"694",2022-03-11 00:07:45,1,338,100,50.9183213983587,5.52908592952115
"695",2022-03-11 00:07:50,1,338,100,50.6609694641989,5.72047460204952
"696",2022-03-11 00:07:55,1,338,100,50.5258043583168,6.09055032141361
"697",2022-03-11 00:08:00,1,338,100,51.6732626710521,6.07244253328603
"698",2022-03-11 00:08:05,1,338,100,51.6501962907496,5.25015079593921
"699",2022-03-11 00:08:10,1,338,100,50.7642381126335,5.83770213159034
"700",2022-03-11 00:08:15,1,338,100,51.4514412268065,6.23198518225616
"701",2022-03-11 00:08:20,1,338,100,50.5763023678238,5.45048035376549
"702",2022-03-11 00:08:25,1,338,100,51.3563830589548,6.01432370894727
"703",2022-03-11 00:08:30,1,338,100,51.4962189621058,5.59767312872472
"704",2022-03-11 00:08:35,1,338,100,52.2087377949433,5.96786109777291
"705",2022-03-11 00:08:40,1,338,100,51.0303745617952,6.22464637643025
"706",2022-03-11 00:08:45,1,338,100,51.9920508917307,6.64724728934007
"707",2022-03-11 00:08:50,1,338,100,50.7219059036053,5.60599442974969
"708",2022-03-11 00:08:55,1,338,100,52.3106899058816,5.97269063638649
"709",2022-03-11 00:09:00,1,338,100,50.9421410648104,6.01677410432428
"710",2022-03-11 00:09:05,1,338,100,50.4389802666649,6.3953158226154
"711",2022-03-11 00:09:10,1,338,100,51.2227812138999,6.219944158257
"712",2022-03-11 00:09:15,1,338,100,50.9914233624678,6.12174584492942
"713",2022-03-11 00:09:20,1,338,100,50.6750947038238,6.62122433447229
"714",2022-03-11 00:09:25,1,338,100,50.8257571499597,6.32552802096573
"715",2022-03-11 00:09:30,1,338,100,51.2353663539774,5.90267971445559
"716",2022-03-11 00:09:35,1,338,100,49.7737349416155,6.43862424973404
"717",2022-03-11 00:09:40,1,338,100,51.7920085266526,6.50408835505345
"718",2022-03-11 00:09:45,1,338,100,51.7168758398083,6.52058387886302
"719",2022-03-11 00:09:50,1,338,100,51.6394276859616,5.96982644395595
"720",2022-03-11 00:09:55,1,338,100,51.8794516734959,6.79477152959723
"721",2022-03-11 00:10:00,1,338,100,51.6598298262308,6.0083402103966
"722",2022-03-11 00:10:05,1,338,100,50.9788169535637,5.62489532274867
"723",2022-03-11 00:10:10,1,338,100,51.3384270004694,6.41780358835284
"724",2022-03-11 00:10:15,1,338,100,50.4258620768186,5.92313645542546
"725",2022-03-11 00:10:20,1,338,100,51.8155129076076,6.27779407734209
"726",2022-03-11 00:10:25,1,338,100,50.9717930261965,6.07414542835375
"727",2022-03-11 00:10:30,1,338,100,50.2875362136155,6.69715492951542
"728",2022-03-11 00:10:35,1,338,100,51.2892022321453,6.34369074006484
"729",2022-03-11 00:10:40,1,338,100,50.6706743704552,5.5502436459381
"730",2022-03-11 00:10:45,1,338,100,50.4094422775128,6.00753368497998
"731",2022-03-11 00:10:50,1,338,100,50.5335529180043,6.29807322782045
"732",2022-03-11 00:10:55,1,338,100,50.4966764755828,5.72742023257913
"733",2022-03-11 00:11:00,1,338,100,51.0846721485141,6.07484041941072
"734",2022-03-11 00:11:05,1,338,100,51.6981669005709,6.54026072911241
"735",2022-03-11 00:11:10,1,338,100,51.4258142133111,6.79437053754567
"736",2022-03-11 00:11:15,1,338,100,50.7730407627531,5.60144747769361
"737",2022-03-11 00:11:20,1,338,100,51.2182296562759,6.76191226695252
"738",2022-03-11 00:11:25,1,338,100,51.4288033911458,6.12856047976731
"739",2022-03-11 00:11:30,1,338,100,51.0214288042961,6.04087643734175
"740",2022-03-11 00:11:35,1,338,100,51.8309485088672,6.25910862869742
"741",2022-03-11 00:11:40,1,338,100,50.7626500664713,6.12440305691017
"742",2022-03-11 00:11:45,1,338,100,50.5397699131208,5.9137894881271
"743",2022-03-11 00:11:50,1,338,100,52.2616407358212,6.012951427867
"744",2022-03-11 00:11:55,1,338,100,51.3039520543793,5.94967274078266
"745",2022-03-11 00:12:00,1,338,100,51.8545629451775,6.06862401442727
"746",2022-03-11 00:12:05,1,338,100,51.1817293408104,5.76043700905566
"747",2022-03-11 00:12:10,1,338,100,50.9501963315035,6.03034709487858
"748",2022-03-11 00:12:15,1,338,100,50.8623474411453,6.0714412635689
"749",2022-03-11 00:12:20,1,338,100,50.9955761097131,5.88085171308404
"750",2022-03-11 00:12:25,1,338,100,51.6614720442823,6.35611344234947
"751",2022-03-11 00:12:30,1,338,100,51.7803843186234,5.81474988998376
"752",2022-03-11 00:12:35,1,338,100,51.3103074192447,6.33391634860287
"753",2022-03-11 00:12:40,1,338,100,51.6759574318164,6.77130593120709
"754",2022-03-11 00:12:45,1,338,100,51.0045737497401,5.76075751380764
"755",2022-03-11 00:12:50,1,338,100,51.1630463799998,5.97873187648556
"756",2022-03-11 00:12:55,1,338,100,51.2875792183923,6.37227592651051
"757",2022-03-11 00:13:00,1,338,100,51.0147511581745,5.97502421684565
"758",2022-03-11 00:13:05,1,338,100,50.8050627350897,6.47477380884368
"759",2022-03-11 00:13:10,1,338,100,51.1923493934696,6.01891275062417
"760",2022-03-11 00:13:15,1,338,100,52.1938867324198,5.93392136342325
"761",2022-03-11 00:13:20,1,338,100,51.2203853676078,5.68462696720622
"762",2022-03-11 00:13:25,1,338,100,51.3763606032553,6.16471117441461
"763",2022-03-11 00:13:30,1,338,100,51.1497274824668,5.87142310833328
"764",2022-03-11 00:13:35,1,338,100,51.3966342850879,6.04819213904844
"765",2022-03-11 00:13:40,1,338,100,50.5784657414174,6.14413495192329
"766",2022-03-11 00:13:45,1,338,100,51.1987959193225,6.16478670918174
"767",2022-03-11 00:13:50,1,338,100,50.7704233797287,6.29559207987623
"768",2022-03-11 00:13:55,1,338,100,51.4072872269909,6.38830982128269
"769",2022-03-11 00:14:00,1,338,100,50.0651351748667,5.57087610827602
"770",2022-03-11 00:14:05,1,338,100,50.7005737311597,6.19646679156115
"771",2022-03-11 00:14:10,1,338,100,50.4928119374334,6.00929585336223
"772",2022-03-11 00:14:15,1,338,100,50.4384717862192,6.00374215014556
"773",2022-03-11 00:14:20,1,338,100,51.4341407601513,5.83472370833839
"774",2022-03-11 00:14:25,1,338,100,51.3501691548844,5.771872475465
"775",2022-03-11 00:14:30,1,338,100,50.5961658940707,6.42645185035133
"776",2022-03-11 00:14:35,1,338,100,51.1016116154788,6.0890355266573
"777",2022-03-11 00:14:40,1,338,100,50.8975526660874,5.95670846635629
"778",2022-03-11 00:14:45,1,338,100,51.551345880344,6.43265038323001
"779",2022-03-11 00:14:50,1,338,100,50.1044762818376,6.2186369845448
"780",2022-03-11 00:14:55,1,338,100,52.2777194749634,5.89044332849419
"781",2022-03-11 00:15:00,1,338,100,51.2617052753167,6.05825705208664
"782",2022-03-11 00:15:05,1,338,100,51.313927471102,6.17541888594308
"783",2022-03-11 00:15:10,1,338,100,51.1656229731964,5.73631582358783
"784",2022-03-11 00:15:15,1,338,100,50.7534057334412,5.95175320288352
"785",2022-03-11 00:15:20,1,338,100,51.3112117530275,6.84931494254645
"786",2022-03-11 00:15:25,1,338,100,50.5948672751785,6.3942276917215
"787",2022-03-11 00:15:30,1,338,100,50.2583318217593,5.90280760543344
"788",2022-03-11 00:15:35,1,338,100,52.093999959594,6.09178250125362
"789",2022-03-11 00:15:40,1,338,100,51.4008586915997,6.14580828030866
"790",2022-03-11 00:15:45,1,338,100,51.4288885497004,5.71092325773344
"791",2022-03-11 00:15:50,1,338,100,51.1253679548338,6.66145394009414
"792",2022-03-11 00:15:55,1,338,100,50.8667168430887,5.68381980307195
"793",2022-03-11 00:16:00,1,338,100,51.5541203436822,6.3670816985257
"794",2022-03-11 00:16:05,1,338,100,50.684842513159,6.34334605462867
"795",2022-03-11 00:16:10,1,338,100,51.0851714677801,6.46923471556935
"796",2022-03-11 00:16:15,1,338,100,50.790709958769,6.46286036842797
"797",2022-03-11 00:16:20,1,338,100,51.8381271063656,6.20749568119143
"798",2022-03-11 00:16:25,1,338,100,51.162940567699,6.06482177554513
"799",2022-03-11 00:16:30,1,338,100,51.5846675246179,5.6963264911079
"800",2022-03-11 00:16:35,1,338,100,51.3559139707752,6.50541318463977
"801",2022-03-12 00:00:00,1,338,200,52.1331930329426,5.76702728270271
"802",2022-03-12 00:00:05,1,338,200,51.551827517848,5.36994755668343
"803",2022-03-12 00:00:10,1,338,200,51.2986621217607,5.69595086798097
"804",2022-03-12 00:00:15,1,338,200,51.0158869615043,5.27083642697864
"805",2022-03-12 00:00:20,1,338,200,50.8085565520244,4.57216978211352
"806",2022-03-12 00:00:25,1,338,200,50.6094551696454,5.9127111036935
"807",2022-03-12 00:00:30,1,338,200,51.6099001177071,5.56649790633317
"808",2022-03-12 00:00:35,1,338,200,51.4417243905443,4.75086440426382
"809",2022-03-12 00:00:40,1,338,200,51.7246653789024,5.81094708063905
"810",2022-03-12 00:00:45,1,338,200,50.5505986408501,5.18533144211901
"811",2022-03-12 00:00:50,1,338,200,51.0720331159626,5.08132331014229
"812",2022-03-12 00:00:55,1,338,200,51.8377891141477,5.09946127161141
"813",2022-03-12 00:01:00,1,338,200,51.8250468877286,6.0029457612209
"814",2022-03-12 00:01:05,1,338,200,51.8725512118404,5.69409612704644
"815",2022-03-12 00:01:10,1,338,200,51.8132740740721,5.32506084753657
"816",2022-03-12 00:01:15,1,338,200,51.2569069588672,5.31442177192223
"817",2022-03-12 00:01:20,1,338,200,51.1905751862151,5.10753209725849
"818",2022-03-12 00:01:25,1,338,200,51.6265701133086,5.41735323129478
"819",2022-03-12 00:01:30,1,338,200,51.5114336281207,5.04828817241676
"820",2022-03-12 00:01:35,1,338,200,52.0343395362053,5.63722766901542
"821",2022-03-12 00:01:40,1,338,200,51.7107155054909,5.71546234091513
"822",2022-03-12 00:01:45,1,338,200,50.6089910404353,5.63293634132615
"823",2022-03-12 00:01:50,1,338,200,50.9063216388454,5.1307177151585
"824",2022-03-12 00:01:55,1,338,200,51.6400814248779,5.86243229970214
"825",2022-03-12 00:02:00,1,338,200,50.9160395306204,6.03795026178664
"826",2022-03-12 00:02:05,1,338,200,51.3964548222801,5.33793254256733
"827",2022-03-12 00:02:10,1,338,200,51.5012622761879,5.70969340174807
"828",2022-03-12 00:02:15,1,338,200,52.0174103339557,5.88379788721928
"829",2022-03-12 00:02:20,1,338,200,50.3113332114633,5.11398088224985
"830",2022-03-12 00:02:25,1,338,200,50.1931308505157,5.15350967837548
"831",2022-03-12 00:02:30,1,338,200,51.5266553386398,5.28902213090095
"832",2022-03-12 00:02:35,1,338,200,50.7783527072848,5.96064724040168
"833",2022-03-12 00:02:40,1,338,200,50.7114216941102,5.10751210102914
"834",2022-03-12 00:02:45,1,338,200,50.6803170590454,5.45171736057845
"835",2022-03-12 00:02:50,1,338,200,51.0461009850048,5.44699467030514
"836",2022-03-12 00:02:55,1,338,200,52.3830315205252,5.59413712809706
"837",2022-03-12 00:03:00,1,338,200,51.7984686554135,5.82394045674948
"838",2022-03-12 00:03:05,1,338,200,52.2566093571549,5.35797821712136
"839",2022-03-12 00:03:10,1,338,200,50.8527698333806,5.59557303059988
"840",2022-03-12 00:03:15,1,338,200,51.1824118037841,5.67181136915388
"841",2022-03-12 00:03:20,1,338,200,51.3121287091352,5.65860786642704
"842",2022-03-12 00:03:25,1,338,200,51.6247423803457,5.56687772613097
"843",2022-03-12 00:03:30,1,338,200,51.6033424470118,5.05754976381337
"844",2022-03-12 00:03:35,1,338,200,52.0528706288363,5.29621037136487
"845",2022-03-12 00:03:40,1,338,200,50.4506635693738,4.95637791924908
"846",2022-03-12 00:03:45,1,338,200,51.645537741091,5.02718225426249
"847",2022-03-12 00:03:50,1,338,200,51.7841171679664,5.63694887833955
"848",2022-03-12 00:03:55,1,338,200,50.7234920163064,5.89679845335856
"849",2022-03-12 00:04:00,1,338,200,51.1697752039778,5.29793095973396
"850",2022-03-12 00:04:05,1,338,200,51.6368216751498,5.61085120385488
"851",2022-03-12 00:04:10,1,338,200,50.6272813506394,5.58218051274908
"852",2022-03-12 00:04:15,1,338,200,50.9123950556145,5.75538650600277
"853",2022-03-12 00:04:20,1,338,200,51.3406698490754,5.82614015518648
"854",2022-03-12 00:04:25,1,338,200,50.4590079871746,5.5700905765412
"855",2022-03-12 00:04:30,1,338,200,50.9530652127265,5.47141196341652
"856",2022-03-12 00:04:35,1,338,200,50.8719336294268,5.4333041808455
"857",2022-03-12 00:04:40,1,338,200,50.4605270842758,4.91812649956038
"858",2022-03-12 00:04:45,1,338,200,51.4984552970523,5.66717738162641
"859",2022-03-12 00:04:50,1,338,200,51.2079081438574,5.75967393956779
"860",2022-03-12 00:04:55,1,338,200,50.9087882782803,5.20066562852837
"861",2022-03-12 00:05:00,1,338,200,51.5969114914062,5.85178679051384
"862",2022-03-12 00:05:05,1,338,200,50.7886385837225,5.05021668828127
"863",2022-03-12 00:05:10,1,338,200,51.5484467313851,5.21211906504864
"864",2022-03-12 00:05:15,1,338,200,51.3713003834506,5.28655489941693
"865",2022-03-12 00:05:20,1,338,200,51.1076273955652,5.22506374919004
"866",2022-03-12 00:05:25,1,338,200,51.1337180939807,5.42003057699899
"867",2022-03-12 00:05:30,1,338,200,51.3294343447831,5.80719874158732
"868",2022-03-12 00:05:35,1,338,200,51.0870875210182,5.38979935353314
"869",2022-03-12 00:05:40,1,338,200,51.1282792943385,5.27682393465282
"870",2022-03-12 00:05:45,1,338,200,51.0993660988286,4.57841125300231
"871",2022-03-12 00:05:50,1,338,200,51.4268375391288,5.25066918225342
"872",2022-03-12 00:05:55,1,338,200,51.9196196917558,5.63682323517739
"873",2022-03-12 00:06:00,1,338,200,50.6361046198343,5.09912935993865
"874",2022-03-12 00:06:05,1,338,200,51.3344592763655,5.03141265717325
"875",2022-03-12 00:06:10,1,338,200,51.3535176123382,5.29479992598327
"876",2022-03-12 00:06:15,1,338,200,51.23977809922,5.99486780784457
"877",2022-03-12 00:06:20,1,338,200,51.319106158844,4.95929157927552
"878",2022-03-12 00:06:25,1,338,200,51.2753762169972,5.57503168421996
"879",2022-03-12 00:06:30,1,338,200,51.2802264054833,5.51818861805474
"880",2022-03-12 00:06:35,1,338,200,51.4477196762835,5.53812108068301
"881",2022-03-12 00:06:40,1,338,200,51.6958833132171,5.27758215563952
"882",2022-03-12 00:06:45,1,338,200,51.4595064269952,5.68770639967303
"883",2022-03-12 00:06:50,1,338,200,51.3438405888749,5.30458182394441
"884",2022-03-12 00:06:55,1,338,200,50.5000125452021,5.14307861360378
"885",2022-03-12 00:07:00,1,338,200,51.0148461452746,5.81585729423825
"886",2022-03-12 00:07:05,1,338,200,51.4829149213041,5.78193689512154
"887",2022-03-12 00:07:10,1,338,200,51.40012697688,5.20958872687554
"888",2022-03-12 00:07:15,1,338,200,51.2432371893502,5.63001838113317
"889",2022-03-12 00:07:20,1,338,200,51.6803034519569,5.8723643514567
"890",2022-03-12 00:07:25,1,338,200,50.9129896224762,5.42661589533464
"891",2022-03-12 00:07:30,1,338,200,51.1970650892988,5.49708461709386
"892",2022-03-12 00:07:35,1,338,200,50.864241649482,5.20089881511127
"893",2022-03-12 00:07:40,1,338,200,51.3284725060977,5.7292885446125
"894",2022-03-12 00:07:45,1,338,200,50.4714834251446,5.81112728771366
"895",2022-03-12 00:07:50,1,338,200,50.5849502224005,5.33316848099897
"896",2022-03-12 00:07:55,1,338,200,51.6155075254052,5.65576753267089
"897",2022-03-12 00:08:00,1,338,200,51.374907299648,5.60182705392983
"898",2022-03-12 00:08:05,1,338,200,50.7208418233919,4.944108195109
"899",2022-03-12 00:08:10,1,338,200,50.695973346791,5.74220438264388
"900",2022-03-12 00:08:15,1,338,200,50.8977382601451,5.66691321669132
"901",2022-03-12 00:08:20,1,338,200,51.3147636008586,5.50504144423909
"902",2022-03-12 00:08:25,1,338,200,50.4175709630631,5.62866687874643
"903",2022-03-12 00:08:30,1,338,200,51.7717569881837,5.63213956309811
"904",2022-03-12 00:08:35,1,338,200,51.1052073835835,5.52493809548544
"905",2022-03-12 00:08:40,1,338,200,51.0021483388787,6.06792052053312
"906",2022-03-12 00:08:45,1,338,200,51.4627505977883,5.61389973967543
"907",2022-03-12 00:08:50,1,338,200,50.9463775643002,5.4859797540961
"908",2022-03-12 00:08:55,1,338,200,51.6171804080738,5.65872088991774
"909",2022-03-12 00:09:00,1,338,200,50.8312859452404,4.94398158529654
"910",2022-03-12 00:09:05,1,338,200,51.1906784749604,5.25486448911262
"911",2022-03-12 00:09:10,1,338,200,51.072893466398,5.85037382066512
"912",2022-03-12 00:09:15,1,338,200,50.8167875872069,5.72355522861717
"913",2022-03-12 00:09:20,1,338,200,51.6250988755824,5.04088063441517
"914",2022-03-12 00:09:25,1,338,200,50.5472406737789,5.44610416333164
"915",2022-03-12 00:09:30,1,338,200,51.2295499167217,5.41655745112167
"916",2022-03-12 00:09:35,1,338,200,51.2374153705359,5.74439049157116
"917",2022-03-12 00:09:40,1,338,200,50.1766454815302,6.04686409950962
"918",2022-03-12 00:09:45,1,338,200,51.6701130978154,6.07246916936403
"919",2022-03-12 00:09:50,1,338,200,50.6385810894786,6.02486418051005
"920",2022-03-12 00:09:55,1,338,200,51.6704663038644,5.73493212625184
"921",2022-03-12 00:10:00,1,338,200,50.2031743524086,5.56124949150135
"922",2022-03-12 00:10:05,1,338,200,51.2290905711836,5.50009970055932
"923",2022-03-12 00:10:10,1,338,200,50.9440557468068,5.93472223906022
"924",2022-03-12 00:10:15,1,338,200,51.5342830492082,5.30336650405872
"925",2022-03-12 00:10:20,1,338,200,50.2358112377516,5.63196773428532
"926",2022-03-12 00:10:25,1,338,200,51.5345487426937,5.21488310513756
"927",2022-03-12 00:10:30,1,338,200,51.7720526205372,5.62369034600064
"928",2022-03-12 00:10:35,1,338,200,51.7467082480448,5.29935420834341
"929",2022-03-12 00:10:40,1,338,200,50.7139172009632,5.13578853560059
"930",2022-03-12 00:10:45,1,338,200,52.029008997241,5.43019616322841
"931",2022-03-12 00:10:50,1,338,200,51.5069810140623,5.2197385038605
"932",2022-03-12 00:10:55,1,338,200,51.0257620465524,4.91912997865096
"933",2022-03-12 00:11:00,1,338,200,51.6677857580732,5.29295059996354
"934",2022-03-12 00:11:05,1,338,200,51.0744195702034,5.7920805810404
"935",2022-03-12 00:11:10,1,338,200,51.3906286322034,5.03560255600406
"936",2022-03-12 00:11:15,1,338,200,50.9688890015279,4.97086159052654
"937",2022-03-12 00:11:20,1,338,200,51.5157547351363,5.41736735959051
"938",2022-03-12 00:11:25,1,338,200,51.782265939719,5.36560789469395
"939",2022-03-12 00:11:30,1,338,200,51.1859090521711,5.16003735900734
"940",2022-03-12 00:11:35,1,338,200,50.3832030337669,5.80024783620164
"941",2022-03-12 00:11:40,1,338,200,51.231455165267,5.33434877841332
"942",2022-03-12 00:11:45,1,338,200,51.409847707633,5.17065203255987
"943",2022-03-12 00:11:50,1,338,200,51.577221159829,5.16785045369248
"944",2022-03-12 00:11:55,1,338,200,50.8095028873942,5.59992419377609
"945",2022-03-12 00:12:00,1,338,200,50.6310017776384,5.17066882079655
"946",2022-03-12 00:12:05,1,338,200,50.9273933983128,5.50514846352652
"947",2022-03-12 00:12:10,1,338,200,50.9733524626375,5.66874645548716
"948",2022-03-12 00:12:15,1,338,200,50.8165692960625,5.72198809412421
"949",2022-03-12 00:12:20,1,338,200,49.8158009682689,5.21566859127595
"950",2022-03-12 00:12:25,1,338,200,50.5980082382188,5.62124803411001
"951",2022-03-12 00:12:30,1,338,200,51.3442096434749,4.93385081032044
"952",2022-03-12 00:12:35,1,338,200,51.0779717363131,5.01643686228145
"953",2022-03-12 00:12:40,1,338,200,51.7244637199925,5.58734899648209
"954",2022-03-12 00:12:45,1,338,200,51.3140058913563,5.15890893496609
"955",2022-03-12 00:12:50,1,338,200,50.8838743356349,5.50792452130443
"956",2022-03-12 00:12:55,1,338,200,51.1587667186952,5.54006747707375
"957",2022-03-12 00:13:00,1,338,200,49.9741863798579,5.56999206288076
"958",2022-03-12 00:13:05,1,338,200,51.8811599303498,5.31807875687091
"959",2022-03-12 00:13:10,1,338,200,50.8723470702407,5.22473922360075
"960",2022-03-12 00:13:15,1,338,200,50.3668551217066,6.09031026965485
"961",2022-03-12 00:13:20,1,338,200,51.7516592127499,5.31123955475706
"962",2022-03-12 00:13:25,1,338,200,51.4172386926129,5.79974544332351
"963",2022-03-12 00:13:30,1,338,200,50.9875585212907,5.06031709051296
"964",2022-03-12 00:13:35,1,338,200,51.3811742850457,5.49927310832126
"965",2022-03-12 00:13:40,1,338,200,51.1106239611927,4.8837026513992
"966",2022-03-12 00:13:45,1,338,200,51.9032893494497,5.3835549733161
"967",2022-03-12 00:13:50,1,338,200,50.7913698631116,5.29876062373581
"968",2022-03-12 00:13:55,1,338,200,51.2319816639197,5.39989286123028
"969",2022-03-12 00:14:00,1,338,200,51.1989728233995,5.43900618404941
"970",2022-03-12 00:14:05,1,338,200,50.2774866376265,5.07047263797411
"971",2022-03-12 00:14:10,1,338,200,51.082100369441,5.27817213961003
"972",2022-03-12 00:14:15,1,338,200,50.7160457976295,5.87457308792454
"973",2022-03-12 00:14:20,1,338,200,52.2135261100099,5.16661367278953
"974",2022-03-12 00:14:25,1,338,200,51.782278903887,6.02346469719199
"975",2022-03-12 00:14:30,1,338,200,51.3943681467298,4.51064130044809
"976",2022-03-12 00:14:35,1,338,200,50.9048424159381,5.41941881729013
"977",2022-03-12 00:14:40,1,338,200,50.3632675920922,5.33030984776999
"978",2022-03-12 00:14:45,1,338,200,50.895082431785,5.29769367145146
"979",2022-03-12 00:14:50,1,338,200,50.9382336334446,5.30526765270098
"980",2022-03-12 00:14:55,1,338,200,50.6840197671148,5.70538341938058
"981",2022-03-12 00:15:00,1,338,200,50.628022535579,5.67473181848198
"982",2022-03-12 00:15:05,1,338,200,51.4306421251613,5.43139802000067
"983",2022-03-12 00:15:10,1,338,200,51.6373483578949,5.77047535969881
"984",2022-03-12 00:15:15,1,338,200,50.5539993685071,5.03248798178859
"985",2022-03-12 00:15:20,1,338,200,50.0002684318612,5.30048609793475
"986",2022-03-12 00:15:25,1,338,200,51.979023573319,5.12527758663913
"987",2022-03-12 00:15:30,1,338,200,50.7156339309906,5.856004211082
"988",2022-03-12 00:15:35,1,338,200,51.6049300606542,5.31226249124817
"989",2022-03-12 00:15:40,1,338,200,50.7956960881253,5.67467042500421
"990",2022-03-12 00:15:45,1,338,200,51.8845681801144,4.66339212957176
"991",2022-03-12 00:15:50,1,338,200,51.6090044227559,4.95874056419779
"992",2022-03-12 00:15:55,1,338,200,52.0508165164196,5.47503832961249
"993",2022-03-12 00:16:00,1,338,200,51.3888368415522,4.95262461960794
"994",2022-03-12 00:16:05,1,338,200,50.7690356311683,5.85784721980977
"995",2022-03-12 00:16:10,1,338,200,51.7209751053731,4.71759851690527
"996",2022-03-12 00:16:15,1,338,200,50.4465970531198,5.40116046092289
"997",2022-03-12 00:16:20,1,338,200,51.0811544024486,5.71927677955037
"998",2022-03-12 00:16:25,1,338,200,50.9946792816113,4.28755465328556
"999",2022-03-12 00:16:30,1,338,200,51.174878726554,5.04432390722875
"1000",2022-03-12 00:16:35,1,338,200,51.5017273246521,5.32838433386079
"1001",2022-03-13 00:00:00,1,338,300,51.1375352595141,4.5254095189881
"1002",2022-03-13 00:00:05,1,338,300,50.5284545181165,4.27475382806778
"1003",2022-03-13 00:00:10,1,338,300,50.6942684889798,4.37979563423518
"1004",2022-03-13 00:00:15,1,338,300,49.8421559334181,4.43421292620535
"1005",2022-03-13 00:00:20,1,338,300,51.5029701650258,5.2245246452487
"1006",2022-03-13 00:00:25,1,338,300,51.062957951576,4.37494386629596
"1007",2022-03-13 00:00:30,1,338,300,50.9920358357235,4.30958498847872
"1008",2022-03-13 00:00:35,1,338,300,50.6400731987277,4.46314633100289
"1009",2022-03-13 00:00:40,1,338,300,51.2168898928794,4.81048564415955
"1010",2022-03-13 00:00:45,1,338,300,52.3153395523035,5.391875452873
"1011",2022-03-13 00:00:50,1,338,300,50.6127192619868,4.33332731025929
"1012",2022-03-13 00:00:55,1,338,300,50.4676712619073,4.14544306672876
"1013",2022-03-13 00:01:00,1,338,300,51.7691223029081,4.83491338904852
"1014",2022-03-13 00:01:05,1,338,300,50.5457483965217,4.94572340267288
"1015",2022-03-13 00:01:10,1,338,300,51.0354726717898,4.59807925365168
"1016",2022-03-13 00:01:15,1,338,300,52.0559980628762,4.54549039411258
"1017",2022-03-13 00:01:20,1,338,300,51.0772712219078,4.72267204511063
"1018",2022-03-13 00:01:25,1,338,300,50.570440890113,4.94386951266882
"1019",2022-03-13 00:01:30,1,338,300,50.6172298875654,4.08319423875109
"1020",2022-03-13 00:01:35,1,338,300,51.4676131159372,4.99334404771058
"1021",2022-03-13 00:01:40,1,338,300,52.6011439283644,4.65519873427473
"1022",2022-03-13 00:01:45,1,338,300,50.4385112875945,4.73814718678491
"1023",2022-03-13 00:01:50,1,338,300,50.4997502887276,4.44301528667067
"1024",2022-03-13 00:01:55,1,338,300,51.4687343042268,4.42399161449208
"1025",2022-03-13 00:02:00,1,338,300,52.0787541438625,4.60096740504136
"1026",2022-03-13 00:02:05,1,338,300,51.2449806757688,4.37334022454557
"1027",2022-03-13 00:02:10,1,338,300,50.7958045484687,5.07134542416211
"1028",2022-03-13 00:02:15,1,338,300,51.80462721478,4.61082295545879
"1029",2022-03-13 00:02:20,1,338,300,51.1495028818819,4.92016855748201
"1030",2022-03-13 00:02:25,1,338,300,51.5519645578471,4.2849873010905
"1031",2022-03-13 00:02:30,1,338,300,50.7473867168756,4.94491902659387
"1032",2022-03-13 00:02:35,1,338,300,50.733525464467,4.5308739974981
"1033",2022-03-13 00:02:40,1,338,300,51.7505485616807,4.45962664262726
"1034",2022-03-13 00:02:45,1,338,300,49.9655598104857,4.86106427982032
"1035",2022-03-13 00:02:50,1,338,300,51.9179231792437,4.38320009982157
"1036",2022-03-13 00:02:55,1,338,300,50.4887056933084,5.37521460464104
"1037",2022-03-13 00:03:00,1,338,300,50.963582845939,4.41496774172054
"1038",2022-03-13 00:03:05,1,338,300,50.536909606306,5.07465165691477
"1039",2022-03-13 00:03:10,1,338,300,51.2033161031829,4.72395212111429
"1040",2022-03-13 00:03:15,1,338,300,51.3951642401246,4.75271864418251
"1041",2022-03-13 00:03:20,1,338,300,50.3906254206034,5.28506026776672
"1042",2022-03-13 00:03:25,1,338,300,52.0222659267357,4.37033959203715
"1043",2022-03-13 00:03:30,1,338,300,51.2569738580308,5.08253750114965
"1044",2022-03-13 00:03:35,1,338,300,51.0063257681848,4.7758005848631
"1045",2022-03-13 00:03:40,1,338,300,51.1550026631095,4.79342349753892
"1046",2022-03-13 00:03:45,1,338,300,50.8729828554399,4.6713465497385
"1047",2022-03-13 00:03:50,1,338,300,51.20753422656,4.16444530406598
"1048",2022-03-13 00:03:55,1,338,300,52.3752071557517,5.23591778748889
"1049",2022-03-13 00:04:00,1,338,300,50.9782438405379,4.12240110629635
"1050",2022-03-13 00:04:05,1,338,300,50.5567409305555,4.99112727730808
"1051",2022-03-13 00:04:10,1,338,300,51.6100608016788,4.24143912842177
"1052",2022-03-13 00:04:15,1,338,300,51.8839438994088,4.70614182148783
"1053",2022-03-13 00:04:20,1,338,300,51.4700487956454,4.67756803127947
"1054",2022-03-13 00:04:25,1,338,300,51.443471006662,4.50927691000999
"1055",2022-03-13 00:04:30,1,338,300,50.8887794058746,4.40575668349845
"1056",2022-03-13 00:04:35,1,338,300,51.3852766752362,4.52098344957618
"1057",2022-03-13 00:04:40,1,338,300,51.1179618075507,4.68482834046597
"1058",2022-03-13 00:04:45,1,338,300,50.7207240504928,5.18499622173773
"1059",2022-03-13 00:04:50,1,338,300,50.5491359055893,4.45097360651089
"1060",2022-03-13 00:04:55,1,338,300,50.6315189216162,5.28574091426832
"1061",2022-03-13 00:05:00,1,338,300,52.1029682681962,4.4006464954955
"1062",2022-03-13 00:05:05,1,338,300,52.0290150764827,4.99916265261043
"1063",2022-03-13 00:05:10,1,338,300,51.1762617587879,4.23390298095856
"1064",2022-03-13 00:05:15,1,338,300,51.3253221648712,4.61426511847405
"1065",2022-03-13 00:05:20,1,338,300,51.2783444659476,4.6038961953619
"1066",2022-03-13 00:05:25,1,338,300,51.4477990814824,4.97967303620916
"1067",2022-03-13 00:05:30,1,338,300,50.5791837122673,4.50162269881926
"1068",2022-03-13 00:05:35,1,338,300,51.2915967664786,4.54571587168263
"1069",2022-03-13 00:05:40,1,338,300,51.0629498537755,4.58905468400945
"1070",2022-03-13 00:05:45,1,338,300,52.4815872492203,4.57401883575969
"1071",2022-03-13 00:05:50,1,338,300,50.7064130682093,4.5429232791192
"1072",2022-03-13 00:05:55,1,338,300,51.2467736595126,4.63403002276883
"1073",2022-03-13 00:06:00,1,338,300,49.9190687131804,4.77472907898043
"1074",2022-03-13 00:06:05,1,338,300,51.4681267338031,4.53105489214262
"1075",2022-03-13 00:06:10,1,338,300,50.9891411324782,4.23386273634667
"1076",2022-03-13 00:06:15,1,338,300,50.8258752291155,4.66933708786111
"1077",2022-03-13 00:06:20,1,338,300,50.8266289358903,4.65843694580483
"1078",2022-03-13 00:06:25,1,338,300,50.4289083712507,4.45181031618953
"1079",2022-03-13 00:06:30,1,338,300,50.8337836800647,4.33220650547844
"1080",2022-03-13 00:06:35,1,338,300,50.4289357266027,4.59498991307608
"1081",2022-03-13 00:06:40,1,338,300,50.7755713771822,5.09065818050747
"1082",2022-03-13 00:06:45,1,338,300,51.0458280001492,4.79928343637157
"1083",2022-03-13 00:06:50,1,338,300,50.9401918600612,4.7750092544375
"1084",2022-03-13 00:06:55,1,338,300,51.2864067120231,4.77302319144589
"1085",2022-03-13 00:07:00,1,338,300,50.9038925648038,4.53693819380228
"1086",2022-03-13 00:07:05,1,338,300,51.4470794830743,4.47052695876053
"1087",2022-03-13 00:07:10,1,338,300,50.988066197365,4.66623160814441
"1088",2022-03-13 00:07:15,1,338,300,50.9045200200203,4.76415616891397
"1089",2022-03-13 00:07:20,1,338,300,51.6323823972112,4.41487980335698
"1090",2022-03-13 00:07:25,1,338,300,50.2733384278848,5.05933981417939
"1091",2022-03-13 00:07:30,1,338,300,50.9758218439978,4.68760426299373
"1092",2022-03-13 00:07:35,1,338,300,51.0806814479269,5.31125086918667
"1093",2022-03-13 00:07:40,1,338,300,50.9719465933934,4.47450747192544
"1094",2022-03-13 00:07:45,1,338,300,51.7242725319057,4.83009449301544
"1095",2022-03-13 00:07:50,1,338,300,51.4417269108117,4.27125478014604
"1096",2022-03-13 00:07:55,1,338,300,50.6868423263092,4.87557329179536
"1097",2022-03-13 00:08:00,1,338,300,51.669339244138,4.69232020793334
"1098",2022-03-13 00:08:05,1,338,300,51.5573311399637,4.72868884754397
"1099",2022-03-13 00:08:10,1,338,300,50.8046116846001,4.87594536198494
"1100",2022-03-13 00:08:15,1,338,300,51.554361184677,4.42606789735985
"1101",2022-03-13 00:08:20,1,338,300,50.9865722650178,4.90352989142473
"1102",2022-03-13 00:08:25,1,338,300,51.1454468840639,4.84807019523449
"1103",2022-03-13 00:08:30,1,338,300,50.8654165866797,4.26171364236608
"1104",2022-03-13 00:08:35,1,338,300,50.3795248409102,4.73570221882512
"1105",2022-03-13 00:08:40,1,338,300,51.3634617614298,4.82968536890019
"1106",2022-03-13 00:08:45,1,338,300,50.9281591286827,3.8405675095942
"1107",2022-03-13 00:08:50,1,338,300,50.8357242105918,4.48043831503977
"1108",2022-03-13 00:08:55,1,338,300,50.740356061345,4.40747603540915
"1109",2022-03-13 00:09:00,1,338,300,51.8495437368674,4.53733707616999
"1110",2022-03-13 00:09:05,1,338,300,52.313289332833,4.86869598086563
"1111",2022-03-13 00:09:10,1,338,300,51.6053856759847,4.77477806343218
"1112",2022-03-13 00:09:15,1,338,300,51.8496263497941,4.23172162683828
"1113",2022-03-13 00:09:20,1,338,300,50.8245035882385,4.2290707088292
"1114",2022-03-13 00:09:25,1,338,300,51.529578017798,4.2553805749997
"1115",2022-03-13 00:09:30,1,338,300,51.4094210548228,4.28179489003504
"1116",2022-03-13 00:09:35,1,338,300,51.0497544137259,4.6752268574117
"1117",2022-03-13 00:09:40,1,338,300,51.1770923184077,4.42955415591181
"1118",2022-03-13 00:09:45,1,338,300,51.3629229946835,4.91176178251886
"1119",2022-03-13 00:09:50,1,338,300,50.9278524990013,5.11459757585226
"1120",2022-03-13 00:09:55,1,338,300,51.1556413741281,4.56362424458294
"1121",2022-03-13 00:10:00,1,338,300,50.5197832925959,4.92315027856981
"1122",2022-03-13 00:10:05,1,338,300,50.8067408273583,4.97918140479455
"1123",2022-03-13 00:10:10,1,338,300,51.1993044650812,5.37597888514646
"1124",2022-03-13 00:10:15,1,338,300,51.3430857672065,4.26667001110066
"1125",2022-03-13 00:10:20,1,338,300,51.7832700064912,4.81199282035699
"1126",2022-03-13 00:10:25,1,338,300,51.4748708861488,4.97381459842254
"1127",2022-03-13 00:10:30,1,338,300,51.4298843920818,4.86461336489899
"1128",2022-03-13 00:10:35,1,338,300,50.7665044547981,4.84368701207811
"1129",2022-03-13 00:10:40,1,338,300,51.5742741800322,5.0943792208615
"1130",2022-03-13 00:10:45,1,338,300,50.7443487339235,5.0236946715941
"1131",2022-03-13 00:10:50,1,338,300,52.1538033169667,4.27388512540469
"1132",2022-03-13 00:10:55,1,338,300,51.4838131488672,4.76028344856188
"1133",2022-03-13 00:11:00,1,338,300,51.7106931128115,4.34303411937834
"1134",2022-03-13 00:11:05,1,338,300,52.1078422344129,5.01547802742203
"1135",2022-03-13 00:11:10,1,338,300,51.568225700942,4.86627347632167
"1136",2022-03-13 00:11:15,1,338,300,51.1586557875287,4.60253654219048
"1137",2022-03-13 00:11:20,1,338,300,50.9391019726083,4.62069672387299
"1138",2022-03-13 00:11:25,1,338,300,50.9572323447878,4.36026359373306
"1139",2022-03-13 00:11:30,1,338,300,51.831356022115,4.52765919329146
"1140",2022-03-13 00:11:35,1,338,300,52.5366445716732,4.57208968734941
"1141",2022-03-13 00:11:40,1,338,300,51.1392455582438,4.7206921334298
"1142",2022-03-13 00:11:45,1,338,300,50.807107324811,4.82934490059628
"1143",2022-03-13 00:11:50,1,338,300,50.8302877024584,4.38337630389833
"1144",2022-03-13 00:11:55,1,338,300,51.7926459868179,4.45669133239691
"1145",2022-03-13 00:12:00,1,338,300,50.2570653334351,3.97382028339291
"1146",2022-03-13 00:12:05,1,338,300,50.8977879834412,4.61768394972861
"1147",2022-03-13 00:12:10,1,338,300,50.223468675947,4.71140279231168
"1148",2022-03-13 00:12:15,1,338,300,51.400167031991,4.19412582042523
"1149",2022-03-13 00:12:20,1,338,300,50.7932652646949,4.75378866135806
"1150",2022-03-13 00:12:25,1,338,300,51.7818166560165,4.9707075438746
"1151",2022-03-13 00:12:30,1,338,300,51.2735038308537,4.95394813798583
"1152",2022-03-13 00:12:35,1,338,300,51.3428800295682,4.30372235388089
"1153",2022-03-13 00:12:40,1,338,300,51.6797471940814,4.38078970326801
"1154",2022-03-13 00:12:45,1,338,300,51.2603871586344,5.08785254377673
"1155",2022-03-13 00:12:50,1,338,300,50.9744593640023,4.76860790958363
"1156",2022-03-13 00:12:55,1,338,300,51.2021640006061,5.3223967972108
"1157",2022-03-13 00:13:00,1,338,300,50.9160276994238,4.27823398675736
"1158",2022-03-13 00:13:05,1,338,300,51.5448519090527,3.96757136841383
"1159",2022-03-13 00:13:10,1,338,300,51.2686257211941,4.6872761979561
"1160",2022-03-13 00:13:15,1,338,300,51.0595146254289,4.96837189596465
"1161",2022-03-13 00:13:20,1,338,300,50.7025328660383,4.31022358180044
"1162",2022-03-13 00:13:25,1,338,300,50.6885458931705,4.76878512878747
"1163",2022-03-13 00:13:30,1,338,300,51.7917457817403,5.0589072765307
"1164",2022-03-13 00:13:35,1,338,300,51.3263688184615,4.52829787487564
"1165",2022-03-13 00:13:40,1,338,300,51.7492966944534,4.70971657553085
"1166",2022-03-13 00:13:45,1,338,300,51.709504630615,4.38637468400623
"1167",2022-03-13 00:13:50,1,338,300,51.5777631318155,4.79255946850002
"1168",2022-03-13 00:13:55,1,338,300,51.3491828234393,5.04641681074112
"1169",2022-03-13 00:14:00,1,338,300,50.7924720392865,4.6536965073391
"1170",2022-03-13 00:14:05,1,338,300,51.4050265486564,4.89478873021348
"1171",2022-03-13 00:14:10,1,338,300,51.6861452196666,4.56785011077318
"1172",2022-03-13 00:14:15,1,338,300,52.7263085689322,4.67082238328723
"1173",2022-03-13 00:14:20,1,338,300,51.0035636148511,4.48915942297986
"1174",2022-03-13 00:14:25,1,338,300,51.243278088313,4.3519756159678
"1175",2022-03-13 00:14:30,1,338,300,51.249277724679,4.93733987010828
"1176",2022-03-13 00:14:35,1,338,300,51.6748632927087,4.78614823378312
"1177",2022-03-13 00:14:40,1,338,300,52.8456956606807,4.4502567389425
"1178",2022-03-13 00:14:45,1,338,300,51.0954853743706,4.8038095532871
"1179",2022-03-13 00:14:50,1,338,300,51.2210984363219,4.79427353890062
"1180",2022-03-13 00:14:55,1,338,300,51.6096767195956,4.17339672501763
"1181",2022-03-13 00:15:00,1,338,300,51.2544080470864,4.55848454094027
"1182",2022-03-13 00:15:05,1,338,300,50.920289908974,4.63567338885115
"1183",2022-03-13 00:15:10,1,338,300,50.2629413216216,4.73924080942738
"1184",2022-03-13 00:15:15,1,338,300,51.5203845966268,4.97998496353024
"1185",2022-03-13 00:15:20,1,338,300,50.9844082781602,4.37421703898136
"1186",2022-03-13 00:15:25,1,338,300,51.5290880154595,4.9557858133956
"1187",2022-03-13 00:15:30,1,338,300,50.5051321739268,4.75214565082492
"1188",2022-03-13 00:15:35,1,338,300,50.3525235345568,4.42548309354346
"1189",2022-03-13 00:15:40,1,338,300,51.4621332327827,4.91446482458077
"1190",2022-03-13 00:15:45,1,338,300,50.7891205681978,4.94213931763686
"1191",2022-03-13 00:15:50,1,338,300,50.5811058037122,4.88373900463886
"1192",2022-03-13 00:15:55,1,338,300,50.7313511360093,4.5026967866668
"1193",2022-03-13 00:16:00,1,338,300,52.0064307167043,4.82167547769576
"1194",2022-03-13 00:16:05,1,338,300,51.4033066635106,4.53713764174792
"1195",2022-03-13 00:16:10,1,338,300,51.4020466659932,4.97966144737357
"1196",2022-03-13 00:16:15,1,338,300,50.7884922974509,4.67144743756779
"1197",2022-03-13 00:16:20,1,338,300,51.5317615448678,4.73093150594868
"1198",2022-03-13 00:16:25,1,338,300,50.6497890279962,4.29093868961496
"1199",2022-03-13 00:16:30,1,338,300,51.8710901300985,4.2414461602578
"1200",2022-03-13 00:16:35,1,338,300,50.5651749315554,4.58166082800923
"1201",2022-03-14 00:00:00,1,373,100,51.0976342339301,5.99772247144106
"1202",2022-03-14 00:00:05,1,373,100,51.4941658176334,6.04956552126075
"1203",2022-03-14 00:00:10,1,373,100,50.536883142486,5.81999046803935
"1204",2022-03-14 00:00:15,1,373,100,50.8569948027725,5.74876880737767
"1205",2022-03-14 00:00:20,1,373,100,51.0706768905359,6.56787720809282
"1206",2022-03-14 00:00:25,1,373,100,49.7062799718025,6.64586519535267
"1207",2022-03-14 00:00:30,1,373,100,50.7277519305074,6.49416714300992
"1208",2022-03-14 00:00:35,1,373,100,51.0990272625056,5.51298457675626
"1209",2022-03-14 00:00:40,1,373,100,51.4425775121245,5.66141985267872
"1210",2022-03-14 00:00:45,1,373,100,50.975613177858,5.75965323529865
"1211",2022-03-14 00:00:50,1,373,100,50.7624390892428,6.65710590102354
"1212",2022-03-14 00:00:55,1,373,100,50.8523881391434,6.28892596860582
"1213",2022-03-14 00:01:00,1,373,100,50.7876321510702,6.58836118505204
"1214",2022-03-14 00:01:05,1,373,100,50.1981320606941,5.69902045194005
"1215",2022-03-14 00:01:10,1,373,100,50.812615707129,6.21335527082489
"1216",2022-03-14 00:01:15,1,373,100,50.5748049699641,5.88599008118559
"1217",2022-03-14 00:01:20,1,373,100,51.1431078139175,5.48374225275592
"1218",2022-03-14 00:01:25,1,373,100,51.1211326243687,5.71634804540128
"1219",2022-03-14 00:01:30,1,373,100,50.4857286863964,6.2310735920124
"1220",2022-03-14 00:01:35,1,373,100,51.299701089603,6.22700973941548
"1221",2022-03-14 00:01:40,1,373,100,51.1556078034827,5.94896350703444
"1222",2022-03-14 00:01:45,1,373,100,52.6070530960147,5.72698343630127
"1223",2022-03-14 00:01:50,1,373,100,50.8191127910894,5.71270905497775
"1224",2022-03-14 00:01:55,1,373,100,51.5945655823125,6.33982851230209
"1225",2022-03-14 00:02:00,1,373,100,51.5722605219618,6.25801530610281
"1226",2022-03-14 00:02:05,1,373,100,52.0427924028451,6.48317421657606
"1227",2022-03-14 00:02:10,1,373,100,50.578643329444,6.36693865985334
"1228",2022-03-14 00:02:15,1,373,100,50.8379647261098,6.69055450780651
"1229",2022-03-14 00:02:20,1,373,100,52.4630163698073,6.35465195927548
"1230",2022-03-14 00:02:25,1,373,100,51.271175031293,6.56567725182893
"1231",2022-03-14 00:02:30,1,373,100,50.8283010058715,5.94297395774558
"1232",2022-03-14 00:02:35,1,373,100,51.0952807898612,6.32916841254421
"1233",2022-03-14 00:02:40,1,373,100,51.2406928499304,5.5983237740823
"1234",2022-03-14 00:02:45,1,373,100,51.2164836498244,5.53886853260405
"1235",2022-03-14 00:02:50,1,373,100,51.4383892337987,6.55070667092727
"1236",2022-03-14 00:02:55,1,373,100,51.2863657412496,6.01166198761569
"1237",2022-03-14 00:03:00,1,373,100,51.7701143314403,6.15434621132127
"1238",2022-03-14 00:03:05,1,373,100,50.9885295044227,6.70167095790442
"1239",2022-03-14 00:03:10,1,373,100,51.2537630657373,6.65382780446209
"1240",2022-03-14 00:03:15,1,373,100,51.4275205675528,6.50233439567476
"1241",2022-03-14 00:03:20,1,373,100,51.4387560726052,5.89833659445712
"1242",2022-03-14 00:03:25,1,373,100,50.8639585445086,6.40659426166825
"1243",2022-03-14 00:03:30,1,373,100,51.1891829217329,5.84964278998894
"1244",2022-03-14 00:03:35,1,373,100,51.0937235080383,6.41034954233746
"1245",2022-03-14 00:03:40,1,373,100,51.4612170893491,6.19585375461425
"1246",2022-03-14 00:03:45,1,373,100,50.8310562409757,5.96651697349929
"1247",2022-03-14 00:03:50,1,373,100,50.7781070215461,6.28432008813398
"1248",2022-03-14 00:03:55,1,373,100,50.7989647886157,5.62101628947297
"1249",2022-03-14 00:04:00,1,373,100,51.3917418340115,5.81792030686873
"1250",2022-03-14 00:04:05,1,373,100,51.4239528949907,6.28296585055856
"1251",2022-03-14 00:04:10,1,373,100,51.8979671839825,5.94179647710972
"1252",2022-03-14 00:04:15,1,373,100,51.0081691827307,6.1872811005699
"1253",2022-03-14 00:04:20,1,373,100,51.6329763230082,6.26920021470202
"1254",2022-03-14 00:04:25,1,373,100,51.1599370012658,6.1126883262048
"1255",2022-03-14 00:04:30,1,373,100,52.100178726186,5.93013467671258
"1256",2022-03-14 00:04:35,1,373,100,51.2184258582129,6.69275054169924
"1257",2022-03-14 00:04:40,1,373,100,50.2069751746269,6.17702797747936
"1258",2022-03-14 00:04:45,1,373,100,51.0290061736448,5.89982500540081
"1259",2022-03-14 00:04:50,1,373,100,50.9879285453572,6.63647649704489
"1260",2022-03-14 00:04:55,1,373,100,51.4102130283723,5.78257666659262
"1261",2022-03-14 00:05:00,1,373,100,50.9636441602162,6.2523492274565
"1262",2022-03-14 00:05:05,1,373,100,51.7093020605809,6.01291495567268
"1263",2022-03-14 00:05:10,1,373,100,51.5152931415985,5.5860700563421
"1264",2022-03-14 00:05:15,1,373,100,52.1407835607126,6.24417801617747
"1265",2022-03-14 00:05:20,1,373,100,49.8198926565303,5.8031847271859
"1266",2022-03-14 00:05:25,1,373,100,52.0765109862485,6.31297685856964
"1267",2022-03-14 00:05:30,1,373,100,51.1660791559839,6.16185400538792
"1268",2022-03-14 00:05:35,1,373,100,51.5007361218524,6.39815442802263
"1269",2022-03-14 00:05:40,1,373,100,50.4876123333415,5.5976304782913
"1270",2022-03-14 00:05:45,1,373,100,51.3956265189525,6.13786096724578
"1271",2022-03-14 00:05:50,1,373,100,51.5219631505735,6.46836522066774
"1272",2022-03-14 00:05:55,1,373,100,50.6814625524679,5.29722814322969
"1273",2022-03-14 00:06:00,1,373,100,50.6794477680642,5.55545185028049
"1274",2022-03-14 00:06:05,1,373,100,50.9871265133959,5.78925151736668
"1275",2022-03-14 00:06:10,1,373,100,51.0877459364524,5.72089300088158
"1276",2022-03-14 00:06:15,1,373,100,51.4527358167916,6.49529229554391
"1277",2022-03-14 00:06:20,1,373,100,52.0976642504524,5.73978829013755
"1278",2022-03-14 00:06:25,1,373,100,51.5788606230174,5.88232805138997
"1279",2022-03-14 00:06:30,1,373,100,50.8182225161742,5.80614194045424
"1280",2022-03-14 00:06:35,1,373,100,50.7034740956061,5.83443787118307
"1281",2022-03-14 00:06:40,1,373,100,51.5865242361807,5.87134438747122
"1282",2022-03-14 00:06:45,1,373,100,50.8630066385944,6.44550599752373
"1283",2022-03-14 00:06:50,1,373,100,51.0957077083059,6.35622812549803
"1284",2022-03-14 00:06:55,1,373,100,51.5720872926387,6.02304797983802
"1285",2022-03-14 00:07:00,1,373,100,51.2124956376196,6.59313851145732
"1286",2022-03-14 00:07:05,1,373,100,51.8440933021677,6.54180044738537
"1287",2022-03-14 00:07:10,1,373,100,51.1273878651248,6.58963053157395
"1288",2022-03-14 00:07:15,1,373,100,51.0063228591475,6.33214275264308
"1289",2022-03-14 00:07:20,1,373,100,51.5821445789788,6.10882056450392
"1290",2022-03-14 00:07:25,1,373,100,51.1501544121641,6.18630114815974
"1291",2022-03-14 00:07:30,1,373,100,50.8199015080858,5.92441264688983
"1292",2022-03-14 00:07:35,1,373,100,51.9989646011217,6.24708899657069
"1293",2022-03-14 00:07:40,1,373,100,51.83270431228,5.95588844191505
"1294",2022-03-14 00:07:45,1,373,100,50.3028016447868,6.60845635051129
"1295",2022-03-14 00:07:50,1,373,100,52.2540224165776,6.25699918263987
"1296",2022-03-14 00:07:55,1,373,100,51.7066975080154,6.47849118715396
"1297",2022-03-14 00:08:00,1,373,100,51.6587756234667,6.46310619216831
"1298",2022-03-14 00:08:05,1,373,100,51.5796044977831,5.81546372649224
"1299",2022-03-14 00:08:10,1,373,100,50.6079944754625,6.18224556660111
"1300",2022-03-14 00:08:15,1,373,100,51.4453496357842,5.70005288376574
"1301",2022-03-14 00:08:20,1,373,100,51.225280945091,6.58925877140578
"1302",2022-03-14 00:08:25,1,373,100,51.8661987428781,6.32712460500093
"1303",2022-03-14 00:08:30,1,373,100,50.4213517851012,6.13618319440748
"1304",2022-03-14 00:08:35,1,373,100,51.0090648086962,5.96757630335557
"1305",2022-03-14 00:08:40,1,373,100,51.6115695819615,6.86683027857925
"1306",2022-03-14 00:08:45,1,373,100,51.1519767664283,6.29155285384659
"1307",2022-03-14 00:08:50,1,373,100,50.7932218059371,6.44046961571871
"1308",2022-03-14 00:08:55,1,373,100,51.0757657891771,5.7693259412425
"1309",2022-03-14 00:09:00,1,373,100,51.1750662644561,6.23288518015781
"1310",2022-03-14 00:09:05,1,373,100,51.6213514827031,6.16837315979871
"1311",2022-03-14 00:09:10,1,373,100,51.3144720151881,5.79237269961602
"1312",2022-03-14 00:09:15,1,373,100,51.4518871960882,5.84333602013954
"1313",2022-03-14 00:09:20,1,373,100,51.3183524911802,6.3449278835894
"1314",2022-03-14 00:09:25,1,373,100,51.5864711044632,6.10755576663247
"1315",2022-03-14 00:09:30,1,373,100,51.4597136461206,6.05416877037729
"1316",2022-03-14 00:09:35,1,373,100,51.8617950944067,6.75780141447064
"1317",2022-03-14 00:09:40,1,373,100,51.6976033243755,6.30140144693143
"1318",2022-03-14 00:09:45,1,373,100,49.8844453578182,5.68312359980335
"1319",2022-03-14 00:09:50,1,373,100,51.4700858897528,6.67550394438668
"1320",2022-03-14 00:09:55,1,373,100,51.4714351747842,5.22073441751281
"1321",2022-03-14 00:10:00,1,373,100,50.6559634569159,6.40646254407114
"1322",2022-03-14 00:10:05,1,373,100,51.7119524584259,6.38358241529431
"1323",2022-03-14 00:10:10,1,373,100,51.1418575548821,6.26604201180078
"1324",2022-03-14 00:10:15,1,373,100,50.4414504827738,5.96997305079203
"1325",2022-03-14 00:10:20,1,373,100,51.1863826673043,6.08348598160948
"1326",2022-03-14 00:10:25,1,373,100,51.5409704806642,6.8971268223605
"1327",2022-03-14 00:10:30,1,373,100,51.2772092497073,6.22221581797489
"1328",2022-03-14 00:10:35,1,373,100,51.6977885989371,5.89569565343039
"1329",2022-03-14 00:10:40,1,373,100,50.600976382742,5.84252724521634
"1330",2022-03-14 00:10:45,1,373,100,51.0212571760719,5.28632003958968
"1331",2022-03-14 00:10:50,1,373,100,51.3278716171283,5.91263990071995
"1332",2022-03-14 00:10:55,1,373,100,50.7043167458603,6.31327715867286
"1333",2022-03-14 00:11:00,1,373,100,52.0368616124589,5.88099958549316
"1334",2022-03-14 00:11:05,1,373,100,51.3646612684598,6.35768658176272
"1335",2022-03-14 00:11:10,1,373,100,51.4521142970556,6.40623947641766
"1336",2022-03-14 00:11:15,1,373,100,51.3365269730689,6.17076546886705
"1337",2022-03-14 00:11:20,1,373,100,51.1506958539007,6.34366405757967
"1338",2022-03-14 00:11:25,1,373,100,50.8622356059331,6.275563628848
"1339",2022-03-14 00:11:30,1,373,100,51.1723148190849,5.57657568867589
"1340",2022-03-14 00:11:35,1,373,100,51.5206477301782,6.25763582114101
"1341",2022-03-14 00:11:40,1,373,100,52.0850871872733,6.0626358530184
"1342",2022-03-14 00:11:45,1,373,100,52.0111897384917,5.90972954279329
"1343",2022-03-14 00:11:50,1,373,100,50.9734933187013,6.5368318087697
"1344",2022-03-14 00:11:55,1,373,100,50.4045213178955,5.57889965907167
"1345",2022-03-14 00:12:00,1,373,100,51.6378972075286,5.68707953881156
"1346",2022-03-14 00:12:05,1,373,100,51.3843703327608,6.9296735416021
"1347",2022-03-14 00:12:10,1,373,100,50.9734071578221,5.70970200638773
"1348",2022-03-14 00:12:15,1,373,100,50.902774584071,6.63232068180635
"1349",2022-03-14 00:12:20,1,373,100,50.5669614244751,5.87893909828831
"1350",2022-03-14 00:12:25,1,373,100,51.0069159484199,6.40976803133769
"1351",2022-03-14 00:12:30,1,373,100,52.0487672458297,5.9336123265892
"1352",2022-03-14 00:12:35,1,373,100,51.7928722924758,5.91825704916864
"1353",2022-03-14 00:12:40,1,373,100,51.5514219737834,6.43061706037514
"1354",2022-03-14 00:12:45,1,373,100,51.1150897222221,6.47940797893875
"1355",2022-03-14 00:12:50,1,373,100,51.3651829364974,5.85744613902278
"1356",2022-03-14 00:12:55,1,373,100,50.5861028220465,6.29974042446371
"1357",2022-03-14 00:13:00,1,373,100,51.2396083680835,5.93957629623304
"1358",2022-03-14 00:13:05,1,373,100,51.4493688638807,5.9798054558253
"1359",2022-03-14 00:13:10,1,373,100,50.5395615517914,5.73517463833385
"1360",2022-03-14 00:13:15,1,373,100,51.817756849107,6.46033582067954
"1361",2022-03-14 00:13:20,1,373,100,51.2135477401443,6.10804636078806
"1362",2022-03-14 00:13:25,1,373,100,51.1756734655139,5.85963241049606
"1363",2022-03-14 00:13:30,1,373,100,50.0012682017834,6.02846412294271
"1364",2022-03-14 00:13:35,1,373,100,51.1363847944002,5.8609909830277
"1365",2022-03-14 00:13:40,1,373,100,50.769241044617,6.31703913145931
"1366",2022-03-14 00:13:45,1,373,100,51.5303416660211,6.17745230250369
"1367",2022-03-14 00:13:50,1,373,100,50.7592150561906,6.04388036213291
"1368",2022-03-14 00:13:55,1,373,100,50.9711624215848,6.57838643193672
"1369",2022-03-14 00:14:00,1,373,100,50.6560127590129,5.89700270582324
"1370",2022-03-14 00:14:05,1,373,100,50.799406523768,6.70040210352555
"1371",2022-03-14 00:14:10,1,373,100,50.3545613497003,6.03260108571595
"1372",2022-03-14 00:14:15,1,373,100,50.9379986354037,6.03331253653783
"1373",2022-03-14 00:14:20,1,373,100,52.4206834119622,6.05959223503391
"1374",2022-03-14 00:14:25,1,373,100,51.0138135583831,5.81952648194413
"1375",2022-03-14 00:14:30,1,373,100,51.3705374059389,6.65996962127953
"1376",2022-03-14 00:14:35,1,373,100,51.6319515196714,6.63306358063881
"1377",2022-03-14 00:14:40,1,373,100,51.0531421755337,6.1593755184526
"1378",2022-03-14 00:14:45,1,373,100,51.2573464472123,6.39672993558689
"1379",2022-03-14 00:14:50,1,373,100,51.0863080073991,5.8481567077689
"1380",2022-03-14 00:14:55,1,373,100,51.5242560930042,5.97826599331713
"1381",2022-03-14 00:15:00,1,373,100,51.4574590851449,6.32156239060236
"1382",2022-03-14 00:15:05,1,373,100,51.7587232871954,6.53407109178524
"1383",2022-03-14 00:15:10,1,373,100,52.2095321333373,5.83057331339968
"1384",2022-03-14 00:15:15,1,373,100,50.7787194491514,6.55736340524005
"1385",2022-03-14 00:15:20,1,373,100,50.857063650526,6.34507588866298
"1386",2022-03-14 00:15:25,1,373,100,51.4024968215873,6.11037789390759
"1387",2022-03-14 00:15:30,1,373,100,50.9096402167626,6.36669064422285
"1388",2022-03-14 00:15:35,1,373,100,50.5956940833347,6.12255352084804
"1389",2022-03-14 00:15:40,1,373,100,50.9452772945252,5.94105671798093
"1390",2022-03-14 00:15:45,1,373,100,51.9110939359571,6.38529059333499
"1391",2022-03-14 00:15:50,1,373,100,51.2750030167734,6.27372643744426
"1392",2022-03-14 00:15:55,1,373,100,51.7244653345886,6.41264728865935
"1393",2022-03-14 00:16:00,1,373,100,50.2401938619994,5.89392311721825
"1394",2022-03-14 00:16:05,1,373,100,51.3044733371362,5.91530994878626
"1395",2022-03-14 00:16:10,1,373,100,50.7062419514424,6.30269588758953
"1396",2022-03-14 00:16:15,1,373,100,52.1075390910829,5.44323419344398
"1397",2022-03-14 00:16:20,1,373,100,50.9860733324378,6.85323115704522
"1398",2022-03-14 00:16:25,1,373,100,51.3122589216281,6.23012958062839
"1399",2022-03-14 00:16:30,1,373,100,51.321244169877,5.93597439188344
"1400",2022-03-14 00:16:35,1,373,100,51.6180594528129,6.53714191059387
"1401",2022-03-15 00:00:00,1,373,200,51.5068152694761,5.16136824047163
"1402",2022-03-15 00:00:05,1,373,200,52.2203624873358,5.26389389595113
"1403",2022-03-15 00:00:10,1,373,200,50.6444408357516,4.80256251803246
"1404",2022-03-15 00:00:15,1,373,200,52.2654165887255,5.49107912192218
"1405",2022-03-15 00:00:20,1,373,200,50.6648374414734,5.09723469038795
"1406",2022-03-15 00:00:25,1,373,200,51.6859053757935,5.40884601219719
"1407",2022-03-15 00:00:30,1,373,200,51.1587063752331,5.74731266344064
"1408",2022-03-15 00:00:35,1,373,200,51.7226215811658,5.27883927836685
"1409",2022-03-15 00:00:40,1,373,200,51.5172376367548,5.2821824433757
"1410",2022-03-15 00:00:45,1,373,200,51.5067923787081,5.3396576273516
"1411",2022-03-15 00:00:50,1,373,200,52.0022934687623,5.46142304064148
"1412",2022-03-15 00:00:55,1,373,200,51.0722600782551,5.46779134303764
"1413",2022-03-15 00:01:00,1,373,200,50.749410960826,5.17516831727019
"1414",2022-03-15 00:01:05,1,373,200,50.7338351105345,5.5135947756053
"1415",2022-03-15 00:01:10,1,373,200,50.792910008959,5.50853094502659
"1416",2022-03-15 00:01:15,1,373,200,51.4459069443265,5.35549450306076
"1417",2022-03-15 00:01:20,1,373,200,50.711765487881,5.57680156238928
"1418",2022-03-15 00:01:25,1,373,200,51.3577369356446,5.35344076887522
"1419",2022-03-15 00:01:30,1,373,200,50.5076470013364,5.20861257306231
"1420",2022-03-15 00:01:35,1,373,200,51.1024649439433,4.60149419592027
"1421",2022-03-15 00:01:40,1,373,200,51.4507996831964,5.59935174557227
"1422",2022-03-15 00:01:45,1,373,200,51.2097153389598,5.56735115596901
"1423",2022-03-15 00:01:50,1,373,200,50.7202201767055,5.73960673491201
"1424",2022-03-15 00:01:55,1,373,200,51.3439032777048,5.25716695609742
"1425",2022-03-15 00:02:00,1,373,200,52.4481924224311,4.90426980544643
"1426",2022-03-15 00:02:05,1,373,200,51.7916461350524,5.02032766113669
"1427",2022-03-15 00:02:10,1,373,200,50.20072901249,5.42868880839284
"1428",2022-03-15 00:02:15,1,373,200,50.8124339515077,5.22233033392033
"1429",2022-03-15 00:02:20,1,373,200,51.0304218978074,5.58834817774854
"1430",2022-03-15 00:02:25,1,373,200,50.0124801818913,5.28970963109695
"1431",2022-03-15 00:02:30,1,373,200,50.7708568242598,6.14198117815259
"1432",2022-03-15 00:02:35,1,373,200,51.85721737627,4.97365186679892
"1433",2022-03-15 00:02:40,1,373,200,50.661260566466,5.56496593407036
"1434",2022-03-15 00:02:45,1,373,200,50.7899284864616,4.98906201491973
"1435",2022-03-15 00:02:50,1,373,200,51.3695263985774,4.80876422563588
"1436",2022-03-15 00:02:55,1,373,200,50.9039646628653,6.03410535182045
"1437",2022-03-15 00:03:00,1,373,200,51.6645318733582,5.68647128524336
"1438",2022-03-15 00:03:05,1,373,200,50.7823026662578,5.08507200534293
"1439",2022-03-15 00:03:10,1,373,200,50.6292533783339,5.25858903496911
"1440",2022-03-15 00:03:15,1,373,200,51.1209831217289,5.07666465123461
"1441",2022-03-15 00:03:20,1,373,200,52.1858492420892,6.15862041030433
"1442",2022-03-15 00:03:25,1,373,200,50.7930608567556,5.56777509861331
"1443",2022-03-15 00:03:30,1,373,200,51.0435229758087,5.44344901471821
"1444",2022-03-15 00:03:35,1,373,200,50.3855970428913,5.310118955
"1445",2022-03-15 00:03:40,1,373,200,50.9816734689334,5.3841277291403
"1446",2022-03-15 00:03:45,1,373,200,50.4394590123794,5.26224787182946
"1447",2022-03-15 00:03:50,1,373,200,51.7174925540708,5.65556121731313
"1448",2022-03-15 00:03:55,1,373,200,50.1336222408379,5.41741809143815
"1449",2022-03-15 00:04:00,1,373,200,50.3977869719866,5.46841878242417
"1450",2022-03-15 00:04:05,1,373,200,50.9636427112151,5.84778460820531
"1451",2022-03-15 00:04:10,1,373,200,51.6974738694565,5.13854363683131
"1452",2022-03-15 00:04:15,1,373,200,51.8363366489978,5.28323183666364
"1453",2022-03-15 00:04:20,1,373,200,51.7111237595815,5.6115939385248
"1454",2022-03-15 00:04:25,1,373,200,51.0947618243366,5.34424960224488
"1455",2022-03-15 00:04:30,1,373,200,50.6859928804169,5.73210392500321
"1456",2022-03-15 00:04:35,1,373,200,51.2667278139009,5.48524219562153
"1457",2022-03-15 00:04:40,1,373,200,51.5683205382768,5.4707448155329
"1458",2022-03-15 00:04:45,1,373,200,50.9984867530771,6.00121535178307
"1459",2022-03-15 00:04:50,1,373,200,51.4085694532838,5.76003072893507
"1460",2022-03-15 00:04:55,1,373,200,52.228447971804,5.25952317481674
"1461",2022-03-15 00:05:00,1,373,200,51.310001693994,5.08114554194494
"1462",2022-03-15 00:05:05,1,373,200,51.5504558511713,5.71101614824465
"1463",2022-03-15 00:05:10,1,373,200,51.2164518001662,4.90715621838756
"1464",2022-03-15 00:05:15,1,373,200,51.7606644220639,5.15931498590444
"1465",2022-03-15 00:05:20,1,373,200,51.2660812189623,5.15838123111412
"1466",2022-03-15 00:05:25,1,373,200,51.733524195897,5.08016661562176
"1467",2022-03-15 00:05:30,1,373,200,50.443735519903,5.5927703134108
"1468",2022-03-15 00:05:35,1,373,200,51.5987660141528,5.42276094285672
"1469",2022-03-15 00:05:40,1,373,200,50.5611800019845,5.12917457045307
"1470",2022-03-15 00:05:45,1,373,200,50.9270136500906,6.06208978615722
"1471",2022-03-15 00:05:50,1,373,200,51.8340877839844,4.94438999520302
"1472",2022-03-15 00:05:55,1,373,200,50.7009492749409,4.56342045601909
"1473",2022-03-15 00:06:00,1,373,200,51.8203538200494,5.48856270205543
"1474",2022-03-15 00:06:05,1,373,200,50.8228265238793,5.31665593896057
"1475",2022-03-15 00:06:10,1,373,200,50.9723214304552,5.23160867980938
"1476",2022-03-15 00:06:15,1,373,200,50.222922972609,5.39105255884505
"1477",2022-03-15 00:06:20,1,373,200,51.2696903283244,5.64070708270961
"1478",2022-03-15 00:06:25,1,373,200,51.2351257543404,4.8187564543354
"1479",2022-03-15 00:06:30,1,373,200,51.6744461126509,5.97789237867341
"1480",2022-03-15 00:06:35,1,373,200,51.5086717808078,5.64585717030099
"1481",2022-03-15 00:06:40,1,373,200,50.973572901027,5.59056739080995
"1482",2022-03-15 00:06:45,1,373,200,50.9198696531028,5.27763594947492
"1483",2022-03-15 00:06:50,1,373,200,51.3436448265158,5.38105259730705
"1484",2022-03-15 00:06:55,1,373,200,50.4185879391285,5.80303153493409
"1485",2022-03-15 00:07:00,1,373,200,50.4626708324502,5.48197081779478
"1486",2022-03-15 00:07:05,1,373,200,50.8054567659448,5.09764776246723
"1487",2022-03-15 00:07:10,1,373,200,51.4705414096266,4.77406819417567
"1488",2022-03-15 00:07:15,1,373,200,51.5916176750281,5.80560560453697
"1489",2022-03-15 00:07:20,1,373,200,51.8652226343526,5.19068378857346
"1490",2022-03-15 00:07:25,1,373,200,51.0050383706345,5.62437203878165
"1491",2022-03-15 00:07:30,1,373,200,51.3733120897747,5.78713961194342
"1492",2022-03-15 00:07:35,1,373,200,51.2092573966761,5.01024024395089
"1493",2022-03-15 00:07:40,1,373,200,51.3688473313385,5.47532364841566
"1494",2022-03-15 00:07:45,1,373,200,51.020752124722,5.4197148628877
"1495",2022-03-15 00:07:50,1,373,200,50.2668213466685,5.02944069961663
"1496",2022-03-15 00:07:55,1,373,200,51.7245204107278,4.79855910264422
"1497",2022-03-15 00:08:00,1,373,200,51.1444088532123,5.57199463266046
"1498",2022-03-15 00:08:05,1,373,200,51.70568544567,5.74609627348161
"1499",2022-03-15 00:08:10,1,373,200,50.7536405806878,5.44705468314277
"1500",2022-03-15 00:08:15,1,373,200,50.7840864639237,4.98649884961876
"1501",2022-03-15 00:08:20,1,373,200,51.3672486490668,5.24379935517706
"1502",2022-03-15 00:08:25,1,373,200,51.5594702306639,5.42661867967048
"1503",2022-03-15 00:08:30,1,373,200,52.5304138140534,5.13019121006951
"1504",2022-03-15 00:08:35,1,373,200,51.1072597860912,5.42085220553334
"1505",2022-03-15 00:08:40,1,373,200,51.0404812926654,5.70404088579124
"1506",2022-03-15 00:08:45,1,373,200,51.4800859725444,4.7781251241532
"1507",2022-03-15 00:08:50,1,373,200,51.5794657348855,5.60363934115444
"1508",2022-03-15 00:08:55,1,373,200,51.5386641854464,5.25163783120235
"1509",2022-03-15 00:09:00,1,373,200,51.0017414341877,5.38946309890531
"1510",2022-03-15 00:09:05,1,373,200,51.7350113144461,5.4316414483315
"1511",2022-03-15 00:09:10,1,373,200,51.763046944585,5.56802109415186
"1512",2022-03-15 00:09:15,1,373,200,51.4484545902099,5.9275086260047
"1513",2022-03-15 00:09:20,1,373,200,50.6757765842333,5.02323047453943
"1514",2022-03-15 00:09:25,1,373,200,51.5772364373502,4.83906705142212
"1515",2022-03-15 00:09:30,1,373,200,51.4041790851155,5.46997440625323
"1516",2022-03-15 00:09:35,1,373,200,51.5030627490444,5.31742177215496
"1517",2022-03-15 00:09:40,1,373,200,51.3517879530413,5.55217003040906
"1518",2022-03-15 00:09:45,1,373,200,51.03754296906,5.62863382411852
"1519",2022-03-15 00:09:50,1,373,200,51.3018379808413,5.4961523624716
"1520",2022-03-15 00:09:55,1,373,200,50.589743608073,5.15975130400728
"1521",2022-03-15 00:10:00,1,373,200,52.4592014820819,5.53377630271443
"1522",2022-03-15 00:10:05,1,373,200,51.0539018954819,4.9918859174786
"1523",2022-03-15 00:10:10,1,373,200,51.3456865327175,5.37924699155156
"1524",2022-03-15 00:10:15,1,373,200,50.1917424313941,5.17204944961341
"1525",2022-03-15 00:10:20,1,373,200,51.5230201914087,4.35300967203929
"1526",2022-03-15 00:10:25,1,373,200,50.5350250921186,5.46717507403027
"1527",2022-03-15 00:10:30,1,373,200,51.3225908703876,5.25229097092456
"1528",2022-03-15 00:10:35,1,373,200,51.5184311895058,5.25895448165335
"1529",2022-03-15 00:10:40,1,373,200,51.9209741836821,5.08498486475226
"1530",2022-03-15 00:10:45,1,373,200,50.907967872599,5.72511079127415
"1531",2022-03-15 00:10:50,1,373,200,51.6729371692465,5.43947063357866
"1532",2022-03-15 00:10:55,1,373,200,51.78214897892,5.74929994505402
"1533",2022-03-15 00:11:00,1,373,200,52.0814323844839,5.86603714679399
"1534",2022-03-15 00:11:05,1,373,200,50.8824991019065,5.03684641437474
"1535",2022-03-15 00:11:10,1,373,200,50.7644034239943,5.27421312927752
"1536",2022-03-15 00:11:15,1,373,200,51.6787614252206,5.53340651702941
"1537",2022-03-15 00:11:20,1,373,200,52.2152070866616,5.65977668814499
"1538",2022-03-15 00:11:25,1,373,200,51.4243916588352,5.21925476858049
"1539",2022-03-15 00:11:30,1,373,200,51.2641324990198,5.33994878970697
"1540",2022-03-15 00:11:35,1,373,200,50.8858130707464,5.49807792147317
"1541",2022-03-15 00:11:40,1,373,200,50.6678699262787,5.3973568029548
"1542",2022-03-15 00:11:45,1,373,200,51.7985034170078,5.40467195002025
"1543",2022-03-15 00:11:50,1,373,200,51.0673575308605,5.29018508623762
"1544",2022-03-15 00:11:55,1,373,200,50.797460772048,5.35992869914085
"1545",2022-03-15 00:12:00,1,373,200,51.3244658752081,5.78321780313707
"1546",2022-03-15 00:12:05,1,373,200,50.8793897732685,5.50733157306607
"1547",2022-03-15 00:12:10,1,373,200,50.2094289236591,5.2234121339081
"1548",2022-03-15 00:12:15,1,373,200,50.9075205022388,5.47523726086616
"1549",2022-03-15 00:12:20,1,373,200,51.8586008035306,5.06826780838649
"1550",2022-03-15 00:12:25,1,373,200,51.2445178223807,5.40127529865378
"1551",2022-03-15 00:12:30,1,373,200,51.4238903841418,4.46657127925225
"1552",2022-03-15 00:12:35,1,373,200,52.0370312876357,5.17431258229711
"1553",2022-03-15 00:12:40,1,373,200,51.528561121787,5.32825403265439
"1554",2022-03-15 00:12:45,1,373,200,51.5720129584698,4.82292186563284
"1555",2022-03-15 00:12:50,1,373,200,51.7629862472334,5.50255340622179
"1556",2022-03-15 00:12:55,1,373,200,51.8597062946628,5.20246778438736
"1557",2022-03-15 00:13:00,1,373,200,51.2870955558908,4.67933215374091
"1558",2022-03-15 00:13:05,1,373,200,51.5361144134021,4.92796986847212
"1559",2022-03-15 00:13:10,1,373,200,50.8766071668252,5.01777068414922
"1560",2022-03-15 00:13:15,1,373,200,50.8313277219832,5.50635831743861
"1561",2022-03-15 00:13:20,1,373,200,51.4439820894447,4.97045641669066
"1562",2022-03-15 00:13:25,1,373,200,51.2232028707289,5.410972120223
"1563",2022-03-15 00:13:30,1,373,200,51.7258555927372,5.5634563678894
"1564",2022-03-15 00:13:35,1,373,200,50.99645975289,5.40158948742713
"1565",2022-03-15 00:13:40,1,373,200,50.5282527835023,5.81054124558995
"1566",2022-03-15 00:13:45,1,373,200,50.5972077534725,5.45367333985542
"1567",2022-03-15 00:13:50,1,373,200,51.9638072827356,5.67221653273952
"1568",2022-03-15 00:13:55,1,373,200,50.9513670705153,4.60868581640214
"1569",2022-03-15 00:14:00,1,373,200,51.4707860101217,4.62802117310826
"1570",2022-03-15 00:14:05,1,373,200,51.772117336975,5.78721711659475
"1571",2022-03-15 00:14:10,1,373,200,51.3569442453383,4.94863683768961
"1572",2022-03-15 00:14:15,1,373,200,51.0391839903387,4.97156007474911
"1573",2022-03-15 00:14:20,1,373,200,51.8744786942899,5.50803867688009
"1574",2022-03-15 00:14:25,1,373,200,51.6054529948538,5.75698920261495
"1575",2022-03-15 00:14:30,1,373,200,51.2396015974075,5.24987799927487
"1576",2022-03-15 00:14:35,1,373,200,49.9311925944219,5.98130401080646
"1577",2022-03-15 00:14:40,1,373,200,51.8059132198865,4.92857928530235
"1578",2022-03-15 00:14:45,1,373,200,52.3477005252164,5.84602832031499
"1579",2022-03-15 00:14:50,1,373,200,51.4878054036311,5.22363605033704
"1580",2022-03-15 00:14:55,1,373,200,51.156101958695,5.11876298940648
"1581",2022-03-15 00:15:00,1,373,200,50.3326019443897,5.27000352809473
"1582",2022-03-15 00:15:05,1,373,200,50.7005096288369,5.42850280271801
"1583",2022-03-15 00:15:10,1,373,200,50.3638625630751,5.8567237079741
"1584",2022-03-15 00:15:15,1,373,200,51.0668673592302,4.89488424133414
"1585",2022-03-15 00:15:20,1,373,200,51.1746610479811,5.46356132653556
"1586",2022-03-15 00:15:25,1,373,200,51.8170374987694,5.82403038736158
"1587",2022-03-15 00:15:30,1,373,200,52.091771592701,5.55542062172863
"1588",2022-03-15 00:15:35,1,373,200,50.324340480032,5.85223963114058
"1589",2022-03-15 00:15:40,1,373,200,51.4756433252576,4.85928580546053
"1590",2022-03-15 00:15:45,1,373,200,51.2742317212879,5.40371188413664
"1591",2022-03-15 00:15:50,1,373,200,51.3814830445957,5.35721103912255
"1592",2022-03-15 00:15:55,1,373,200,50.7522558784168,5.45140282091347
"1593",2022-03-15 00:16:00,1,373,200,51.8656630853541,5.64656246774095
"1594",2022-03-15 00:16:05,1,373,200,51.5941039208075,5.36661287379387
"1595",2022-03-15 00:16:10,1,373,200,51.2374676916769,5.47909102018578
"1596",2022-03-15 00:16:15,1,373,200,50.7550576882872,5.23170366713936
"1597",2022-03-15 00:16:20,1,373,200,51.1597588019854,5.43635727436449
"1598",2022-03-15 00:16:25,1,373,200,50.9542053927977,4.67991637745097
"1599",2022-03-15 00:16:30,1,373,200,51.6762747654184,5.19277811045434
"1600",2022-03-15 00:16:35,1,373,200,51.7078498426553,5.14671959167208
"1601",2022-03-16 00:00:00,1,373,300,50.6186722288775,4.9869646492477
"1602",2022-03-16 00:00:05,1,373,300,51.8602191239761,4.58907096520806
"1603",2022-03-16 00:00:10,1,373,300,51.6700270336439,4.29702328038001
"1604",2022-03-16 00:00:15,1,373,300,51.5180403594527,4.58917278009205
"1605",2022-03-16 00:00:20,1,373,300,51.4375685290733,4.55708092791768
"1606",2022-03-16 00:00:25,1,373,300,51.8258217226805,4.18151848779102
"1607",2022-03-16 00:00:30,1,373,300,50.304804581142,4.75790660798182
"1608",2022-03-16 00:00:35,1,373,300,51.478611202895,4.29517418264946
"1609",2022-03-16 00:00:40,1,373,300,51.4465371653213,5.11911598511162
"1610",2022-03-16 00:00:45,1,373,300,50.7016060950287,4.84522514521315
"1611",2022-03-16 00:00:50,1,373,300,50.7137895276633,4.45617257089527
"1612",2022-03-16 00:00:55,1,373,300,51.3136108909376,5.13452169522
"1613",2022-03-16 00:01:00,1,373,300,51.3239085332805,4.78264692718179
"1614",2022-03-16 00:01:05,1,373,300,50.6578322429792,4.54079269930319
"1615",2022-03-16 00:01:10,1,373,300,51.2248074182645,3.83183693771169
"1616",2022-03-16 00:01:15,1,373,300,51.3632450464455,4.90807562140379
"1617",2022-03-16 00:01:20,1,373,300,51.1904922488175,4.67346465372029
"1618",2022-03-16 00:01:25,1,373,300,51.0931454267279,4.80350212574808
"1619",2022-03-16 00:01:30,1,373,300,50.4769767216761,4.79732875713407
"1620",2022-03-16 00:01:35,1,373,300,51.1699773061686,4.73178520291472
"1621",2022-03-16 00:01:40,1,373,300,50.7114640954923,4.21032614147716
"1622",2022-03-16 00:01:45,1,373,300,51.7010124451658,4.70847906833853
"1623",2022-03-16 00:01:50,1,373,300,50.6034898500824,4.53520906459684
"1624",2022-03-16 00:01:55,1,373,300,51.3549342773217,4.68062019036713
"1625",2022-03-16 00:02:00,1,373,300,51.6978740802157,4.86733996510314
"1626",2022-03-16 00:02:05,1,373,300,52.3418970252982,4.88345840889046
"1627",2022-03-16 00:02:10,1,373,300,51.8952378300139,5.19349595776139
"1628",2022-03-16 00:02:15,1,373,300,51.7646739158081,4.77419264338113
"1629",2022-03-16 00:02:20,1,373,300,50.4355259087696,4.25653796591319
"1630",2022-03-16 00:02:25,1,373,300,51.0873735183386,5.01074047612174
"1631",2022-03-16 00:02:30,1,373,300,50.669781706132,4.78373987082743
"1632",2022-03-16 00:02:35,1,373,300,50.7566051781163,5.46262945782702
"1633",2022-03-16 00:02:40,1,373,300,51.5444924492774,4.91722047073365
"1634",2022-03-16 00:02:45,1,373,300,49.6450847196664,4.55754216471472
"1635",2022-03-16 00:02:50,1,373,300,51.9944784576169,4.93136018804675
"1636",2022-03-16 00:02:55,1,373,300,51.5404049927559,4.62096770344684
"1637",2022-03-16 00:03:00,1,373,300,50.4771544137059,4.33594466334485
"1638",2022-03-16 00:03:05,1,373,300,51.3546136405437,4.48910154177311
"1639",2022-03-16 00:03:10,1,373,300,51.4174659413357,4.87015083973853
"1640",2022-03-16 00:03:15,1,373,300,50.595022905548,5.08089417487742
"1641",2022-03-16 00:03:20,1,373,300,52.2636966694962,4.54562500755707
"1642",2022-03-16 00:03:25,1,373,300,51.6302657586884,4.91474541869477
"1643",2022-03-16 00:03:30,1,373,300,51.0457884486687,4.48618874542615
"1644",2022-03-16 00:03:35,1,373,300,51.4129690853826,4.88058970259556
"1645",2022-03-16 00:03:40,1,373,300,51.1967734877681,4.73175290755055
"1646",2022-03-16 00:03:45,1,373,300,51.0392282673304,4.78031398638044
"1647",2022-03-16 00:03:50,1,373,300,52.17486460122,4.03164484161124
"1648",2022-03-16 00:03:55,1,373,300,51.5038158020552,4.70945879223684
"1649",2022-03-16 00:04:00,1,373,300,51.8135281473404,4.10595049384759
"1650",2022-03-16 00:04:05,1,373,300,51.7286047527626,4.50195712860454
"1651",2022-03-16 00:04:10,1,373,300,51.5010771923317,4.61000810671989
"1652",2022-03-16 00:04:15,1,373,300,50.6552157484593,4.66913312479751
"1653",2022-03-16 00:04:20,1,373,300,50.7451449656655,4.72305448231269
"1654",2022-03-16 00:04:25,1,373,300,50.761186065591,4.12144608374861
"1655",2022-03-16 00:04:30,1,373,300,51.156328895883,4.81098540268908
"1656",2022-03-16 00:04:35,1,373,300,50.7379465002399,4.30368092245055
"1657",2022-03-16 00:04:40,1,373,300,51.4202280348533,4.50475185926315
"1658",2022-03-16 00:04:45,1,373,300,51.6496790091589,5.3504658456034
"1659",2022-03-16 00:04:50,1,373,300,51.2824473584692,4.56512372388285
"1660",2022-03-16 00:04:55,1,373,300,51.4771307118811,4.44007245634838
"1661",2022-03-16 00:05:00,1,373,300,51.9370430187783,4.5220227862822
"1662",2022-03-16 00:05:05,1,373,300,50.7270775721674,4.50419427262617
"1663",2022-03-16 00:05:10,1,373,300,51.3870394555453,3.26521958012492
"1664",2022-03-16 00:05:15,1,373,300,50.9472154867715,4.40778355569772
"1665",2022-03-16 00:05:20,1,373,300,51.3171841335988,4.23713901918131
"1666",2022-03-16 00:05:25,1,373,300,51.287381644349,4.41263862367229
"1667",2022-03-16 00:05:30,1,373,300,50.8498490986389,4.95412572845013
"1668",2022-03-16 00:05:35,1,373,300,51.1108011756145,4.71144282950172
"1669",2022-03-16 00:05:40,1,373,300,51.4536871705253,4.81779562272975
"1670",2022-03-16 00:05:45,1,373,300,50.9198525990527,4.25687484432047
"1671",2022-03-16 00:05:50,1,373,300,51.193973833712,4.653009338904
"1672",2022-03-16 00:05:55,1,373,300,51.5710573037082,5.24836508729164
"1673",2022-03-16 00:06:00,1,373,300,50.0104168399615,4.47059884851683
"1674",2022-03-16 00:06:05,1,373,300,50.9115264091634,4.59683367186921
"1675",2022-03-16 00:06:10,1,373,300,50.4850226956973,5.19417053580645
"1676",2022-03-16 00:06:15,1,373,300,51.7229663321009,4.1312743592204
"1677",2022-03-16 00:06:20,1,373,300,51.3187661265479,4.63577479131607
"1678",2022-03-16 00:06:25,1,373,300,51.3480907939385,5.07966686938626
"1679",2022-03-16 00:06:30,1,373,300,50.5110582128841,5.202642624875
"1680",2022-03-16 00:06:35,1,373,300,51.3265340323216,4.77775826252577
"1681",2022-03-16 00:06:40,1,373,300,51.3349924166918,4.85248288609347
"1682",2022-03-16 00:06:45,1,373,300,50.807000010957,4.59636739983254
"1683",2022-03-16 00:06:50,1,373,300,50.6497779039112,5.13158281403061
"1684",2022-03-16 00:06:55,1,373,300,50.0667015376032,4.68998767879241
"1685",2022-03-16 00:07:00,1,373,300,51.3575536077322,4.36333270922931
"1686",2022-03-16 00:07:05,1,373,300,50.5153117982004,4.29869641768374
"1687",2022-03-16 00:07:10,1,373,300,52.271830720114,4.65923496501213
"1688",2022-03-16 00:07:15,1,373,300,51.0743342696554,4.73179898569573
"1689",2022-03-16 00:07:20,1,373,300,51.516499763556,4.70424638259635
"1690",2022-03-16 00:07:25,1,373,300,51.303067873127,4.38728701890291
"1691",2022-03-16 00:07:30,1,373,300,51.2788243952496,4.70200595696837
"1692",2022-03-16 00:07:35,1,373,300,50.3932223925109,4.66536815253743
"1693",2022-03-16 00:07:40,1,373,300,51.2046188003031,4.62265449682629
"1694",2022-03-16 00:07:45,1,373,300,50.8185508508402,4.94478243037475
"1695",2022-03-16 00:07:50,1,373,300,51.2356414215508,4.86568701684366
"1696",2022-03-16 00:07:55,1,373,300,50.8092608909695,4.32186338811913
"1697",2022-03-16 00:08:00,1,373,300,51.7434245554969,4.32101615169122
"1698",2022-03-16 00:08:05,1,373,300,52.0705177854144,4.83020266861102
"1699",2022-03-16 00:08:10,1,373,300,51.2658706457529,5.15471881662104
"1700",2022-03-16 00:08:15,1,373,300,51.4062441703551,4.78530689367255
"1701",2022-03-16 00:08:20,1,373,300,51.4123214260939,4.93280738066093
"1702",2022-03-16 00:08:25,1,373,300,50.946537876295,4.42611959194611
"1703",2022-03-16 00:08:30,1,373,300,51.8578334186272,4.78618923993371
"1704",2022-03-16 00:08:35,1,373,300,50.9045145145228,4.75813283151383
"1705",2022-03-16 00:08:40,1,373,300,51.03577763485,4.40401995320802
"1706",2022-03-16 00:08:45,1,373,300,51.8965994471125,4.20424315581413
"1707",2022-03-16 00:08:50,1,373,300,50.9673348579581,4.46691251413045
"1708",2022-03-16 00:08:55,1,373,300,50.5366203715341,5.0852742894635
"1709",2022-03-16 00:09:00,1,373,300,50.4597574525904,4.56172777602187
"1710",2022-03-16 00:09:05,1,373,300,50.8028936875198,4.66938613329924
"1711",2022-03-16 00:09:10,1,373,300,51.6134000887897,4.25140791959313
"1712",2022-03-16 00:09:15,1,373,300,50.740098360134,4.90203423525509
"1713",2022-03-16 00:09:20,1,373,300,51.371135782988,4.8132647934373
"1714",2022-03-16 00:09:25,1,373,300,50.7616183023407,4.72439812036535
"1715",2022-03-16 00:09:30,1,373,300,52.0545296550076,4.91264925327105
"1716",2022-03-16 00:09:35,1,373,300,50.554611043504,4.63179640050809
"1717",2022-03-16 00:09:40,1,373,300,52.2626981211255,4.61599315006402
"1718",2022-03-16 00:09:45,1,373,300,51.9234844574395,4.61838457315197
"1719",2022-03-16 00:09:50,1,373,300,51.7739220295931,4.54980316149946
"1720",2022-03-16 00:09:55,1,373,300,51.2319928533685,5.42711232537466
"1721",2022-03-16 00:10:00,1,373,300,51.0937920750626,4.94417300447416
"1722",2022-03-16 00:10:05,1,373,300,50.5986609955189,4.5508615762121
"1723",2022-03-16 00:10:10,1,373,300,50.5377303319665,4.14574982149605
"1724",2022-03-16 00:10:15,1,373,300,50.9971801983781,4.73927339796784
"1725",2022-03-16 00:10:20,1,373,300,51.4556027063896,4.68691988637971
"1726",2022-03-16 00:10:25,1,373,300,51.6783336110032,4.59088560491523
"1727",2022-03-16 00:10:30,1,373,300,51.4283012814507,4.5941620574518
"1728",2022-03-16 00:10:35,1,373,300,51.6561093715073,4.69776243797546
"1729",2022-03-16 00:10:40,1,373,300,50.5873670826645,4.09090830321859
"1730",2022-03-16 00:10:45,1,373,300,51.6118985820603,4.24717212439938
"1731",2022-03-16 00:10:50,1,373,300,51.0677343024296,4.89082045066396
"1732",2022-03-16 00:10:55,1,373,300,50.9675068071511,4.65450948032308
"1733",2022-03-16 00:11:00,1,373,300,50.4186425684163,4.95865735374415
"1734",2022-03-16 00:11:05,1,373,300,50.4414766403383,4.4494070846654
"1735",2022-03-16 00:11:10,1,373,300,51.2091299535557,4.18189249930446
"1736",2022-03-16 00:11:15,1,373,300,51.4092118004948,4.49681129788971
"1737",2022-03-16 00:11:20,1,373,300,50.1634265318682,4.34564841472664
"1738",2022-03-16 00:11:25,1,373,300,50.7400209554796,4.71452832959381
"1739",2022-03-16 00:11:30,1,373,300,50.7484718853887,4.31409016563648
"1740",2022-03-16 00:11:35,1,373,300,50.8565949096161,5.0580335466088
"1741",2022-03-16 00:11:40,1,373,300,51.5309867944873,4.66043747460938
"1742",2022-03-16 00:11:45,1,373,300,51.4406366214151,5.12794514133667
"1743",2022-03-16 00:11:50,1,373,300,50.9705388773446,4.83847502825036
"1744",2022-03-16 00:11:55,1,373,300,51.2026343073372,5.18518411447758
"1745",2022-03-16 00:12:00,1,373,300,51.6207888885564,4.94129459999276
"1746",2022-03-16 00:12:05,1,373,300,51.7982208683403,4.6633461742483
"1747",2022-03-16 00:12:10,1,373,300,51.135425796624,5.04899743138245
"1748",2022-03-16 00:12:15,1,373,300,50.7143660590605,4.39771942117121
"1749",2022-03-16 00:12:20,1,373,300,51.5971106689376,5.3959237926566
"1750",2022-03-16 00:12:25,1,373,300,51.1347739475777,4.54979581786965
"1751",2022-03-16 00:12:30,1,373,300,52.2852812458968,4.3127078819054
"1752",2022-03-16 00:12:35,1,373,300,52.3533531055443,4.73724027491502
"1753",2022-03-16 00:12:40,1,373,300,50.5889055543926,4.74129523443571
"1754",2022-03-16 00:12:45,1,373,300,51.424815571722,4.14928624131426
"1755",2022-03-16 00:12:50,1,373,300,52.0195256074556,4.42455000703574
"1756",2022-03-16 00:12:55,1,373,300,51.0830640900348,4.67493726517698
"1757",2022-03-16 00:13:00,1,373,300,51.146079225515,4.82108608482801
"1758",2022-03-16 00:13:05,1,373,300,50.8831722016098,3.94024637365525
"1759",2022-03-16 00:13:10,1,373,300,51.1126127092831,4.32915740195184
"1760",2022-03-16 00:13:15,1,373,300,51.40034843184,4.40340334620547
"1761",2022-03-16 00:13:20,1,373,300,51.2213237225394,4.67004362827493
"1762",2022-03-16 00:13:25,1,373,300,49.9061110906244,4.53922146446172
"1763",2022-03-16 00:13:30,1,373,300,50.6808762378496,3.83729383798653
"1764",2022-03-16 00:13:35,1,373,300,50.6003833170877,5.38899256248184
"1765",2022-03-16 00:13:40,1,373,300,51.1836939744895,4.83299874519365
"1766",2022-03-16 00:13:45,1,373,300,51.4775689523507,4.8395097241922
"1767",2022-03-16 00:13:50,1,373,300,51.440373628622,4.5915397727505
"1768",2022-03-16 00:13:55,1,373,300,51.3672594402957,4.43352600190898
"1769",2022-03-16 00:14:00,1,373,300,51.2408833904089,4.80197997902006
"1770",2022-03-16 00:14:05,1,373,300,50.2636362569975,4.66248015976651
"1771",2022-03-16 00:14:10,1,373,300,51.6710853584096,5.0302791625087
"1772",2022-03-16 00:14:15,1,373,300,50.6536787401936,4.95048404505842
"1773",2022-03-16 00:14:20,1,373,300,51.594830730473,4.37111128016283
"1774",2022-03-16 00:14:25,1,373,300,51.1103306022853,4.24721030358026
"1775",2022-03-16 00:14:30,1,373,300,51.1487521094604,4.61382583562656
"1776",2022-03-16 00:14:35,1,373,300,51.7572574296015,4.65947607539794
"1777",2022-03-16 00:14:40,1,373,300,51.5727827986322,4.34695804689592
"1778",2022-03-16 00:14:45,1,373,300,50.8421428048953,4.65680846946911
"1779",2022-03-16 00:14:50,1,373,300,51.4267109610686,4.30501382680627
"1780",2022-03-16 00:14:55,1,373,300,51.0745714523886,5.37941826047858
"1781",2022-03-16 00:15:00,1,373,300,50.9040755153099,4.96570685378245
"1782",2022-03-16 00:15:05,1,373,300,50.1513248188509,4.41903087917078
"1783",2022-03-16 00:15:10,1,373,300,51.9600575689788,4.47954097669121
"1784",2022-03-16 00:15:15,1,373,300,50.6690147049704,4.29023741793335
"1785",2022-03-16 00:15:20,1,373,300,50.5700603388529,4.95279100030416
"1786",2022-03-16 00:15:25,1,373,300,51.3580275618962,4.67862485972736
"1787",2022-03-16 00:15:30,1,373,300,50.5198458090233,4.41518028880265
"1788",2022-03-16 00:15:35,1,373,300,50.8528733508158,4.47736231668013
"1789",2022-03-16 00:15:40,1,373,300,49.8773603770531,4.79847634025731
"1790",2022-03-16 00:15:45,1,373,300,51.2774388070658,4.15625472845618
"1791",2022-03-16 00:15:50,1,373,300,51.620795213968,4.42325292400039
"1792",2022-03-16 00:15:55,1,373,300,50.9458418424877,4.67969703783863
"1793",2022-03-16 00:16:00,1,373,300,51.8064638169037,4.20494819719404
"1794",2022-03-16 00:16:05,1,373,300,51.5194692538588,5.01143145600708
"1795",2022-03-16 00:16:10,1,373,300,51.5307954043965,4.06959755573242
"1796",2022-03-16 00:16:15,1,373,300,51.1681318468664,4.73243404419174
"1797",2022-03-16 00:16:20,1,373,300,51.0358972237496,4.50754166596292
"1798",2022-03-16 00:16:25,1,373,300,51.8722022542011,4.42867825673397
"1799",2022-03-16 00:16:30,1,373,300,50.9826678592091,4.99387415925369
"1800",2022-03-16 00:16:35,1,373,300,51.8419601575196,4.21606700285917
"1801",2022-03-17 00:00:00,2,303,100,51.5887722592548,6.3852783879913
"1802",2022-03-17 00:00:05,2,303,100,50.6519115140597,6.456547297332
"1803",2022-03-17 00:00:10,2,303,100,49.8860591078498,6.80909653787183
"1804",2022-03-17 00:00:15,2,303,100,51.9488483233829,6.83106652635801
"1805",2022-03-17 00:00:20,2,303,100,50.9596141097395,6.88424552500411
"1806",2022-03-17 00:00:25,2,303,100,51.1373272011565,6.6004407231449
"1807",2022-03-17 00:00:30,2,303,100,50.6451543962686,6.53194888111474
"1808",2022-03-17 00:00:35,2,303,100,51.0844133032358,7.00278782947615
"1809",2022-03-17 00:00:40,2,303,100,49.7769278289937,6.73573670168595
"1810",2022-03-17 00:00:45,2,303,100,50.1928019683577,7.12432683739571
"1811",2022-03-17 00:00:50,2,303,100,50.8655647683036,6.83660105397863
"1812",2022-03-17 00:00:55,2,303,100,51.3115895008112,7.3517672706516
"1813",2022-03-17 00:01:00,2,303,100,50.6724433502648,6.41805957621454
"1814",2022-03-17 00:01:05,2,303,100,50.1152130728039,6.32227473143288
"1815",2022-03-17 00:01:10,2,303,100,50.0948589494902,6.73673215296943
"1816",2022-03-17 00:01:15,2,303,100,50.3275693251418,7.15844790247558
"1817",2022-03-17 00:01:20,2,303,100,50.6447214123598,6.12898724161436
"1818",2022-03-17 00:01:25,2,303,100,49.5127356178992,6.8912383419307
"1819",2022-03-17 00:01:30,2,303,100,51.1328169081361,6.45872461998061
"1820",2022-03-17 00:01:35,2,303,100,51.0812837675917,6.5111085002722
"1821",2022-03-17 00:01:40,2,303,100,51.5269849902778,5.91453907299087
"1822",2022-03-17 00:01:45,2,303,100,51.0578147353622,6.71028755303853
"1823",2022-03-17 00:01:50,2,303,100,49.6448814012374,6.21378955945073
"1824",2022-03-17 00:01:55,2,303,100,50.6709058002024,6.65878968589236
"1825",2022-03-17 00:02:00,2,303,100,51.5487647990936,6.59812687173231
"1826",2022-03-17 00:02:05,2,303,100,50.0301635837109,7.07417017408483
"1827",2022-03-17 00:02:10,2,303,100,51.938071047823,6.95565650898386
"1828",2022-03-17 00:02:15,2,303,100,50.1756704153955,6.8600714330482
"1829",2022-03-17 00:02:20,2,303,100,52.5695906676347,6.06524752013277
"1830",2022-03-17 00:02:25,2,303,100,52.7169453381073,7.01915499936457
"1831",2022-03-17 00:02:30,2,303,100,51.3135983892171,6.71393573737238
"1832",2022-03-17 00:02:35,2,303,100,51.151842033089,6.18765327420221
"1833",2022-03-17 00:02:40,2,303,100,50.0546817615157,6.39090027637197
"1834",2022-03-17 00:02:45,2,303,100,50.2312802980147,6.36159614037048
"1835",2022-03-17 00:02:50,2,303,100,49.1151271012886,6.70887145924145
"1836",2022-03-17 00:02:55,2,303,100,50.5207389428627,7.23501964250991
"1837",2022-03-17 00:03:00,2,303,100,51.0959063457263,6.25573860048248
"1838",2022-03-17 00:03:05,2,303,100,49.7611535663396,7.15064349480525
"1839",2022-03-17 00:03:10,2,303,100,50.9256782264524,6.4648545056729
"1840",2022-03-17 00:03:15,2,303,100,50.7461609898948,7.16464427270141
"1841",2022-03-17 00:03:20,2,303,100,51.2309691404911,6.84957998576533
"1842",2022-03-17 00:03:25,2,303,100,50.4090416530733,6.526721818447
"1843",2022-03-17 00:03:30,2,303,100,50.3414169780394,6.2472339982523
"1844",2022-03-17 00:03:35,2,303,100,49.0587448623909,7.34396692121651
"1845",2022-03-17 00:03:40,2,303,100,51.744369352216,6.34568336946076
"1846",2022-03-17 00:03:45,2,303,100,51.7427163587777,6.33603983469667
"1847",2022-03-17 00:03:50,2,303,100,51.0967175874923,6.25557673012158
"1848",2022-03-17 00:03:55,2,303,100,49.3838527391502,6.44352475279355
"1849",2022-03-17 00:04:00,2,303,100,51.2508033924584,6.33873272446201
"1850",2022-03-17 00:04:05,2,303,100,49.6543000005801,6.7740175636471
"1851",2022-03-17 00:04:10,2,303,100,50.8516259123612,6.64513643932403
"1852",2022-03-17 00:04:15,2,303,100,52.0234691685429,6.89640975806144
"1853",2022-03-17 00:04:20,2,303,100,52.0260290872733,6.29655710960094
"1854",2022-03-17 00:04:25,2,303,100,52.0137806938267,6.66465211757333
"1855",2022-03-17 00:04:30,2,303,100,51.1502968522383,6.77068359502413
"1856",2022-03-17 00:04:35,2,303,100,50.7365118131916,6.95852425467729
"1857",2022-03-17 00:04:40,2,303,100,49.247878875562,6.08218800937795
"1858",2022-03-17 00:04:45,2,303,100,52.0181476800611,6.61749899606652
"1859",2022-03-17 00:04:50,2,303,100,52.6065960443313,6.92328960952558
"1860",2022-03-17 00:04:55,2,303,100,51.0573645200783,6.36990425967901
"1861",2022-03-17 00:05:00,2,303,100,51.9705902464453,6.09213182796891
"1862",2022-03-17 00:05:05,2,303,100,50.8186856991458,6.50872471866125
"1863",2022-03-17 00:05:10,2,303,100,49.1335360008965,6.1679404439748
"1864",2022-03-17 00:05:15,2,303,100,51.4662554105531,6.64975185192084
"1865",2022-03-17 00:05:20,2,303,100,50.4762851817201,6.30519631996846
"1866",2022-03-17 00:05:25,2,303,100,52.4731197352474,6.22827087043792
"1867",2022-03-17 00:05:30,2,303,100,51.2355405959024,7.01919271413448
"1868",2022-03-17 00:05:35,2,303,100,51.8279170344454,7.00214757165428
"1869",2022-03-17 00:05:40,2,303,100,52.8533776051673,6.68763962121341
"1870",2022-03-17 00:05:45,2,303,100,50.9889417943243,6.60706483696328
"1871",2022-03-17 00:05:50,2,303,100,52.1488926591501,7.04334290241027
"1872",2022-03-17 00:05:55,2,303,100,50.098034082527,7.14973091274519
"1873",2022-03-17 00:06:00,2,303,100,51.0310058341596,6.67184034048843
"1874",2022-03-17 00:06:05,2,303,100,50.5579375228348,6.75125326869681
"1875",2022-03-17 00:06:10,2,303,100,52.4884081210551,6.52877031451198
"1876",2022-03-17 00:06:15,2,303,100,53.4908346715567,6.94626860877692
"1877",2022-03-17 00:06:20,2,303,100,50.5848044279808,6.2854105049697
"1878",2022-03-17 00:06:25,2,303,100,50.2268151344134,7.41140898439157
"1879",2022-03-17 00:06:30,2,303,100,50.0560449348464,6.46369851744965
"1880",2022-03-17 00:06:35,2,303,100,51.2640981215214,7.1277590659852
"1881",2022-03-17 00:06:40,2,303,100,50.2142032232375,6.10421263931619
"1882",2022-03-17 00:06:45,2,303,100,50.4867482921143,6.34249192998765
"1883",2022-03-17 00:06:50,2,303,100,52.5020273675411,6.51336080766288
"1884",2022-03-17 00:06:55,2,303,100,52.6673243583395,6.46883645598667
"1885",2022-03-17 00:07:00,2,303,100,49.9670514411296,6.93277194719941
"1886",2022-03-17 00:07:05,2,303,100,50.2788065422292,6.88455632888641
"1887",2022-03-17 00:07:10,2,303,100,52.1732059500366,6.88616816390022
"1888",2022-03-17 00:07:15,2,303,100,50.4371848325043,6.49717870250117
"1889",2022-03-17 00:07:20,2,303,100,51.3765748162906,6.98272534765217
"1890",2022-03-17 00:07:25,2,303,100,50.872762984891,6.05721571272564
"1891",2022-03-17 00:07:30,2,303,100,52.7586678831238,6.86919803376791
"1892",2022-03-17 00:07:35,2,303,100,51.5081818601631,6.25767478587568
"1893",2022-03-17 00:07:40,2,303,100,51.2608617248393,6.30676428527079
"1894",2022-03-17 00:07:45,2,303,100,51.9348358763133,6.34992675813022
"1895",2022-03-17 00:07:50,2,303,100,50.7409735032406,6.61941397908166
"1896",2022-03-17 00:07:55,2,303,100,50.0546899835819,6.11233007541211
"1897",2022-03-17 00:08:00,2,303,100,50.7485817030177,6.64499415104637
"1898",2022-03-17 00:08:05,2,303,100,51.0385707458451,6.40141444481584
"1899",2022-03-17 00:08:10,2,303,100,50.7985415360122,6.33125480051859
"1900",2022-03-17 00:08:15,2,303,100,51.7500946408703,7.31859286883388
"1901",2022-03-17 00:08:20,2,303,100,52.3667952391409,7.43614404234197
"1902",2022-03-17 00:08:25,2,303,100,51.3584545010852,6.73945619695365
"1903",2022-03-17 00:08:30,2,303,100,52.1239745805931,7.0632550327166
"1904",2022-03-17 00:08:35,2,303,100,52.0962041024939,6.62386705284168
"1905",2022-03-17 00:08:40,2,303,100,51.6827599264769,6.7387649530105
"1906",2022-03-17 00:08:45,2,303,100,50.6256832323493,6.03702310222273
"1907",2022-03-17 00:08:50,2,303,100,50.8297527119002,7.14286428022039
"1908",2022-03-17 00:08:55,2,303,100,50.5384977121747,7.31030413068259
"1909",2022-03-17 00:09:00,2,303,100,51.8413999765761,6.34764892293255
"1910",2022-03-17 00:09:05,2,303,100,51.9193302469107,6.8184581216916
"1911",2022-03-17 00:09:10,2,303,100,50.3144912736831,6.95901299560639
"1912",2022-03-17 00:09:15,2,303,100,50.5487730241788,6.98025316022489
"1913",2022-03-17 00:09:20,2,303,100,50.7850396457678,6.67843280514144
"1914",2022-03-17 00:09:25,2,303,100,51.8574809575354,6.9010506878838
"1915",2022-03-17 00:09:30,2,303,100,51.4745800259643,6.88918876233575
"1916",2022-03-17 00:09:35,2,303,100,50.3586466837047,6.44095852381563
"1917",2022-03-17 00:09:40,2,303,100,49.9402606109707,6.82882434650155
"1918",2022-03-17 00:09:45,2,303,100,51.6245125319826,7.44476007754553
"1919",2022-03-17 00:09:50,2,303,100,51.312888407611,6.73345301568518
"1920",2022-03-17 00:09:55,2,303,100,50.8367937535454,6.00149761791219
"1921",2022-03-17 00:10:00,2,303,100,51.10130746775,6.8715949742557
"1922",2022-03-17 00:10:05,2,303,100,50.1229687116662,6.19216362075126
"1923",2022-03-17 00:10:10,2,303,100,51.7349428870042,6.63270000961441
"1924",2022-03-17 00:10:15,2,303,100,51.2665332840438,6.81629576453699
"1925",2022-03-17 00:10:20,2,303,100,53.2363132776168,6.34734732654603
"1926",2022-03-17 00:10:25,2,303,100,51.0143442150241,6.30056863355696
"1927",2022-03-17 00:10:30,2,303,100,49.8369142307766,6.36705396561585
"1928",2022-03-17 00:10:35,2,303,100,49.314320576776,6.78562208090397
"1929",2022-03-17 00:10:40,2,303,100,50.5665993083278,6.35857421822342
"1930",2022-03-17 00:10:45,2,303,100,49.5568491619171,6.62336580595521
"1931",2022-03-17 00:10:50,2,303,100,50.0816947760423,6.71566746981856
"1932",2022-03-17 00:10:55,2,303,100,52.3827566315814,6.44387693302371
"1933",2022-03-17 00:11:00,2,303,100,50.8674611580561,6.74283764565985
"1934",2022-03-17 00:11:05,2,303,100,51.0108407611583,6.57020601567204
"1935",2022-03-17 00:11:10,2,303,100,50.6143494177101,6.06446026231623
"1936",2022-03-17 00:11:15,2,303,100,51.2024855979748,6.80201828084234
"1937",2022-03-17 00:11:20,2,303,100,50.8490852422877,6.40151649246752
"1938",2022-03-17 00:11:25,2,303,100,50.1338522553262,6.65103980852369
"1939",2022-03-17 00:11:30,2,303,100,51.148494055551,6.61538796900867
"1940",2022-03-17 00:11:35,2,303,100,50.9783508071386,7.08506895061475
"1941",2022-03-17 00:11:40,2,303,100,49.7044377022434,6.44127136781896
"1942",2022-03-17 00:11:45,2,303,100,51.9677394007166,6.68999502837418
"1943",2022-03-17 00:11:50,2,303,100,51.6534168274747,6.81289351167762
"1944",2022-03-17 00:11:55,2,303,100,51.7736404313859,6.96745615858063
"1945",2022-03-17 00:12:00,2,303,100,51.6073579602528,6.12909994690678
"1946",2022-03-17 00:12:05,2,303,100,50.9747004713157,7.35863325925209
"1947",2022-03-17 00:12:10,2,303,100,51.1640011368675,7.17416971625914
"1948",2022-03-17 00:12:15,2,303,100,50.5217754515913,6.41620689701794
"1949",2022-03-17 00:12:20,2,303,100,51.5959785433112,6.67769886200493
"1950",2022-03-17 00:12:25,2,303,100,51.8772763679319,6.60993643521432
"1951",2022-03-17 00:12:30,2,303,100,51.6660611197109,7.13162250065024
"1952",2022-03-17 00:12:35,2,303,100,51.2091182756266,6.25211936040432
"1953",2022-03-17 00:12:40,2,303,100,52.2270715688621,6.52975989848533
"1954",2022-03-17 00:12:45,2,303,100,51.2046378081057,6.29039060868222
"1955",2022-03-17 00:12:50,2,303,100,52.564746215473,6.96174950730427
"1956",2022-03-17 00:12:55,2,303,100,50.8684530876009,6.73260437038138
"1957",2022-03-17 00:13:00,2,303,100,51.1597074328772,6.65684189944417
"1958",2022-03-17 00:13:05,2,303,100,50.9620744287222,6.68493468212891
"1959",2022-03-17 00:13:10,2,303,100,50.2634514532936,6.77097927009377
"1960",2022-03-17 00:13:15,2,303,100,50.3848297814293,6.19254066512034
"1961",2022-03-17 00:13:20,2,303,100,50.8621441198488,7.20533330257285
"1962",2022-03-17 00:13:25,2,303,100,52.442978644265,6.99401512221035
"1963",2022-03-17 00:13:30,2,303,100,51.3447701645643,6.61909313463696
"1964",2022-03-17 00:13:35,2,303,100,50.6080543131544,7.14778215675067
"1965",2022-03-17 00:13:40,2,303,100,50.4677906863804,5.96110642678659
"1966",2022-03-17 00:13:45,2,303,100,51.6372745499143,7.01504236920032
"1967",2022-03-17 00:13:50,2,303,100,51.3428807992037,6.64018403367114
"1968",2022-03-17 00:13:55,2,303,100,50.5830935127605,6.71699767003641
"1969",2022-03-17 00:14:00,2,303,100,50.6255199141725,6.47064652723015
"1970",2022-03-17 00:14:05,2,303,100,51.9057271206934,5.90891184273752
"1971",2022-03-17 00:14:10,2,303,100,50.7562233476247,7.40885391073099
"1972",2022-03-17 00:14:15,2,303,100,50.6585245639502,6.79373963762063
"1973",2022-03-17 00:14:20,2,303,100,51.198527102561,6.28452738690907
"1974",2022-03-17 00:14:25,2,303,100,50.7799173918015,6.85664443461052
"1975",2022-03-17 00:14:30,2,303,100,50.4422451787218,7.30224460032586
"1976",2022-03-17 00:14:35,2,303,100,51.3162973297695,6.7600192841202
"1977",2022-03-17 00:14:40,2,303,100,51.7132909496165,6.13648220995552
"1978",2022-03-17 00:14:45,2,303,100,51.7954624118929,6.96343015512897
"1979",2022-03-17 00:14:50,2,303,100,49.2510020429155,6.33273691223013
"1980",2022-03-17 00:14:55,2,303,100,50.1569205530065,7.35044265088265
"1981",2022-03-17 00:15:00,2,303,100,50.7117853892164,7.15452010587942
"1982",2022-03-17 00:15:05,2,303,100,49.5252985439075,6.21459371517693
"1983",2022-03-17 00:15:10,2,303,100,50.6826904211763,6.51630909247928
"1984",2022-03-17 00:15:15,2,303,100,51.3987380585551,6.55261470944401
"1985",2022-03-17 00:15:20,2,303,100,50.4610074860742,6.64396833080052
"1986",2022-03-17 00:15:25,2,303,100,51.2131170747865,7.13201354721179
"1987",2022-03-17 00:15:30,2,303,100,52.3975250308965,7.54391629283147
"1988",2022-03-17 00:15:35,2,303,100,50.3037641300676,6.38485590259222
"1989",2022-03-17 00:15:40,2,303,100,50.9986811689769,6.27810380228633
"1990",2022-03-17 00:15:45,2,303,100,50.4669903519016,6.56160848347205
"1991",2022-03-17 00:15:50,2,303,100,49.8507699080289,6.62297624517841
"1992",2022-03-17 00:15:55,2,303,100,51.7495605416449,6.90508453870194
"1993",2022-03-17 00:16:00,2,303,100,50.4866664348923,6.296056951057
"1994",2022-03-17 00:16:05,2,303,100,49.5649476120978,6.34629688292135
"1995",2022-03-17 00:16:10,2,303,100,50.599078406471,6.8917980734985
"1996",2022-03-17 00:16:15,2,303,100,51.465301846459,6.62542214587681
"1997",2022-03-17 00:16:20,2,303,100,50.9163558576568,6.72785569515126
"1998",2022-03-17 00:16:25,2,303,100,50.7628454211364,7.4301759885334
"1999",2022-03-17 00:16:30,2,303,100,49.8695895278618,6.31757742792123
"2000",2022-03-17 00:16:35,2,303,100,51.2583127579574,6.55545275120578
"2001",2022-03-18 00:00:00,2,303,200,51.7355580953394,5.61384490896828
"2002",2022-03-18 00:00:05,2,303,200,51.8884028121745,6.37046555052807
"2003",2022-03-18 00:00:10,2,303,200,51.1936124739666,5.80562709849482
"2004",2022-03-18 00:00:15,2,303,200,49.6549706284207,6.03460177660258
"2005",2022-03-18 00:00:20,2,303,200,51.0212598079893,5.57534191852022
"2006",2022-03-18 00:00:25,2,303,200,50.3503194294468,5.439295210813
"2007",2022-03-18 00:00:30,2,303,200,51.5560169394102,6.38861238480707
"2008",2022-03-18 00:00:35,2,303,200,51.0750372137965,6.26691507067808
"2009",2022-03-18 00:00:40,2,303,200,50.3582877294371,6.32316104800279
"2010",2022-03-18 00:00:45,2,303,200,50.7605763694027,5.24495434128609
"2011",2022-03-18 00:00:50,2,303,200,51.5522781723126,5.73716648467962
"2012",2022-03-18 00:00:55,2,303,200,52.5274218867302,5.81293475767577
"2013",2022-03-18 00:01:00,2,303,200,51.2640086701403,5.75552678300378
"2014",2022-03-18 00:01:05,2,303,200,52.1692276756279,5.51585087513895
"2015",2022-03-18 00:01:10,2,303,200,51.646985017922,6.26622078485821
"2016",2022-03-18 00:01:15,2,303,200,52.7465478765683,5.46515022915274
"2017",2022-03-18 00:01:20,2,303,200,51.8651404780872,5.42178908752754
"2018",2022-03-18 00:01:25,2,303,200,49.7194391473454,6.02281295192265
"2019",2022-03-18 00:01:30,2,303,200,52.0599002779434,6.01811592441658
"2020",2022-03-18 00:01:35,2,303,200,50.0357378038219,5.68446832930707
"2021",2022-03-18 00:01:40,2,303,200,51.6092551314148,5.59178746201516
"2022",2022-03-18 00:01:45,2,303,200,48.8184196827177,5.72843524283673
"2023",2022-03-18 00:01:50,2,303,200,51.1130685193557,6.7016108495711
"2024",2022-03-18 00:01:55,2,303,200,51.8917149878605,6.08926885114416
"2025",2022-03-18 00:02:00,2,303,200,52.7704354071922,6.37055946429323
"2026",2022-03-18 00:02:05,2,303,200,51.6096390490612,5.49624789530046
"2027",2022-03-18 00:02:10,2,303,200,50.1988541310594,5.39294526386723
"2028",2022-03-18 00:02:15,2,303,200,50.8054612923018,6.09387480957504
"2029",2022-03-18 00:02:20,2,303,200,51.0973499732936,6.05516210142614
"2030",2022-03-18 00:02:25,2,303,200,51.1468612802678,6.62956365023255
"2031",2022-03-18 00:02:30,2,303,200,50.3530859116927,5.84714748432441
"2032",2022-03-18 00:02:35,2,303,200,53.524640800506,5.60290438972113
"2033",2022-03-18 00:02:40,2,303,200,53.0965614393217,5.68940886505485
"2034",2022-03-18 00:02:45,2,303,200,51.8470591132223,6.43423041618897
"2035",2022-03-18 00:02:50,2,303,200,50.500304536192,5.56130543828094
"2036",2022-03-18 00:02:55,2,303,200,50.758853585417,5.94304843554432
"2037",2022-03-18 00:03:00,2,303,200,49.0419283326727,5.35634002819195
"2038",2022-03-18 00:03:05,2,303,200,49.9131824089648,5.89452653710332
"2039",2022-03-18 00:03:10,2,303,200,50.806594143876,5.81853186983834
"2040",2022-03-18 00:03:15,2,303,200,52.7966385143874,5.91327056093392
"2041",2022-03-18 00:03:20,2,303,200,51.0298373026779,5.84760778627091
"2042",2022-03-18 00:03:25,2,303,200,51.7504958587242,5.09823333464135
"2043",2022-03-18 00:03:30,2,303,200,52.0221912328687,5.96423988284967
"2044",2022-03-18 00:03:35,2,303,200,52.2188526906549,6.06503641142334
"2045",2022-03-18 00:03:40,2,303,200,50.7039845085464,6.08827345656925
"2046",2022-03-18 00:03:45,2,303,200,49.6019586398854,6.03823013541719
"2047",2022-03-18 00:03:50,2,303,200,50.8959085060181,5.90313046523143
"2048",2022-03-18 00:03:55,2,303,200,49.4303858076692,5.61410229280053
"2049",2022-03-18 00:04:00,2,303,200,50.9121887024363,5.72112889670157
"2050",2022-03-18 00:04:05,2,303,200,50.2815965655447,5.8578023787384
"2051",2022-03-18 00:04:10,2,303,200,50.8488495268419,6.38242547540474
"2052",2022-03-18 00:04:15,2,303,200,49.2134356617239,5.16815099821681
"2053",2022-03-18 00:04:20,2,303,200,49.9007602858734,5.29157070407782
"2054",2022-03-18 00:04:25,2,303,200,51.2208409704469,6.56434028230279
"2055",2022-03-18 00:04:30,2,303,200,50.2187524909495,6.03698412019485
"2056",2022-03-18 00:04:35,2,303,200,49.6488150817668,5.46431755413529
"2057",2022-03-18 00:04:40,2,303,200,49.6620762037558,5.90825923671735
"2058",2022-03-18 00:04:45,2,303,200,49.5143435125472,6.03783119943669
"2059",2022-03-18 00:04:50,2,303,200,51.6035044224419,6.04115039774817
"2060",2022-03-18 00:04:55,2,303,200,49.251841190967,5.64553628584562
"2061",2022-03-18 00:05:00,2,303,200,52.6520890387903,5.27230039595012
"2062",2022-03-18 00:05:05,2,303,200,50.0960946829948,6.31422103806999
"2063",2022-03-18 00:05:10,2,303,200,50.3713829797769,5.98208826700452
"2064",2022-03-18 00:05:15,2,303,200,50.5428439185271,5.31442599551758
"2065",2022-03-18 00:05:20,2,303,200,49.7957849726235,6.34301759062905
"2066",2022-03-18 00:05:25,2,303,200,51.5144504163333,5.19610053535734
"2067",2022-03-18 00:05:30,2,303,200,50.7496369764693,5.85189389823256
"2068",2022-03-18 00:05:35,2,303,200,50.7939177831564,5.52479922126603
"2069",2022-03-18 00:05:40,2,303,200,51.5694217939605,5.25103759489992
"2070",2022-03-18 00:05:45,2,303,200,50.2020859783116,6.25273212090484
"2071",2022-03-18 00:05:50,2,303,200,52.9922670439991,5.9661161622185
"2072",2022-03-18 00:05:55,2,303,200,50.5508168671052,6.33584075124236
"2073",2022-03-18 00:06:00,2,303,200,51.0865379616961,5.92954284459854
"2074",2022-03-18 00:06:05,2,303,200,51.1756354016172,5.87799735119248
"2075",2022-03-18 00:06:10,2,303,200,49.149418659156,5.87465846835001
"2076",2022-03-18 00:06:15,2,303,200,51.4088740937758,5.88668711199052
"2077",2022-03-18 00:06:20,2,303,200,50.8813714002265,5.39289364033055
"2078",2022-03-18 00:06:25,2,303,200,51.3314540797567,5.47233201265088
"2079",2022-03-18 00:06:30,2,303,200,50.21721318331,5.96046214623808
"2080",2022-03-18 00:06:35,2,303,200,50.7381239399698,5.55721372077607
"2081",2022-03-18 00:06:40,2,303,200,52.4220310371674,5.77477825237284
"2082",2022-03-18 00:06:45,2,303,200,50.3539626767848,6.26703933402745
"2083",2022-03-18 00:06:50,2,303,200,51.3881408941732,5.79841278159827
"2084",2022-03-18 00:06:55,2,303,200,51.1270732200506,5.92391541328108
"2085",2022-03-18 00:07:00,2,303,200,49.8047054160559,5.64189575847163
"2086",2022-03-18 00:07:05,2,303,200,51.6601768037479,5.94235444141185
"2087",2022-03-18 00:07:10,2,303,200,52.2084644121484,5.47785915076503
"2088",2022-03-18 00:07:15,2,303,200,50.1402016287527,5.68971535388692
"2089",2022-03-18 00:07:20,2,303,200,50.7900859356136,5.32333962633706
"2090",2022-03-18 00:07:25,2,303,200,49.7886583746527,5.60268248454924
"2091",2022-03-18 00:07:30,2,303,200,50.3687989615496,6.30049315688396
"2092",2022-03-18 00:07:35,2,303,200,51.0394312667707,5.84797828557739
"2093",2022-03-18 00:07:40,2,303,200,51.397596602255,5.50757466327504
"2094",2022-03-18 00:07:45,2,303,200,51.6097739864094,5.9193899926103
"2095",2022-03-18 00:07:50,2,303,200,51.3750534874157,6.09672168441873
"2096",2022-03-18 00:07:55,2,303,200,52.4011713801003,5.77442352809788
"2097",2022-03-18 00:08:00,2,303,200,51.3915676331186,6.66666672016439
"2098",2022-03-18 00:08:05,2,303,200,49.9892475815925,5.54617296896233
"2099",2022-03-18 00:08:10,2,303,200,50.2442992939339,5.42886815255452
"2100",2022-03-18 00:08:15,2,303,200,52.3094205581815,5.62893869201638
"2101",2022-03-18 00:08:20,2,303,200,51.2433237471691,6.08827818386287
"2102",2022-03-18 00:08:25,2,303,200,51.2303112442967,6.17937763859249
"2103",2022-03-18 00:08:30,2,303,200,51.6968449902553,5.82540586404631
"2104",2022-03-18 00:08:35,2,303,200,51.4332552639892,6.54173725642696
"2105",2022-03-18 00:08:40,2,303,200,50.9860653128066,5.81879428695665
"2106",2022-03-18 00:08:45,2,303,200,51.4694378028508,5.7219327769994
"2107",2022-03-18 00:08:50,2,303,200,52.8253433883864,6.25111722931256
"2108",2022-03-18 00:08:55,2,303,200,50.0220173026357,5.56415698776039
"2109",2022-03-18 00:09:00,2,303,200,51.8730689484133,6.16504711898617
"2110",2022-03-18 00:09:05,2,303,200,51.222840122109,6.13514142644305
"2111",2022-03-18 00:09:10,2,303,200,51.6273502555148,5.43720656522619
"2112",2022-03-18 00:09:15,2,303,200,52.9186418076204,5.91665279998593
"2113",2022-03-18 00:09:20,2,303,200,51.3202583034881,6.15444444403771
"2114",2022-03-18 00:09:25,2,303,200,52.0767820924506,5.87610329060788
"2115",2022-03-18 00:09:30,2,303,200,52.9849378790459,6.20639796886758
"2116",2022-03-18 00:09:35,2,303,200,49.9126094528599,5.7131973383504
"2117",2022-03-18 00:09:40,2,303,200,48.8522552329786,5.5734097120839
"2118",2022-03-18 00:09:45,2,303,200,50.8858890203016,5.73150448230396
"2119",2022-03-18 00:09:50,2,303,200,50.8269748151323,6.28936215027884
"2120",2022-03-18 00:09:55,2,303,200,51.8578955073963,6.15919918450725
"2121",2022-03-18 00:10:00,2,303,200,51.0752765803678,4.71691854012884
"2122",2022-03-18 00:10:05,2,303,200,50.6147450095631,5.94348959494755
"2123",2022-03-18 00:10:10,2,303,200,49.9130861077013,6.13747651361712
"2124",2022-03-18 00:10:15,2,303,200,49.9105723487412,5.55465156256264
"2125",2022-03-18 00:10:20,2,303,200,49.8599710639477,5.86031991391303
"2126",2022-03-18 00:10:25,2,303,200,50.9019040503275,5.16548948973824
"2127",2022-03-18 00:10:30,2,303,200,49.909750070099,6.18568984961111
"2128",2022-03-18 00:10:35,2,303,200,51.6131150647133,5.87034562155432
"2129",2022-03-18 00:10:40,2,303,200,48.5754347488627,5.44121786758807
"2130",2022-03-18 00:10:45,2,303,200,51.764310877445,5.86578044638483
"2131",2022-03-18 00:10:50,2,303,200,52.3720567762613,5.81756198005145
"2132",2022-03-18 00:10:55,2,303,200,50.8988640358463,6.43238084772556
"2133",2022-03-18 00:11:00,2,303,200,51.6851068549373,5.51353694010858
"2134",2022-03-18 00:11:05,2,303,200,51.3655400986102,5.80898905749628
"2135",2022-03-18 00:11:10,2,303,200,50.7550637716249,6.19055568253034
"2136",2022-03-18 00:11:15,2,303,200,51.5236658073528,5.7397625308461
"2137",2022-03-18 00:11:20,2,303,200,50.7168736664303,5.89986783109164
"2138",2022-03-18 00:11:25,2,303,200,49.8743437455539,5.60990457302138
"2139",2022-03-18 00:11:30,2,303,200,50.9733203257903,5.5781223643469
"2140",2022-03-18 00:11:35,2,303,200,50.1028634983112,5.82897550308429
"2141",2022-03-18 00:11:40,2,303,200,48.4756557575179,6.34546796652423
"2142",2022-03-18 00:11:45,2,303,200,52.4837850794895,5.30119491019378
"2143",2022-03-18 00:11:50,2,303,200,49.7628245118656,6.19725168876862
"2144",2022-03-18 00:11:55,2,303,200,50.3931769420335,5.49134811883679
"2145",2022-03-18 00:12:00,2,303,200,50.3711240381539,5.95071428772714
"2146",2022-03-18 00:12:05,2,303,200,50.1071793975436,5.99831181591334
"2147",2022-03-18 00:12:10,2,303,200,50.3259378977337,5.92851799341557
"2148",2022-03-18 00:12:15,2,303,200,52.6952129318525,5.60963854374143
"2149",2022-03-18 00:12:20,2,303,200,50.4276633895116,5.73292281996238
"2150",2022-03-18 00:12:25,2,303,200,50.2171170297755,6.11406500273866
"2151",2022-03-18 00:12:30,2,303,200,51.1664098329561,6.33680732969099
"2152",2022-03-18 00:12:35,2,303,200,50.1503499195157,5.46561192478964
"2153",2022-03-18 00:12:40,2,303,200,51.0195490078732,5.71315260651688
"2154",2022-03-18 00:12:45,2,303,200,50.8128243916558,5.22183605378014
"2155",2022-03-18 00:12:50,2,303,200,50.1658306175066,5.98693024874766
"2156",2022-03-18 00:12:55,2,303,200,50.5943226165614,5.56200429003832
"2157",2022-03-18 00:13:00,2,303,200,51.2541505644017,6.08538787614062
"2158",2022-03-18 00:13:05,2,303,200,49.4856924555981,6.44377357856863
"2159",2022-03-18 00:13:10,2,303,200,50.6316227928335,5.99489656762619
"2160",2022-03-18 00:13:15,2,303,200,49.0992311395325,5.86435888559936
"2161",2022-03-18 00:13:20,2,303,200,50.9545065013551,5.82112387253057
"2162",2022-03-18 00:13:25,2,303,200,50.8213000444909,5.45991593567738
"2163",2022-03-18 00:13:30,2,303,200,50.1306838534748,5.87872651975853
"2164",2022-03-18 00:13:35,2,303,200,50.6922645337,5.96797473315898
"2165",2022-03-18 00:13:40,2,303,200,50.6879407755594,6.25072325756676
"2166",2022-03-18 00:13:45,2,303,200,51.1540013223219,5.87931108634529
"2167",2022-03-18 00:13:50,2,303,200,51.8305877427746,5.53903729872899
"2168",2022-03-18 00:13:55,2,303,200,51.0471706255602,6.04422589339657
"2169",2022-03-18 00:14:00,2,303,200,52.1091168253936,5.7236021348279
"2170",2022-03-18 00:14:05,2,303,200,50.6357241089176,6.21672758619422
"2171",2022-03-18 00:14:10,2,303,200,52.162965400349,6.01102193869198
"2172",2022-03-18 00:14:15,2,303,200,50.1842579428036,5.94962503937234
"2173",2022-03-18 00:14:20,2,303,200,51.8319975882129,6.02989834291871
"2174",2022-03-18 00:14:25,2,303,200,50.3303730916973,5.58013668502783
"2175",2022-03-18 00:14:30,2,303,200,50.7662374410067,5.90754810957751
"2176",2022-03-18 00:14:35,2,303,200,51.3705093134699,5.11557569940633
"2177",2022-03-18 00:14:40,2,303,200,49.9445069873394,5.55509670993751
"2178",2022-03-18 00:14:45,2,303,200,52.7226193872722,5.85749511799026
"2179",2022-03-18 00:14:50,2,303,200,51.0459531877104,5.84559421574197
"2180",2022-03-18 00:14:55,2,303,200,51.3356015466995,5.9664788477495
"2181",2022-03-18 00:15:00,2,303,200,49.2927966703918,6.23449835360183
"2182",2022-03-18 00:15:05,2,303,200,48.9317394923881,6.2517536977591
"2183",2022-03-18 00:15:10,2,303,200,51.241667252334,5.64109285157232
"2184",2022-03-18 00:15:15,2,303,200,51.3115455032857,5.34904830095261
"2185",2022-03-18 00:15:20,2,303,200,49.8184431552545,6.65277138342235
"2186",2022-03-18 00:15:25,2,303,200,51.3723415115456,6.4320100216125
"2187",2022-03-18 00:15:30,2,303,200,50.9193857098529,5.74767086253623
"2188",2022-03-18 00:15:35,2,303,200,51.2711793712436,5.32824375321151
"2189",2022-03-18 00:15:40,2,303,200,50.3678960054137,6.19467575636002
"2190",2022-03-18 00:15:45,2,303,200,49.7356623213171,5.92311118421372
"2191",2022-03-18 00:15:50,2,303,200,50.6241034533733,6.0112324584043
"2192",2022-03-18 00:15:55,2,303,200,49.433426623299,4.91729805591501
"2193",2022-03-18 00:16:00,2,303,200,51.5938448493445,5.63955870320984
"2194",2022-03-18 00:16:05,2,303,200,52.1052193126349,5.53537767695684
"2195",2022-03-18 00:16:10,2,303,200,52.2813347806633,5.5788419486474
"2196",2022-03-18 00:16:15,2,303,200,49.9651142152416,5.72544506654002
"2197",2022-03-18 00:16:20,2,303,200,51.2694020093743,6.00073990782087
"2198",2022-03-18 00:16:25,2,303,200,51.1645945772945,6.23524974970042
"2199",2022-03-18 00:16:30,2,303,200,51.3627329544033,6.04172483579168
"2200",2022-03-18 00:16:35,2,303,200,50.8464889150285,5.78537378127566
"2201",2022-03-19 00:00:00,2,303,300,51.1041453671582,5.85528155917327
"2202",2022-03-19 00:00:05,2,303,300,51.2396126068998,5.2349355503827
"2203",2022-03-19 00:00:10,2,303,300,50.4244248603669,5.01622463702045
"2204",2022-03-19 00:00:15,2,303,300,52.0434480818923,5.39039725701778
"2205",2022-03-19 00:00:20,2,303,300,51.4758451404656,5.16391291411491
"2206",2022-03-19 00:00:25,2,303,300,51.1683495695591,5.22139464904071
"2207",2022-03-19 00:00:30,2,303,300,50.0013838626755,5.11257917219625
"2208",2022-03-19 00:00:35,2,303,300,50.4496785087305,4.48789628951914
"2209",2022-03-19 00:00:40,2,303,300,50.4809282257713,4.38166066366859
"2210",2022-03-19 00:00:45,2,303,300,50.1762715692909,5.034356924544
"2211",2022-03-19 00:00:50,2,303,300,52.8984375372218,5.05513184385813
"2212",2022-03-19 00:00:55,2,303,300,50.9875615976365,5.56978657124597
"2213",2022-03-19 00:01:00,2,303,300,51.5981620113491,4.97171273289097
"2214",2022-03-19 00:01:05,2,303,300,49.8897392998873,5.11572147885069
"2215",2022-03-19 00:01:10,2,303,300,51.897970837641,5.62849617652658
"2216",2022-03-19 00:01:15,2,303,300,49.3088927971397,4.94791995955573
"2217",2022-03-19 00:01:20,2,303,300,50.6029850069378,5.39550219758006
"2218",2022-03-19 00:01:25,2,303,300,50.0610404306704,4.91141328700718
"2219",2022-03-19 00:01:30,2,303,300,49.8350980177326,4.87138393881082
"2220",2022-03-19 00:01:35,2,303,300,49.1574694228545,4.72662170063807
"2221",2022-03-19 00:01:40,2,303,300,52.3112705408163,4.92472941096146
"2222",2022-03-19 00:01:45,2,303,300,51.7273484522713,5.31427385340699
"2223",2022-03-19 00:01:50,2,303,300,52.1480671173182,4.99243335445273
"2224",2022-03-19 00:01:55,2,303,300,49.9084003875426,5.08377129098941
"2225",2022-03-19 00:02:00,2,303,300,51.1958707064635,5.64657296229107
"2226",2022-03-19 00:02:05,2,303,300,51.0093898595349,5.71556797617086
"2227",2022-03-19 00:02:10,2,303,300,51.0302029358537,4.72948672071446
"2228",2022-03-19 00:02:15,2,303,300,51.7543140415655,5.29691572881129
"2229",2022-03-19 00:02:20,2,303,300,49.3676928682238,6.22349160702294
"2230",2022-03-19 00:02:25,2,303,300,50.8173385259717,5.4874092272952
"2231",2022-03-19 00:02:30,2,303,300,52.4910527425213,5.21390299983806
"2232",2022-03-19 00:02:35,2,303,300,52.7118678421981,5.13641864557836
"2233",2022-03-19 00:02:40,2,303,300,50.1389406886362,5.3075897177171
"2234",2022-03-19 00:02:45,2,303,300,51.1383583375126,5.23429234725253
"2235",2022-03-19 00:02:50,2,303,300,51.6239212928004,5.14250935980634
"2236",2022-03-19 00:02:55,2,303,300,50.7985465955193,5.99117374905535
"2237",2022-03-19 00:03:00,2,303,300,51.0102800731247,5.27835057364159
"2238",2022-03-19 00:03:05,2,303,300,49.6991781084386,5.23528965015845
"2239",2022-03-19 00:03:10,2,303,300,51.9934334328662,4.80437897678854
"2240",2022-03-19 00:03:15,2,303,300,50.6200956113056,5.82557589952212
"2241",2022-03-19 00:03:20,2,303,300,52.7264922306637,5.14485119184877
"2242",2022-03-19 00:03:25,2,303,300,50.9894296267709,5.26719856950905
"2243",2022-03-19 00:03:30,2,303,300,49.9053829241812,5.3412959300685
"2244",2022-03-19 00:03:35,2,303,300,50.6198253312131,4.93938282997678
"2245",2022-03-19 00:03:40,2,303,300,50.3952591847865,4.77904022763887
"2246",2022-03-19 00:03:45,2,303,300,50.7475317496189,5.12796323467629
"2247",2022-03-19 00:03:50,2,303,300,51.1291871730509,5.14805829800267
"2248",2022-03-19 00:03:55,2,303,300,50.1501887543006,5.53450841569997
"2249",2022-03-19 00:04:00,2,303,300,50.7581854406334,5.0996967650733
"2250",2022-03-19 00:04:05,2,303,300,52.8787204970264,4.7943402741847
"2251",2022-03-19 00:04:10,2,303,300,49.8028461627565,5.37429996182816
"2252",2022-03-19 00:04:15,2,303,300,50.8223808889165,4.81734960917543
"2253",2022-03-19 00:04:20,2,303,300,50.4203398079097,5.02469203338811
"2254",2022-03-19 00:04:25,2,303,300,51.5578416030374,5.60129600808892
"2255",2022-03-19 00:04:30,2,303,300,51.0282768778441,5.04820454030637
"2256",2022-03-19 00:04:35,2,303,300,49.1901488873248,5.03680642307635
"2257",2022-03-19 00:04:40,2,303,300,49.9538437490641,5.13541680660525
"2258",2022-03-19 00:04:45,2,303,300,50.0824507625504,4.73448431011747
"2259",2022-03-19 00:04:50,2,303,300,49.2353407020844,4.39450181633149
"2260",2022-03-19 00:04:55,2,303,300,50.2974024612421,4.52706531578163
"2261",2022-03-19 00:05:00,2,303,300,50.1273323433994,4.96044366727035
"2262",2022-03-19 00:05:05,2,303,300,49.6244537097021,4.72256332815452
"2263",2022-03-19 00:05:10,2,303,300,50.1876930056514,4.8787646811843
"2264",2022-03-19 00:05:15,2,303,300,49.6558740532123,5.68706291159887
"2265",2022-03-19 00:05:20,2,303,300,52.0997329223016,4.81990466746244
"2266",2022-03-19 00:05:25,2,303,300,51.2094612764887,5.39113914170534
"2267",2022-03-19 00:05:30,2,303,300,49.7789130713813,5.43232303779535
"2268",2022-03-19 00:05:35,2,303,300,50.447618326923,5.35991160025411
"2269",2022-03-19 00:05:40,2,303,300,51.5685344157494,4.57621265688956
"2270",2022-03-19 00:05:45,2,303,300,48.1324855253206,5.15048298358676
"2271",2022-03-19 00:05:50,2,303,300,49.6993898167692,5.18834998561772
"2272",2022-03-19 00:05:55,2,303,300,50.1784358149151,4.82210647537127
"2273",2022-03-19 00:06:00,2,303,300,50.8574801882872,5.26400016449532
"2274",2022-03-19 00:06:05,2,303,300,53.3045497382986,4.63354099765398
"2275",2022-03-19 00:06:10,2,303,300,48.6032581800202,4.98085077976452
"2276",2022-03-19 00:06:15,2,303,300,51.8101828132378,4.87539295271311
"2277",2022-03-19 00:06:20,2,303,300,52.2489166768605,5.31110816738478
"2278",2022-03-19 00:06:25,2,303,300,50.3213861133111,4.43181741734372
"2279",2022-03-19 00:06:30,2,303,300,50.9510620196147,4.95478150785421
"2280",2022-03-19 00:06:35,2,303,300,50.0473517861352,5.18607133704481
"2281",2022-03-19 00:06:40,2,303,300,51.0296605257284,4.73843960315056
"2282",2022-03-19 00:06:45,2,303,300,51.0861434938605,4.98920298458626
"2283",2022-03-19 00:06:50,2,303,300,50.0021613749539,5.03807439744353
"2284",2022-03-19 00:06:55,2,303,300,52.6843800599764,5.12641659464942
"2285",2022-03-19 00:07:00,2,303,300,50.0438349709473,4.81659906200416
"2286",2022-03-19 00:07:05,2,303,300,49.6598709869029,5.36961132597373
"2287",2022-03-19 00:07:10,2,303,300,49.147694858618,4.79536637575494
"2288",2022-03-19 00:07:15,2,303,300,52.2645428466992,5.13043829246074
"2289",2022-03-19 00:07:20,2,303,300,49.6321162269363,5.55013199869979
"2290",2022-03-19 00:07:25,2,303,300,49.3845095698463,5.13630217301831
"2291",2022-03-19 00:07:30,2,303,300,51.3682827605466,5.44174035240623
"2292",2022-03-19 00:07:35,2,303,300,51.4125907027671,4.71841314342732
"2293",2022-03-19 00:07:40,2,303,300,51.4011420731933,5.12491588043153
"2294",2022-03-19 00:07:45,2,303,300,50.2012932710324,5.13772789224351
"2295",2022-03-19 00:07:50,2,303,300,50.8582791229334,5.15818912339078
"2296",2022-03-19 00:07:55,2,303,300,52.0771205883177,4.76587923960665
"2297",2022-03-19 00:08:00,2,303,300,49.7706952818381,5.17394287827326
"2298",2022-03-19 00:08:05,2,303,300,50.9193245450775,4.86574741304476
"2299",2022-03-19 00:08:10,2,303,300,51.7381335395542,4.55614758357061
"2300",2022-03-19 00:08:15,2,303,300,49.7731360568599,5.32688272715855
"2301",2022-03-19 00:08:20,2,303,300,50.259099520306,5.09751521262199
"2302",2022-03-19 00:08:25,2,303,300,52.1352096798681,4.48786901707414
"2303",2022-03-19 00:08:30,2,303,300,49.6937756326605,4.5811974466777
"2304",2022-03-19 00:08:35,2,303,300,50.6826708121488,5.05716133761481
"2305",2022-03-19 00:08:40,2,303,300,51.0564040928816,5.25795660309873
"2306",2022-03-19 00:08:45,2,303,300,52.9416740306683,5.40823585019166
"2307",2022-03-19 00:08:50,2,303,300,52.0018456859399,5.47906234823684
"2308",2022-03-19 00:08:55,2,303,300,50.039671747874,5.01585483730782
"2309",2022-03-19 00:09:00,2,303,300,51.8423080486087,5.29951253020023
"2310",2022-03-19 00:09:05,2,303,300,52.2913455157088,5.75596598574031
"2311",2022-03-19 00:09:10,2,303,300,51.0451295807731,4.9574831530064
"2312",2022-03-19 00:09:15,2,303,300,51.8108172669477,5.15783161957191
"2313",2022-03-19 00:09:20,2,303,300,51.4513693669094,4.59659375674758
"2314",2022-03-19 00:09:25,2,303,300,49.2767191071669,4.67738377680865
"2315",2022-03-19 00:09:30,2,303,300,50.7740644897955,5.23216789120261
"2316",2022-03-19 00:09:35,2,303,300,52.8076236059221,5.54820126976734
"2317",2022-03-19 00:09:40,2,303,300,50.6472576145264,5.09236522209601
"2318",2022-03-19 00:09:45,2,303,300,51.2856993827008,5.50086041587886
"2319",2022-03-19 00:09:50,2,303,300,47.8331849925701,4.80311161443528
"2320",2022-03-19 00:09:55,2,303,300,50.0659502023607,4.87554673404016
"2321",2022-03-19 00:10:00,2,303,300,51.2447114304225,4.74553100958142
"2322",2022-03-19 00:10:05,2,303,300,49.7627547947155,4.80462168215541
"2323",2022-03-19 00:10:10,2,303,300,50.5797538789004,4.42171230448161
"2324",2022-03-19 00:10:15,2,303,300,51.8550519252642,5.13009626358566
"2325",2022-03-19 00:10:20,2,303,300,48.8399478608169,5.02763596336565
"2326",2022-03-19 00:10:25,2,303,300,51.5377937886001,4.60203470730408
"2327",2022-03-19 00:10:30,2,303,300,52.1305104261677,4.96961676946861
"2328",2022-03-19 00:10:35,2,303,300,50.4703604145102,5.14287696236218
"2329",2022-03-19 00:10:40,2,303,300,50.7615518548438,5.2149420546891
"2330",2022-03-19 00:10:45,2,303,300,50.6203412285315,5.30440655323985
"2331",2022-03-19 00:10:50,2,303,300,50.256797349663,4.73122091235935
"2332",2022-03-19 00:10:55,2,303,300,49.8090813134827,5.19138691802461
"2333",2022-03-19 00:11:00,2,303,300,50.4963078010017,4.8321148041689
"2334",2022-03-19 00:11:05,2,303,300,50.6082181428519,5.36193119140732
"2335",2022-03-19 00:11:10,2,303,300,49.5823551729182,4.55504769327651
"2336",2022-03-19 00:11:15,2,303,300,52.0164333753568,5.64344724645064
"2337",2022-03-19 00:11:20,2,303,300,52.2159107975937,4.68267875512081
"2338",2022-03-19 00:11:25,2,303,300,52.1807905083428,5.0050780383021
"2339",2022-03-19 00:11:30,2,303,300,52.0047136811139,5.00164217961844
"2340",2022-03-19 00:11:35,2,303,300,51.5810053592319,5.1826811787536
"2341",2022-03-19 00:11:40,2,303,300,51.0463595531854,5.05881605673043
"2342",2022-03-19 00:11:45,2,303,300,50.9754359612965,4.9391507039451
"2343",2022-03-19 00:11:50,2,303,300,49.7683012784253,4.43942944343038
"2344",2022-03-19 00:11:55,2,303,300,51.6989006649537,4.80947839204036
"2345",2022-03-19 00:12:00,2,303,300,51.9096146224711,5.72334115770193
"2346",2022-03-19 00:12:05,2,303,300,51.8404110351807,4.70263204407145
"2347",2022-03-19 00:12:10,2,303,300,50.700710698845,5.22206556250681
"2348",2022-03-19 00:12:15,2,303,300,50.4739114903671,5.31033420523977
"2349",2022-03-19 00:12:20,2,303,300,49.2189378498833,5.02324182024399
"2350",2022-03-19 00:12:25,2,303,300,50.7949437765714,4.81258681897473
"2351",2022-03-19 00:12:30,2,303,300,50.1279703084258,4.95937450294792
"2352",2022-03-19 00:12:35,2,303,300,50.7117555873866,5.27879990834433
"2353",2022-03-19 00:12:40,2,303,300,52.3952206184771,4.74433136028404
"2354",2022-03-19 00:12:45,2,303,300,50.7445103678968,5.29023595572283
"2355",2022-03-19 00:12:50,2,303,300,51.1796957803951,4.65807579216681
"2356",2022-03-19 00:12:55,2,303,300,50.7433047644534,5.54403599023845
"2357",2022-03-19 00:13:00,2,303,300,53.5980418609046,5.38969853195446
"2358",2022-03-19 00:13:05,2,303,300,51.4080859345692,5.28960413047629
"2359",2022-03-19 00:13:10,2,303,300,49.8746302598592,5.07766269809732
"2360",2022-03-19 00:13:15,2,303,300,49.2223351100449,5.33348519159179
"2361",2022-03-19 00:13:20,2,303,300,49.4940932513104,4.95767215878081
"2362",2022-03-19 00:13:25,2,303,300,49.4107827004519,4.97521988673484
"2363",2022-03-19 00:13:30,2,303,300,50.5949028378108,5.36860017862141
"2364",2022-03-19 00:13:35,2,303,300,49.2021737517305,4.95237761331144
"2365",2022-03-19 00:13:40,2,303,300,50.7092154752615,4.52055689042107
"2366",2022-03-19 00:13:45,2,303,300,50.6722912175726,5.43971105588854
"2367",2022-03-19 00:13:50,2,303,300,52.6031317188981,5.03564860406817
"2368",2022-03-19 00:13:55,2,303,300,51.0719692381996,5.07589412310177
"2369",2022-03-19 00:14:00,2,303,300,49.2580446740039,4.77955632587951
"2370",2022-03-19 00:14:05,2,303,300,51.1668624028946,4.90409501150325
"2371",2022-03-19 00:14:10,2,303,300,52.1524476509394,5.3286429549894
"2372",2022-03-19 00:14:15,2,303,300,50.9101281383222,4.69322451419424
"2373",2022-03-19 00:14:20,2,303,300,51.0403115846026,4.85078930244973
"2374",2022-03-19 00:14:25,2,303,300,50.9534481842148,4.47917442636087
"2375",2022-03-19 00:14:30,2,303,300,51.0915892740108,5.07604891706563
"2376",2022-03-19 00:14:35,2,303,300,51.7007152449354,4.66697812439418
"2377",2022-03-19 00:14:40,2,303,300,50.7603083208211,5.18606954171478
"2378",2022-03-19 00:14:45,2,303,300,52.5158554314273,4.68401877023359
"2379",2022-03-19 00:14:50,2,303,300,49.8056237867912,5.4271024350732
"2380",2022-03-19 00:14:55,2,303,300,52.1764068076809,4.77871564590259
"2381",2022-03-19 00:15:00,2,303,300,50.9857022499028,4.63655764060365
"2382",2022-03-19 00:15:05,2,303,300,51.1920234962345,6.00301859694273
"2383",2022-03-19 00:15:10,2,303,300,48.4620519955649,4.76578136161463
"2384",2022-03-19 00:15:15,2,303,300,51.9418466177756,4.94459032095557
"2385",2022-03-19 00:15:20,2,303,300,49.9972847468632,5.78123346491228
"2386",2022-03-19 00:15:25,2,303,300,52.664222418153,4.93117924080759
"2387",2022-03-19 00:15:30,2,303,300,51.7308106721913,5.21571437630833
"2388",2022-03-19 00:15:35,2,303,300,51.3339718669564,4.92319497884
"2389",2022-03-19 00:15:40,2,303,300,51.1066686807631,5.51534152993317
"2390",2022-03-19 00:15:45,2,303,300,51.8145151206871,4.95496825515335
"2391",2022-03-19 00:15:50,2,303,300,51.2337952305311,5.73230712164229
"2392",2022-03-19 00:15:55,2,303,300,51.2925538064709,4.9657709833975
"2393",2022-03-19 00:16:00,2,303,300,50.2243206020861,4.68945929732666
"2394",2022-03-19 00:16:05,2,303,300,52.9005250301157,4.81245886317043
"2395",2022-03-19 00:16:10,2,303,300,51.606969249497,5.45845101546993
"2396",2022-03-19 00:16:15,2,303,300,50.0980889311044,5.37123221155283
"2397",2022-03-19 00:16:20,2,303,300,52.6224289541221,5.09336044949587
"2398",2022-03-19 00:16:25,2,303,300,50.4433172861115,4.82815288978708
"2399",2022-03-19 00:16:30,2,303,300,50.5119494977113,5.46711897549141
"2400",2022-03-19 00:16:35,2,303,300,51.4391562269934,4.62061237972523
"2401",2022-03-20 00:00:00,2,338,100,51.0748476035951,6.43287508771388
"2402",2022-03-20 00:00:05,2,338,100,50.9401976543617,6.46484944894362
"2403",2022-03-20 00:00:10,2,338,100,51.561117488882,6.5606361344462
"2404",2022-03-20 00:00:15,2,338,100,50.9896673222011,6.15118286347659
"2405",2022-03-20 00:00:20,2,338,100,51.3945681011206,6.59270703312244
"2406",2022-03-20 00:00:25,2,338,100,50.5740553700343,6.57129878397389
"2407",2022-03-20 00:00:30,2,338,100,50.6859834070617,6.77967918487121
"2408",2022-03-20 00:00:35,2,338,100,51.8054576179371,6.93780274741152
"2409",2022-03-20 00:00:40,2,338,100,51.9193303859621,6.62924205424734
"2410",2022-03-20 00:00:45,2,338,100,50.5623179929716,6.71641098237793
"2411",2022-03-20 00:00:50,2,338,100,50.8692447722829,6.50922080141642
"2412",2022-03-20 00:00:55,2,338,100,51.7073898330619,6.17027663318822
"2413",2022-03-20 00:01:00,2,338,100,48.5169563635406,6.32250286211652
"2414",2022-03-20 00:01:05,2,338,100,52.6182377168656,7.08307881213276
"2415",2022-03-20 00:01:10,2,338,100,49.5686302506586,6.83666169286421
"2416",2022-03-20 00:01:15,2,338,100,50.863176843787,6.25668169837024
"2417",2022-03-20 00:01:20,2,338,100,50.8996132256445,5.71152662703443
"2418",2022-03-20 00:01:25,2,338,100,51.5390678278015,7.28141659840998
"2419",2022-03-20 00:01:30,2,338,100,49.4055672997271,6.23339756174253
"2420",2022-03-20 00:01:35,2,338,100,50.3027801996426,6.96469611615054
"2421",2022-03-20 00:01:40,2,338,100,49.620021410124,6.12310959857216
"2422",2022-03-20 00:01:45,2,338,100,51.7814669116176,6.409025449091
"2423",2022-03-20 00:01:50,2,338,100,48.750313828914,6.82910319617452
"2424",2022-03-20 00:01:55,2,338,100,50.3055896146573,5.91970469011921
"2425",2022-03-20 00:02:00,2,338,100,50.9676009645963,7.00798667082442
"2426",2022-03-20 00:02:05,2,338,100,51.4953602905031,6.87056637342867
"2427",2022-03-20 00:02:10,2,338,100,51.6050158345498,6.9867779583697
"2428",2022-03-20 00:02:15,2,338,100,50.5523671775823,6.87642500193214
"2429",2022-03-20 00:02:20,2,338,100,50.7768694623727,6.59700735354615
"2430",2022-03-20 00:02:25,2,338,100,52.5110090338539,6.48213631726999
"2431",2022-03-20 00:02:30,2,338,100,49.8233294706143,6.49344080692263
"2432",2022-03-20 00:02:35,2,338,100,50.9296904550743,6.7217152785209
"2433",2022-03-20 00:02:40,2,338,100,49.6710089873972,6.13656344356085
"2434",2022-03-20 00:02:45,2,338,100,49.9240750289649,6.94624344415368
"2435",2022-03-20 00:02:50,2,338,100,52.8612227363905,6.59771184877595
"2436",2022-03-20 00:02:55,2,338,100,50.495746077287,7.10287856338037
"2437",2022-03-20 00:03:00,2,338,100,51.0989765934324,6.50660520721955
"2438",2022-03-20 00:03:05,2,338,100,51.3192081576422,6.51268082025744
"2439",2022-03-20 00:03:10,2,338,100,51.5408332098585,6.51481972791244
"2440",2022-03-20 00:03:15,2,338,100,48.1750415564328,6.74037525708227
"2441",2022-03-20 00:03:20,2,338,100,51.6640102736055,6.70502921691905
"2442",2022-03-20 00:03:25,2,338,100,52.9775588168706,6.52987350831533
"2443",2022-03-20 00:03:30,2,338,100,51.970638918389,6.43486780336994
"2444",2022-03-20 00:03:35,2,338,100,51.5945772706335,7.31921341565303
"2445",2022-03-20 00:03:40,2,338,100,51.0084715445012,6.38426637522178
"2446",2022-03-20 00:03:45,2,338,100,52.6081203344186,6.8288740776306
"2447",2022-03-20 00:03:50,2,338,100,49.2598438789956,6.31202191596904
"2448",2022-03-20 00:03:55,2,338,100,50.458551396492,6.51247859186763
"2449",2022-03-20 00:04:00,2,338,100,49.3565496198186,6.73087840861613
"2450",2022-03-20 00:04:05,2,338,100,49.8788085474463,6.48162043718099
"2451",2022-03-20 00:04:10,2,338,100,52.1497499520323,6.0382009451609
"2452",2022-03-20 00:04:15,2,338,100,49.675031629456,6.58099671313387
"2453",2022-03-20 00:04:20,2,338,100,48.9746763504271,6.49481805981938
"2454",2022-03-20 00:04:25,2,338,100,51.147866645777,5.90288573708514
"2455",2022-03-20 00:04:30,2,338,100,50.6765882341137,6.45141881841899
"2456",2022-03-20 00:04:35,2,338,100,51.303686487291,6.71337416937118
"2457",2022-03-20 00:04:40,2,338,100,50.6292226298587,7.25640343835953
"2458",2022-03-20 00:04:45,2,338,100,50.7022263121508,5.59091888386851
"2459",2022-03-20 00:04:50,2,338,100,51.323486797092,6.32980162600323
"2460",2022-03-20 00:04:55,2,338,100,53.6208173164174,7.21556733998532
"2461",2022-03-20 00:05:00,2,338,100,48.880090250289,6.43518762889332
"2462",2022-03-20 00:05:05,2,338,100,50.9056989428703,6.79351209964436
"2463",2022-03-20 00:05:10,2,338,100,51.5817574519603,6.48674688698206
"2464",2022-03-20 00:05:15,2,338,100,50.6313683545179,6.36666820989961
"2465",2022-03-20 00:05:20,2,338,100,50.6125940138361,6.66164422333691
"2466",2022-03-20 00:05:25,2,338,100,51.6074786613977,6.83521798447853
"2467",2022-03-20 00:05:30,2,338,100,50.0891582317446,6.64228250731083
"2468",2022-03-20 00:05:35,2,338,100,51.3682342855326,6.77399862029834
"2469",2022-03-20 00:05:40,2,338,100,50.8721903756145,6.82032577214369
"2470",2022-03-20 00:05:45,2,338,100,51.6214187945434,6.30052923054623
"2471",2022-03-20 00:05:50,2,338,100,50.4950509950385,7.18610548693263
"2472",2022-03-20 00:05:55,2,338,100,51.4608084663863,7.16387513276413
"2473",2022-03-20 00:06:00,2,338,100,51.9145695513613,6.85438623606516
"2474",2022-03-20 00:06:05,2,338,100,52.5326064368753,6.36725420513273
"2475",2022-03-20 00:06:10,2,338,100,49.9965912024927,6.14277209649533
"2476",2022-03-20 00:06:15,2,338,100,51.3538453828504,6.20856720991776
"2477",2022-03-20 00:06:20,2,338,100,53.3012254626541,6.22827385715298
"2478",2022-03-20 00:06:25,2,338,100,51.7218430106793,6.6319886824238
"2479",2022-03-20 00:06:30,2,338,100,51.2841072512297,6.85937550126217
"2480",2022-03-20 00:06:35,2,338,100,51.0604588329679,7.25195354653964
"2481",2022-03-20 00:06:40,2,338,100,51.6428167055369,6.31726671597543
"2482",2022-03-20 00:06:45,2,338,100,52.6691483984563,6.94211133502468
"2483",2022-03-20 00:06:50,2,338,100,51.8376518445399,6.87035636570281
"2484",2022-03-20 00:06:55,2,338,100,50.3319660163532,6.38083168569146
"2485",2022-03-20 00:07:00,2,338,100,51.2015378776471,6.63478057547584
"2486",2022-03-20 00:07:05,2,338,100,49.953442172221,7.08233031448672
"2487",2022-03-20 00:07:10,2,338,100,51.2841949823761,7.19460334381353
"2488",2022-03-20 00:07:15,2,338,100,51.6984560394955,7.23915556405057
"2489",2022-03-20 00:07:20,2,338,100,50.6734074370456,6.71467887809599
"2490",2022-03-20 00:07:25,2,338,100,52.9208650573773,6.76771646679511
"2491",2022-03-20 00:07:30,2,338,100,52.5670433448192,6.27189504449059
"2492",2022-03-20 00:07:35,2,338,100,49.7988278220062,6.70325993284207
"2493",2022-03-20 00:07:40,2,338,100,49.1093173259984,6.20263411159999
"2494",2022-03-20 00:07:45,2,338,100,51.2002075720379,6.74060214275738
"2495",2022-03-20 00:07:50,2,338,100,50.8707414702685,7.04747303997544
"2496",2022-03-20 00:07:55,2,338,100,50.4994644715804,6.13354527564135
"2497",2022-03-20 00:08:00,2,338,100,50.9307388196112,6.8027135029991
"2498",2022-03-20 00:08:05,2,338,100,51.0159323629172,6.57362953713837
"2499",2022-03-20 00:08:10,2,338,100,50.7408450609737,6.2051561329092
"2500",2022-03-20 00:08:15,2,338,100,50.5975101026264,7.43564586645534
"2501",2022-03-20 00:08:20,2,338,100,52.0879587856379,6.33630137632344
"2502",2022-03-20 00:08:25,2,338,100,51.2738845242095,7.06328755026207
"2503",2022-03-20 00:08:30,2,338,100,49.9720767455603,6.45078163748472
"2504",2022-03-20 00:08:35,2,338,100,50.161784969695,6.70371493141365
"2505",2022-03-20 00:08:40,2,338,100,50.5721105604436,6.20658978883006
"2506",2022-03-20 00:08:45,2,338,100,50.5492205684237,6.21445319444679
"2507",2022-03-20 00:08:50,2,338,100,52.238006763933,7.02934261150779
"2508",2022-03-20 00:08:55,2,338,100,50.3905624820384,6.31585738492392
"2509",2022-03-20 00:09:00,2,338,100,50.6149064999535,6.24520433741206
"2510",2022-03-20 00:09:05,2,338,100,50.4915649310356,6.84473933764649
"2511",2022-03-20 00:09:10,2,338,100,49.8012865238484,6.34325102126334
"2512",2022-03-20 00:09:15,2,338,100,50.5145115672734,6.56040295855345
"2513",2022-03-20 00:09:20,2,338,100,51.0095310750713,7.03439373483813
"2514",2022-03-20 00:09:25,2,338,100,51.3590683864437,6.70825177278359
"2515",2022-03-20 00:09:30,2,338,100,50.4218148068242,6.35612512541339
"2516",2022-03-20 00:09:35,2,338,100,50.2927433286391,6.87876374363258
"2517",2022-03-20 00:09:40,2,338,100,51.4900318018878,6.21318932039342
"2518",2022-03-20 00:09:45,2,338,100,51.0729085950652,6.29409477507902
"2519",2022-03-20 00:09:50,2,338,100,51.3204201874291,6.83932516206052
"2520",2022-03-20 00:09:55,2,338,100,50.989013607167,7.16328456653689
"2521",2022-03-20 00:10:00,2,338,100,53.3050433117678,6.7310460492434
"2522",2022-03-20 00:10:05,2,338,100,51.7305901962098,7.00370636138192
"2523",2022-03-20 00:10:10,2,338,100,49.9582082845088,6.04329307694738
"2524",2022-03-20 00:10:15,2,338,100,51.9772438992258,6.44918474335027
"2525",2022-03-20 00:10:20,2,338,100,50.3777829206489,6.5025229320482
"2526",2022-03-20 00:10:25,2,338,100,51.24606488355,7.23349424223668
"2527",2022-03-20 00:10:30,2,338,100,51.5655401407003,6.66656543641093
"2528",2022-03-20 00:10:35,2,338,100,48.9955596701021,6.96618546839909
"2529",2022-03-20 00:10:40,2,338,100,50.6521794629486,7.64623588261749
"2530",2022-03-20 00:10:45,2,338,100,49.725183861705,6.38934304069633
"2531",2022-03-20 00:10:50,2,338,100,49.5347904743573,6.44938469730824
"2532",2022-03-20 00:10:55,2,338,100,50.3197797820465,6.76516067948148
"2533",2022-03-20 00:11:00,2,338,100,50.7176772591999,6.72169387880205
"2534",2022-03-20 00:11:05,2,338,100,50.2475949271503,7.50011569045783
"2535",2022-03-20 00:11:10,2,338,100,51.7956512843517,6.71281641062228
"2536",2022-03-20 00:11:15,2,338,100,50.003558955254,6.55358141939507
"2537",2022-03-20 00:11:20,2,338,100,51.7962214422757,6.62708609059041
"2538",2022-03-20 00:11:25,2,338,100,51.5114189975124,6.30582712380383
"2539",2022-03-20 00:11:30,2,338,100,49.5372180909391,7.05995829789039
"2540",2022-03-20 00:11:35,2,338,100,50.0524046448242,6.14351867976388
"2541",2022-03-20 00:11:40,2,338,100,51.6193936167498,6.92574595814074
"2542",2022-03-20 00:11:45,2,338,100,51.0389489615674,6.67557895383326
"2543",2022-03-20 00:11:50,2,338,100,52.4227162194637,6.46339907989676
"2544",2022-03-20 00:11:55,2,338,100,50.562844379343,6.20229915720612
"2545",2022-03-20 00:12:00,2,338,100,51.9793609870033,6.79352595713178
"2546",2022-03-20 00:12:05,2,338,100,51.2579968775278,7.01888593312761
"2547",2022-03-20 00:12:10,2,338,100,50.2628085208852,6.43471907586009
"2548",2022-03-20 00:12:15,2,338,100,52.1497022131784,6.34636668254245
"2549",2022-03-20 00:12:20,2,338,100,50.6067169555896,7.30464746604137
"2550",2022-03-20 00:12:25,2,338,100,49.9197515073058,7.01659279965131
"2551",2022-03-20 00:12:30,2,338,100,52.5234123603444,6.88239064554409
"2552",2022-03-20 00:12:35,2,338,100,51.198289563789,6.98686918035446
"2553",2022-03-20 00:12:40,2,338,100,52.3490053211129,6.13326651885656
"2554",2022-03-20 00:12:45,2,338,100,52.9252127885637,6.66185957393307
"2555",2022-03-20 00:12:50,2,338,100,48.4163010295907,6.22649376929443
"2556",2022-03-20 00:12:55,2,338,100,50.6438084443692,6.32768184315567
"2557",2022-03-20 00:13:00,2,338,100,51.7504666770747,6.3553425756914
"2558",2022-03-20 00:13:05,2,338,100,49.9443075037125,6.50431509970213
"2559",2022-03-20 00:13:10,2,338,100,51.6471419829106,6.38023625662759
"2560",2022-03-20 00:13:15,2,338,100,52.2481997395477,6.29462436838391
"2561",2022-03-20 00:13:20,2,338,100,51.0015752810761,6.29567316813547
"2562",2022-03-20 00:13:25,2,338,100,50.7513638155262,6.74701712407821
"2563",2022-03-20 00:13:30,2,338,100,52.0032293715119,6.95334605165547
"2564",2022-03-20 00:13:35,2,338,100,49.6964206516517,6.19529207339297
"2565",2022-03-20 00:13:40,2,338,100,51.4187346215184,6.2868156087381
"2566",2022-03-20 00:13:45,2,338,100,49.9223564929178,6.65531990646398
"2567",2022-03-20 00:13:50,2,338,100,51.8383942754862,6.81575643268641
"2568",2022-03-20 00:13:55,2,338,100,51.8140538409911,6.76500998432981
"2569",2022-03-20 00:14:00,2,338,100,51.2138142531221,6.20801027824186
"2570",2022-03-20 00:14:05,2,338,100,52.4561429979829,6.03922592399526
"2571",2022-03-20 00:14:10,2,338,100,51.7477204809967,6.27635127862558
"2572",2022-03-20 00:14:15,2,338,100,51.3230174631726,7.07995924126136
"2573",2022-03-20 00:14:20,2,338,100,50.2019732799346,6.2931185609047
"2574",2022-03-20 00:14:25,2,338,100,50.6126180695228,6.76853016335178
"2575",2022-03-20 00:14:30,2,338,100,49.4821976961924,6.9496434028651
"2576",2022-03-20 00:14:35,2,338,100,51.8356000603856,6.11006081571847
"2577",2022-03-20 00:14:40,2,338,100,50.6040283566034,6.74613254261079
"2578",2022-03-20 00:14:45,2,338,100,51.9992056742943,6.65905902938506
"2579",2022-03-20 00:14:50,2,338,100,50.5612366249079,6.36877098452135
"2580",2022-03-20 00:14:55,2,338,100,51.6680898085218,7.06247874678314
"2581",2022-03-20 00:15:00,2,338,100,50.3993478200949,6.55307973575611
"2582",2022-03-20 00:15:05,2,338,100,49.3027264301672,6.54495292524833
"2583",2022-03-20 00:15:10,2,338,100,52.212687246629,6.48419028465927
"2584",2022-03-20 00:15:15,2,338,100,52.0121976466726,6.49421722545611
"2585",2022-03-20 00:15:20,2,338,100,50.732995857774,6.58340125793697
"2586",2022-03-20 00:15:25,2,338,100,50.8898040737886,7.31430693036652
"2587",2022-03-20 00:15:30,2,338,100,49.255551066006,6.9544490654855
"2588",2022-03-20 00:15:35,2,338,100,52.0112495748401,6.89750482610819
"2589",2022-03-20 00:15:40,2,338,100,49.8211502194355,7.30249243755243
"2590",2022-03-20 00:15:45,2,338,100,49.7712870207164,5.91769815551764
"2591",2022-03-20 00:15:50,2,338,100,51.5558215753608,6.24504423586752
"2592",2022-03-20 00:15:55,2,338,100,51.5607082816828,6.76746610025682
"2593",2022-03-20 00:16:00,2,338,100,51.0562873860098,6.75079259055366
"2594",2022-03-20 00:16:05,2,338,100,50.9916975580559,6.62079891725226
"2595",2022-03-20 00:16:10,2,338,100,51.9054458352376,6.05551604079311
"2596",2022-03-20 00:16:15,2,338,100,51.8610566355138,6.67108721444545
"2597",2022-03-20 00:16:20,2,338,100,52.7013197859245,6.72482500312451
"2598",2022-03-20 00:16:25,2,338,100,50.2948427791425,6.9808464783171
"2599",2022-03-20 00:16:30,2,338,100,49.8638507070758,6.79302464152072
"2600",2022-03-20 00:16:35,2,338,100,50.7457072160649,6.63053671671515
"2601",2022-03-21 00:00:00,2,338,200,50.3575099845189,5.77818822190158
"2602",2022-03-21 00:00:05,2,338,200,49.4527379589959,5.2336908860228
"2603",2022-03-21 00:00:10,2,338,200,51.0526764051266,5.58362568113164
"2604",2022-03-21 00:00:15,2,338,200,51.3933853108483,6.28595198644206
"2605",2022-03-21 00:00:20,2,338,200,51.4431096145448,5.37499524641688
"2606",2022-03-21 00:00:25,2,338,200,51.3381435257631,5.66471848885258
"2607",2022-03-21 00:00:30,2,338,200,49.9329850292624,6.01597908806
"2608",2022-03-21 00:00:35,2,338,200,48.9740208789467,6.22572745487166
"2609",2022-03-21 00:00:40,2,338,200,53.0897055282175,5.43611091326758
"2610",2022-03-21 00:00:45,2,338,200,51.5279846580542,6.20397549242768
"2611",2022-03-21 00:00:50,2,338,200,51.8951390199074,5.53375979634514
"2612",2022-03-21 00:00:55,2,338,200,51.8373322659211,6.38559491275425
"2613",2022-03-21 00:01:00,2,338,200,51.3544507005513,5.95254781838181
"2614",2022-03-21 00:01:05,2,338,200,50.6112077585989,6.04580959843737
"2615",2022-03-21 00:01:10,2,338,200,49.6160963053861,6.28144250855846
"2616",2022-03-21 00:01:15,2,338,200,50.3954371044777,5.52461826417933
"2617",2022-03-21 00:01:20,2,338,200,50.8839772299023,5.65924503528354
"2618",2022-03-21 00:01:25,2,338,200,51.2087793941828,5.394757907894
"2619",2022-03-21 00:01:30,2,338,200,50.8483453119354,5.69361106215406
"2620",2022-03-21 00:01:35,2,338,200,51.0073270876741,6.11824831417784
"2621",2022-03-21 00:01:40,2,338,200,49.4854874478185,6.26425385745471
"2622",2022-03-21 00:01:45,2,338,200,52.2084253843764,6.15134846974205
"2623",2022-03-21 00:01:50,2,338,200,51.1573520072996,6.12428062724015
"2624",2022-03-21 00:01:55,2,338,200,51.4146596016819,5.93614629864531
"2625",2022-03-21 00:02:00,2,338,200,50.0977077612314,5.99703560102927
"2626",2022-03-21 00:02:05,2,338,200,51.5095129372741,5.86788940012089
"2627",2022-03-21 00:02:10,2,338,200,52.4504318613297,6.40500855063512
"2628",2022-03-21 00:02:15,2,338,200,49.9312718401374,5.98476831691937
"2629",2022-03-21 00:02:20,2,338,200,51.9355710020082,5.79243735820148
"2630",2022-03-21 00:02:25,2,338,200,49.4874164673652,5.80356972402005
"2631",2022-03-21 00:02:30,2,338,200,49.6889972925733,6.49650130522755
"2632",2022-03-21 00:02:35,2,338,200,51.1592119007157,5.80974706893765
"2633",2022-03-21 00:02:40,2,338,200,50.5494400358211,6.23610786050715
"2634",2022-03-21 00:02:45,2,338,200,51.908572827606,5.60046361366731
"2635",2022-03-21 00:02:50,2,338,200,50.3759391119969,6.20985427334843
"2636",2022-03-21 00:02:55,2,338,200,51.3442006413743,6.30150472205993
"2637",2022-03-21 00:03:00,2,338,200,50.7679305064783,4.99663816378374
"2638",2022-03-21 00:03:05,2,338,200,52.0299309399397,5.87294016985876
"2639",2022-03-21 00:03:10,2,338,200,51.2870410288304,6.43210662382821
"2640",2022-03-21 00:03:15,2,338,200,49.4246646451475,5.62553806218685
"2641",2022-03-21 00:03:20,2,338,200,51.9707555287444,5.71995441906667
"2642",2022-03-21 00:03:25,2,338,200,50.0570600409912,5.36299138812936
"2643",2022-03-21 00:03:30,2,338,200,49.6296740163105,6.1628308242074
"2644",2022-03-21 00:03:35,2,338,200,51.1928141663473,5.79456289026189
"2645",2022-03-21 00:03:40,2,338,200,51.3944930366523,5.8252319571163
"2646",2022-03-21 00:03:45,2,338,200,51.6120150788619,5.95366944687668
"2647",2022-03-21 00:03:50,2,338,200,49.6011015805908,5.63675165117864
"2648",2022-03-21 00:03:55,2,338,200,50.064038929437,6.30567674386196
"2649",2022-03-21 00:04:00,2,338,200,50.5797518300716,5.67331002026549
"2650",2022-03-21 00:04:05,2,338,200,50.2877912733967,6.19946894387004
"2651",2022-03-21 00:04:10,2,338,200,49.7042426934934,5.90386025491466
"2652",2022-03-21 00:04:15,2,338,200,52.3140586885868,5.29713981200603
"2653",2022-03-21 00:04:20,2,338,200,50.2608542144026,5.91405635437679
"2654",2022-03-21 00:04:25,2,338,200,52.1793290324704,5.97585305996056
"2655",2022-03-21 00:04:30,2,338,200,52.5142891295215,5.8907818414658
"2656",2022-03-21 00:04:35,2,338,200,50.0678309265894,6.25056939577796
"2657",2022-03-21 00:04:40,2,338,200,49.7732572237864,5.72053124026093
"2658",2022-03-21 00:04:45,2,338,200,51.9969677501115,6.20171689083831
"2659",2022-03-21 00:04:50,2,338,200,51.3904800664282,5.4347716481255
"2660",2022-03-21 00:04:55,2,338,200,50.9568621946486,6.27495592272088
"2661",2022-03-21 00:05:00,2,338,200,51.614887050312,5.10107569681104
"2662",2022-03-21 00:05:05,2,338,200,50.8669335603864,5.53830448913253
"2663",2022-03-21 00:05:10,2,338,200,51.6036370277013,5.68424887903911
"2664",2022-03-21 00:05:15,2,338,200,50.9820304049258,6.10997798512735
"2665",2022-03-21 00:05:20,2,338,200,51.9584565160698,6.23483617556375
"2666",2022-03-21 00:05:25,2,338,200,51.0171206109645,5.12734328255861
"2667",2022-03-21 00:05:30,2,338,200,49.813425222891,5.52029606698359
"2668",2022-03-21 00:05:35,2,338,200,51.8917155558279,6.06316054552685
"2669",2022-03-21 00:05:40,2,338,200,50.0812557505192,6.18761621444018
"2670",2022-03-21 00:05:45,2,338,200,50.3756062902327,6.02574132294791
"2671",2022-03-21 00:05:50,2,338,200,51.4681797706097,5.42690102115033
"2672",2022-03-21 00:05:55,2,338,200,49.2636712236442,5.8295030659431
"2673",2022-03-21 00:06:00,2,338,200,49.8876224108538,6.24989102897871
"2674",2022-03-21 00:06:05,2,338,200,48.2501628860102,5.22462573262657
"2675",2022-03-21 00:06:10,2,338,200,50.6004407447325,5.60662994151398
"2676",2022-03-21 00:06:15,2,338,200,51.8619289349942,5.93723050330595
"2677",2022-03-21 00:06:20,2,338,200,50.0742935163,6.05954757035193
"2678",2022-03-21 00:06:25,2,338,200,50.8666410960858,6.06701309707383
"2679",2022-03-21 00:06:30,2,338,200,50.6503347738774,6.10333584334544
"2680",2022-03-21 00:06:35,2,338,200,52.670682931802,5.4915244112587
"2681",2022-03-21 00:06:40,2,338,200,49.144149603621,5.9796355023058
"2682",2022-03-21 00:06:45,2,338,200,51.2248981480921,5.69450598947695
"2683",2022-03-21 00:06:50,2,338,200,50.5722197412084,6.11081342887807
"2684",2022-03-21 00:06:55,2,338,200,49.4053691911399,5.64620777411997
"2685",2022-03-21 00:07:00,2,338,200,49.5687199707074,5.1863277806007
"2686",2022-03-21 00:07:05,2,338,200,50.8927277938369,6.07121226782461
"2687",2022-03-21 00:07:10,2,338,200,51.292025022336,5.89963385307242
"2688",2022-03-21 00:07:15,2,338,200,50.5528614441514,5.36473371483485
"2689",2022-03-21 00:07:20,2,338,200,51.5505649663252,6.07917468373853
"2690",2022-03-21 00:07:25,2,338,200,51.8005310616004,6.31540059837473
"2691",2022-03-21 00:07:30,2,338,200,51.5151197908334,5.76061817374554
"2692",2022-03-21 00:07:35,2,338,200,50.8232219392178,6.27191225334023
"2693",2022-03-21 00:07:40,2,338,200,51.7657312886606,6.13359451503064
"2694",2022-03-21 00:07:45,2,338,200,50.3846447468693,6.20235188632002
"2695",2022-03-21 00:07:50,2,338,200,50.6958166570511,5.48616360976956
"2696",2022-03-21 00:07:55,2,338,200,52.3335644437566,5.80474734215043
"2697",2022-03-21 00:08:00,2,338,200,49.1485353222082,5.65342186299976
"2698",2022-03-21 00:08:05,2,338,200,51.2569248924999,5.44628591717836
"2699",2022-03-21 00:08:10,2,338,200,50.5391506140287,5.58853019624356
"2700",2022-03-21 00:08:15,2,338,200,51.7198392884222,6.02590440903599
"2701",2022-03-21 00:08:20,2,338,200,51.2471891882223,5.87465709418681
"2702",2022-03-21 00:08:25,2,338,200,51.0796523490383,5.63999025014915
"2703",2022-03-21 00:08:30,2,338,200,50.1104782779995,5.9342385635659
"2704",2022-03-21 00:08:35,2,338,200,51.6345265763884,5.9614009734854
"2705",2022-03-21 00:08:40,2,338,200,52.6416191178846,5.89493460320415
"2706",2022-03-21 00:08:45,2,338,200,51.128780986802,6.03436302214115
"2707",2022-03-21 00:08:50,2,338,200,51.1639737345793,6.04319401412168
"2708",2022-03-21 00:08:55,2,338,200,51.5329934122739,6.07846461637276
"2709",2022-03-21 00:09:00,2,338,200,51.5161261403498,6.35180140771229
"2710",2022-03-21 00:09:05,2,338,200,51.2948338671914,6.30819430382651
"2711",2022-03-21 00:09:10,2,338,200,49.0991056768593,5.75977646892862
"2712",2022-03-21 00:09:15,2,338,200,50.953935699125,5.38511627085711
"2713",2022-03-21 00:09:20,2,338,200,52.3389723902896,6.24894246158635
"2714",2022-03-21 00:09:25,2,338,200,51.3168390680712,5.44766221955457
"2715",2022-03-21 00:09:30,2,338,200,50.9330091008234,5.88528393422205
"2716",2022-03-21 00:09:35,2,338,200,51.654837743472,5.91740581604994
"2717",2022-03-21 00:09:40,2,338,200,52.5334403568307,6.3927995624378
"2718",2022-03-21 00:09:45,2,338,200,51.3079373924637,5.4501191058893
"2719",2022-03-21 00:09:50,2,338,200,51.4102206686346,5.82369896953971
"2720",2022-03-21 00:09:55,2,338,200,52.5414294373888,5.49594970297684
"2721",2022-03-21 00:10:00,2,338,200,51.5529286460717,5.69584589263507
"2722",2022-03-21 00:10:05,2,338,200,52.0750864528922,5.5916264645394
"2723",2022-03-21 00:10:10,2,338,200,50.7064242073333,5.54837494202354
"2724",2022-03-21 00:10:15,2,338,200,49.6138507981558,5.71055755930075
"2725",2022-03-21 00:10:20,2,338,200,50.7704937476688,5.74396073011551
"2726",2022-03-21 00:10:25,2,338,200,49.9972159538137,5.2788573721978
"2727",2022-03-21 00:10:30,2,338,200,51.0274323159384,5.98631791120679
"2728",2022-03-21 00:10:35,2,338,200,50.0512135209609,6.51428529579725
"2729",2022-03-21 00:10:40,2,338,200,50.4492442253876,5.79636342965619
"2730",2022-03-21 00:10:45,2,338,200,52.0003371243838,5.65075269790178
"2731",2022-03-21 00:10:50,2,338,200,50.9628176440778,5.5666153787409
"2732",2022-03-21 00:10:55,2,338,200,51.8257319467435,5.9589623993108
"2733",2022-03-21 00:11:00,2,338,200,51.3810001050749,5.98507381944807
"2734",2022-03-21 00:11:05,2,338,200,50.1152937204954,5.52596695425106
"2735",2022-03-21 00:11:10,2,338,200,51.443547690213,5.72663656562885
"2736",2022-03-21 00:11:15,2,338,200,51.2158765658894,5.96538938246157
"2737",2022-03-21 00:11:20,2,338,200,51.5140434557633,6.0274421549566
"2738",2022-03-21 00:11:25,2,338,200,51.6169304754309,6.2921963876514
"2739",2022-03-21 00:11:30,2,338,200,50.9047943908871,6.01927046542606
"2740",2022-03-21 00:11:35,2,338,200,50.7777308760126,5.86176787822992
"2741",2022-03-21 00:11:40,2,338,200,50.339109792165,6.00277868397867
"2742",2022-03-21 00:11:45,2,338,200,51.6530394001102,6.02099333985014
"2743",2022-03-21 00:11:50,2,338,200,50.3383472623188,6.39462865149488
"2744",2022-03-21 00:11:55,2,338,200,53.2992356233167,6.03899688330705
"2745",2022-03-21 00:12:00,2,338,200,50.3312764432137,5.73823303494687
"2746",2022-03-21 00:12:05,2,338,200,50.2792134387234,6.15852394846872
"2747",2022-03-21 00:12:10,2,338,200,51.4589393345201,5.82447686413008
"2748",2022-03-21 00:12:15,2,338,200,52.5440809697837,5.61933617510392
"2749",2022-03-21 00:12:20,2,338,200,50.5040491153089,5.91456570443917
"2750",2022-03-21 00:12:25,2,338,200,49.2340757018741,5.73994708664892
"2751",2022-03-21 00:12:30,2,338,200,50.835723805838,5.31925739896299
"2752",2022-03-21 00:12:35,2,338,200,50.5779809323865,6.54374329809269
"2753",2022-03-21 00:12:40,2,338,200,51.6093717190093,6.14592953331904
"2754",2022-03-21 00:12:45,2,338,200,51.9973017085538,5.54198006347341
"2755",2022-03-21 00:12:50,2,338,200,51.5384180801968,5.44667515214654
"2756",2022-03-21 00:12:55,2,338,200,51.3914944972973,6.33993002852377
"2757",2022-03-21 00:13:00,2,338,200,50.0898302655147,5.40435310334608
"2758",2022-03-21 00:13:05,2,338,200,50.9348389688059,5.74376978063631
"2759",2022-03-21 00:13:10,2,338,200,50.3030811205793,6.14438549821364
"2760",2022-03-21 00:13:15,2,338,200,51.3077007865487,5.82659306516708
"2761",2022-03-21 00:13:20,2,338,200,51.0055933161954,5.35920599979883
"2762",2022-03-21 00:13:25,2,338,200,50.4169196659663,5.74801487432823
"2763",2022-03-21 00:13:30,2,338,200,51.1059279335974,5.5209017981504
"2764",2022-03-21 00:13:35,2,338,200,51.6982205393657,6.14336650536441
"2765",2022-03-21 00:13:40,2,338,200,51.5257647985058,5.76517900487964
"2766",2022-03-21 00:13:45,2,338,200,51.2920219877555,6.27436386309518
"2767",2022-03-21 00:13:50,2,338,200,52.0200040214516,5.57162966618713
"2768",2022-03-21 00:13:55,2,338,200,51.1050932300112,6.50525409709435
"2769",2022-03-21 00:14:00,2,338,200,50.0758760832394,5.52188438151635
"2770",2022-03-21 00:14:05,2,338,200,52.2768664895471,5.88753349286563
"2771",2022-03-21 00:14:10,2,338,200,50.6629847882533,5.82938851863585
"2772",2022-03-21 00:14:15,2,338,200,53.4754020028001,5.9286105538948
"2773",2022-03-21 00:14:20,2,338,200,50.7549288015953,6.45885054240752
"2774",2022-03-21 00:14:25,2,338,200,48.7977123755292,6.15698922679401
"2775",2022-03-21 00:14:30,2,338,200,48.8818313931516,5.67671035165616
"2776",2022-03-21 00:14:35,2,338,200,51.7506950004825,6.09129377782485
"2777",2022-03-21 00:14:40,2,338,200,50.6515964203564,5.9226588550334
"2778",2022-03-21 00:14:45,2,338,200,51.2681239333763,6.10555920125635
"2779",2022-03-21 00:14:50,2,338,200,49.8867431694034,5.74203255191771
"2780",2022-03-21 00:14:55,2,338,200,50.2979005807484,5.64661456729903
"2781",2022-03-21 00:15:00,2,338,200,50.4387397362576,5.9946025066784
"2782",2022-03-21 00:15:05,2,338,200,50.6586945866752,6.4808774101741
"2783",2022-03-21 00:15:10,2,338,200,51.3528534712705,5.80275579058549
"2784",2022-03-21 00:15:15,2,338,200,50.2613649796357,6.03948014180461
"2785",2022-03-21 00:15:20,2,338,200,51.4221471073347,6.00828740170467
"2786",2022-03-21 00:15:25,2,338,200,50.7066230575816,5.94044030667023
"2787",2022-03-21 00:15:30,2,338,200,49.5659818320208,6.74223808109864
"2788",2022-03-21 00:15:35,2,338,200,51.5517115532558,5.9978924758208
"2789",2022-03-21 00:15:40,2,338,200,49.506247595939,6.28347680608432
"2790",2022-03-21 00:15:45,2,338,200,50.0817200256048,6.72439614845899
"2791",2022-03-21 00:15:50,2,338,200,50.9444908180519,5.5750516463296
"2792",2022-03-21 00:15:55,2,338,200,52.555923755139,4.98488386954297
"2793",2022-03-21 00:16:00,2,338,200,51.9088759940043,5.47874774488629
"2794",2022-03-21 00:16:05,2,338,200,52.7118321377139,4.99276898793104
"2795",2022-03-21 00:16:10,2,338,200,51.71268554283,6.31763663368159
"2796",2022-03-21 00:16:15,2,338,200,51.9870385242335,4.93411987257055
"2797",2022-03-21 00:16:20,2,338,200,50.3341939682635,5.85047569707562
"2798",2022-03-21 00:16:25,2,338,200,51.0517746712249,6.31346170545866
"2799",2022-03-21 00:16:30,2,338,200,51.2798937457745,5.87094071243348
"2800",2022-03-21 00:16:35,2,338,200,52.6263987719505,6.01866231141861
"2801",2022-03-22 00:00:00,2,338,300,49.9777749427992,4.86884433660477
"2802",2022-03-22 00:00:05,2,338,300,49.7072163481084,4.94703351324593
"2803",2022-03-22 00:00:10,2,338,300,52.4622633374503,5.10230372111642
"2804",2022-03-22 00:00:15,2,338,300,50.6932792121267,4.99988596476154
"2805",2022-03-22 00:00:20,2,338,300,51.5913659764498,4.70284254268055
"2806",2022-03-22 00:00:25,2,338,300,49.9482883479526,5.1244550203211
"2807",2022-03-22 00:00:30,2,338,300,50.8439257952189,5.44342824230881
"2808",2022-03-22 00:00:35,2,338,300,51.4992463256702,5.26396070596688
"2809",2022-03-22 00:00:40,2,338,300,52.09096162649,5.31307940235498
"2810",2022-03-22 00:00:45,2,338,300,50.9742040331233,5.45556663180072
"2811",2022-03-22 00:00:50,2,338,300,50.5150858930965,5.6595997578828
"2812",2022-03-22 00:00:55,2,338,300,48.4255908378737,5.59890323547234
"2813",2022-03-22 00:01:00,2,338,300,49.4928152118448,4.92681051933513
"2814",2022-03-22 00:01:05,2,338,300,50.0896291538264,5.49718710859453
"2815",2022-03-22 00:01:10,2,338,300,50.9314351434223,5.17333722081633
"2816",2022-03-22 00:01:15,2,338,300,50.2005245776066,5.25828399995984
"2817",2022-03-22 00:01:20,2,338,300,47.2340217205939,5.19362498349776
"2818",2022-03-22 00:01:25,2,338,300,51.405072387074,4.81892983260864
"2819",2022-03-22 00:01:30,2,338,300,51.1972651952317,5.05908199403801
"2820",2022-03-22 00:01:35,2,338,300,50.1146618308953,5.335322761098
"2821",2022-03-22 00:01:40,2,338,300,50.9937119189791,5.57651087146146
"2822",2022-03-22 00:01:45,2,338,300,51.2308521668525,5.16130189654327
"2823",2022-03-22 00:01:50,2,338,300,51.4589392633275,5.44585065559154
"2824",2022-03-22 00:01:55,2,338,300,50.5474950950892,5.59455209164962
"2825",2022-03-22 00:02:00,2,338,300,50.3376606507422,5.10184311926648
"2826",2022-03-22 00:02:05,2,338,300,51.2059266022708,5.7443841119274
"2827",2022-03-22 00:02:10,2,338,300,50.7710911167853,4.890147126684
"2828",2022-03-22 00:02:15,2,338,300,50.4214424955987,5.2134125758718
"2829",2022-03-22 00:02:20,2,338,300,50.3960798369097,4.89216314008011
"2830",2022-03-22 00:02:25,2,338,300,52.1871438097119,4.48405766322248
"2831",2022-03-22 00:02:30,2,338,300,51.0734079591975,5.20448476748269
"2832",2022-03-22 00:02:35,2,338,300,52.4738487354417,5.46412825396451
"2833",2022-03-22 00:02:40,2,338,300,52.6753072619725,5.50937499272488
"2834",2022-03-22 00:02:45,2,338,300,51.7318301263105,5.31682025111651
"2835",2022-03-22 00:02:50,2,338,300,52.2375219474004,4.99104915351676
"2836",2022-03-22 00:02:55,2,338,300,51.7936274137167,5.28067876697075
"2837",2022-03-22 00:03:00,2,338,300,51.8549908281445,4.78008333893574
"2838",2022-03-22 00:03:05,2,338,300,52.4087750028008,4.55212404118706
"2839",2022-03-22 00:03:10,2,338,300,51.370375469847,5.14419990088623
"2840",2022-03-22 00:03:15,2,338,300,51.6690749282459,5.30160246301477
"2841",2022-03-22 00:03:20,2,338,300,51.4409295690235,5.33432851196557
"2842",2022-03-22 00:03:25,2,338,300,51.5145630555908,5.22809919523158
"2843",2022-03-22 00:03:30,2,338,300,51.4486732379824,5.70210254923247
"2844",2022-03-22 00:03:35,2,338,300,50.5674744963542,4.78758870123659
"2845",2022-03-22 00:03:40,2,338,300,51.9860966354354,4.94692969483362
"2846",2022-03-22 00:03:45,2,338,300,51.8944748251889,5.10068817146939
"2847",2022-03-22 00:03:50,2,338,300,51.2130157366852,4.55072614915092
"2848",2022-03-22 00:03:55,2,338,300,48.7109796023172,4.86985757549069
"2849",2022-03-22 00:04:00,2,338,300,51.5521134548941,5.08200463578132
"2850",2022-03-22 00:04:05,2,338,300,50.7062850081901,5.22265394212375
"2851",2022-03-22 00:04:10,2,338,300,51.150405458083,5.29458761586155
"2852",2022-03-22 00:04:15,2,338,300,51.9965760272371,4.90854887527598
"2853",2022-03-22 00:04:20,2,338,300,51.2884214420616,4.72395852664059
"2854",2022-03-22 00:04:25,2,338,300,50.5150889431343,4.48883435308238
"2855",2022-03-22 00:04:30,2,338,300,52.0115488358924,4.85879401902238
"2856",2022-03-22 00:04:35,2,338,300,51.2549804882966,5.41362996045083
"2857",2022-03-22 00:04:40,2,338,300,50.0179499154569,5.3159208264072
"2858",2022-03-22 00:04:45,2,338,300,49.8766626106929,5.04258389566289
"2859",2022-03-22 00:04:50,2,338,300,48.1883241397297,5.14092291371395
"2860",2022-03-22 00:04:55,2,338,300,50.9368138820352,5.60963483224577
"2861",2022-03-22 00:05:00,2,338,300,50.9321874452583,5.32956060835335
"2862",2022-03-22 00:05:05,2,338,300,49.715520123761,5.25646169281157
"2863",2022-03-22 00:05:10,2,338,300,50.665429715951,4.30638487627612
"2864",2022-03-22 00:05:15,2,338,300,51.0107530770332,4.9506093456681
"2865",2022-03-22 00:05:20,2,338,300,50.9032060186984,5.28420992765583
"2866",2022-03-22 00:05:25,2,338,300,49.8174684311137,5.10156468606251
"2867",2022-03-22 00:05:30,2,338,300,49.8957332080698,5.06190602494723
"2868",2022-03-22 00:05:35,2,338,300,50.2219813665587,5.45581845762638
"2869",2022-03-22 00:05:40,2,338,300,51.496837989175,5.15176168401671
"2870",2022-03-22 00:05:45,2,338,300,52.0048781539835,4.73324533115575
"2871",2022-03-22 00:05:50,2,338,300,52.5919201971941,4.80363379739971
"2872",2022-03-22 00:05:55,2,338,300,50.7975235883623,5.22109405315505
"2873",2022-03-22 00:06:00,2,338,300,51.7206522893312,5.3340923941552
"2874",2022-03-22 00:06:05,2,338,300,51.1906496377587,3.79836092436949
"2875",2022-03-22 00:06:10,2,338,300,50.3062077061681,5.16030673367937
"2876",2022-03-22 00:06:15,2,338,300,50.3411419037025,5.59786623074095
"2877",2022-03-22 00:06:20,2,338,300,50.2352128122982,4.856455102787
"2878",2022-03-22 00:06:25,2,338,300,50.527647889751,5.07862788928235
"2879",2022-03-22 00:06:30,2,338,300,49.5571782557527,5.14163254864597
"2880",2022-03-22 00:06:35,2,338,300,50.4726976873528,5.13628621364676
"2881",2022-03-22 00:06:40,2,338,300,49.3388690104916,4.68984227628149
"2882",2022-03-22 00:06:45,2,338,300,51.3834931665859,5.37262794945394
"2883",2022-03-22 00:06:50,2,338,300,51.9995033212451,5.03738195981421
"2884",2022-03-22 00:06:55,2,338,300,49.6672183089477,4.95932053856284
"2885",2022-03-22 00:07:00,2,338,300,51.3562770371864,4.44801211170117
"2886",2022-03-22 00:07:05,2,338,300,50.164246934198,4.72700159636745
"2887",2022-03-22 00:07:10,2,338,300,49.9227210020261,5.00512320497658
"2888",2022-03-22 00:07:15,2,338,300,49.5810105918658,5.05723481868383
"2889",2022-03-22 00:07:20,2,338,300,52.0057560559427,4.91942817997392
"2890",2022-03-22 00:07:25,2,338,300,51.4013864915549,5.32809860075307
"2891",2022-03-22 00:07:30,2,338,300,50.1795463885836,5.53507186352666
"2892",2022-03-22 00:07:35,2,338,300,52.0186596397252,5.39927905766558
"2893",2022-03-22 00:07:40,2,338,300,50.246809497935,4.90858879238561
"2894",2022-03-22 00:07:45,2,338,300,49.450443367665,5.1805719674345
"2895",2022-03-22 00:07:50,2,338,300,51.5117266946321,4.98705585112066
"2896",2022-03-22 00:07:55,2,338,300,51.7615973823501,5.05285317053334
"2897",2022-03-22 00:08:00,2,338,300,51.4299172970106,4.65712755430003
"2898",2022-03-22 00:08:05,2,338,300,50.4407018594515,4.78595855445443
"2899",2022-03-22 00:08:10,2,338,300,50.9262989649117,6.44269077376156
"2900",2022-03-22 00:08:15,2,338,300,48.7833268555781,4.95094597466997
"2901",2022-03-22 00:08:20,2,338,300,51.0668889006678,5.17189068203641
"2902",2022-03-22 00:08:25,2,338,300,50.8353302059007,4.54404848113269
"2903",2022-03-22 00:08:30,2,338,300,50.1092790054233,5.51661503333689
"2904",2022-03-22 00:08:35,2,338,300,49.4589082573351,4.92543517890816
"2905",2022-03-22 00:08:40,2,338,300,52.1859480380998,5.10709363296591
"2906",2022-03-22 00:08:45,2,338,300,50.8259268228733,5.33873133494273
"2907",2022-03-22 00:08:50,2,338,300,51.4921504152496,5.46879778317742
"2908",2022-03-22 00:08:55,2,338,300,50.7211694177679,5.28049239884588
"2909",2022-03-22 00:09:00,2,338,300,52.1486201942006,5.42454174725756
"2910",2022-03-22 00:09:05,2,338,300,52.0334422696565,5.27363723901716
"2911",2022-03-22 00:09:10,2,338,300,50.9585134435337,5.30805042506009
"2912",2022-03-22 00:09:15,2,338,300,50.728740483642,4.85943988833678
"2913",2022-03-22 00:09:20,2,338,300,50.6298861074137,4.96907481034347
"2914",2022-03-22 00:09:25,2,338,300,52.4918684166364,5.22034439198944
"2915",2022-03-22 00:09:30,2,338,300,50.2444956403979,5.85595672466105
"2916",2022-03-22 00:09:35,2,338,300,50.4822993729657,5.23640684475118
"2917",2022-03-22 00:09:40,2,338,300,50.6718432280142,5.36480488663431
"2918",2022-03-22 00:09:45,2,338,300,51.8722265674934,4.9503786598222
"2919",2022-03-22 00:09:50,2,338,300,50.707313722205,5.29343848512587
"2920",2022-03-22 00:09:55,2,338,300,49.1338809380236,5.1417813170357
"2921",2022-03-22 00:10:00,2,338,300,50.0963253341056,4.606860501483
"2922",2022-03-22 00:10:05,2,338,300,51.3577935278286,5.21047983671137
"2923",2022-03-22 00:10:10,2,338,300,51.3565814565324,5.19674015486159
"2924",2022-03-22 00:10:15,2,338,300,50.7036217297397,4.88788846537449
"2925",2022-03-22 00:10:20,2,338,300,51.2247562284796,5.29398435614167
"2926",2022-03-22 00:10:25,2,338,300,51.2917911163976,5.5274265726561
"2927",2022-03-22 00:10:30,2,338,300,51.6994454338423,5.47904672866296
"2928",2022-03-22 00:10:35,2,338,300,50.7100465196708,4.99323892451708
"2929",2022-03-22 00:10:40,2,338,300,51.1162133850227,5.98357705354952
"2930",2022-03-22 00:10:45,2,338,300,51.4246555718079,4.79410933760621
"2931",2022-03-22 00:10:50,2,338,300,49.6800674574416,4.67354824966119
"2932",2022-03-22 00:10:55,2,338,300,51.0092082474145,5.38059625062458
"2933",2022-03-22 00:11:00,2,338,300,51.1787884651161,5.38090335031382
"2934",2022-03-22 00:11:05,2,338,300,50.105384211456,5.19278687589479
"2935",2022-03-22 00:11:10,2,338,300,48.1418616688368,5.57892546115005
"2936",2022-03-22 00:11:15,2,338,300,50.0189825998896,4.80793482702001
"2937",2022-03-22 00:11:20,2,338,300,49.8726171464768,4.70085023489569
"2938",2022-03-22 00:11:25,2,338,300,51.2255335176424,4.9094948501872
"2939",2022-03-22 00:11:30,2,338,300,50.5613256599356,5.28077726398152
"2940",2022-03-22 00:11:35,2,338,300,49.182533832238,4.874646403975
"2941",2022-03-22 00:11:40,2,338,300,51.7505233977699,5.24644303402918
"2942",2022-03-22 00:11:45,2,338,300,50.4782296363934,4.79802703182762
"2943",2022-03-22 00:11:50,2,338,300,51.2030632027462,5.63151087924467
"2944",2022-03-22 00:11:55,2,338,300,49.8272607690761,5.1764636373718
"2945",2022-03-22 00:12:00,2,338,300,50.2157720372508,5.38210695370445
"2946",2022-03-22 00:12:05,2,338,300,50.0818001089957,5.0302544990371
"2947",2022-03-22 00:12:10,2,338,300,51.284932861098,5.02780561538535
"2948",2022-03-22 00:12:15,2,338,300,50.8483331849757,5.04474901294349
"2949",2022-03-22 00:12:20,2,338,300,50.0738066938364,5.24305161567761
"2950",2022-03-22 00:12:25,2,338,300,50.5533052848471,4.71638321343246
"2951",2022-03-22 00:12:30,2,338,300,50.7003292728456,5.27270730011401
"2952",2022-03-22 00:12:35,2,338,300,50.7392923880143,5.3522327198328
"2953",2022-03-22 00:12:40,2,338,300,51.6463587633631,5.33898867042458
"2954",2022-03-22 00:12:45,2,338,300,49.3068393150473,5.52745413194541
"2955",2022-03-22 00:12:50,2,338,300,52.0682637569276,4.49063948880845
"2956",2022-03-22 00:12:55,2,338,300,51.6468763720997,4.91839856984463
"2957",2022-03-22 00:13:00,2,338,300,51.0943140381817,5.71112125819107
"2958",2022-03-22 00:13:05,2,338,300,51.5187730218444,5.16521908343847
"2959",2022-03-22 00:13:10,2,338,300,50.7623472132938,5.48365968763583
"2960",2022-03-22 00:13:15,2,338,300,52.9775094648925,4.91543911041988
"2961",2022-03-22 00:13:20,2,338,300,52.5375093881227,5.1713402329293
"2962",2022-03-22 00:13:25,2,338,300,49.5489401267637,4.63253066484594
"2963",2022-03-22 00:13:30,2,338,300,50.6191132983352,5.06151236398991
"2964",2022-03-22 00:13:35,2,338,300,50.9533701596587,5.24533236424353
"2965",2022-03-22 00:13:40,2,338,300,50.2241337292856,5.59803856935858
"2966",2022-03-22 00:13:45,2,338,300,51.1238851890448,5.17227912924371
"2967",2022-03-22 00:13:50,2,338,300,51.232492156965,4.67118491452382
"2968",2022-03-22 00:13:55,2,338,300,49.2419828318301,5.18954308032007
"2969",2022-03-22 00:14:00,2,338,300,49.8505359019737,4.81606786348992
"2970",2022-03-22 00:14:05,2,338,300,50.1820983544821,5.67760553548765
"2971",2022-03-22 00:14:10,2,338,300,51.4303762926157,4.66984991172586
"2972",2022-03-22 00:14:15,2,338,300,48.3515236828513,5.53269558026475
"2973",2022-03-22 00:14:20,2,338,300,50.3119444067205,5.4784122585285
"2974",2022-03-22 00:14:25,2,338,300,50.1963587815266,5.35669062865052
"2975",2022-03-22 00:14:30,2,338,300,51.0433037436858,4.6969617000946
"2976",2022-03-22 00:14:35,2,338,300,50.4370656089521,4.65654777802743
"2977",2022-03-22 00:14:40,2,338,300,50.0664256864368,4.82405899171888
"2978",2022-03-22 00:14:45,2,338,300,49.844817480199,5.00446306173172
"2979",2022-03-22 00:14:50,2,338,300,51.3209037721849,4.47282442445658
"2980",2022-03-22 00:14:55,2,338,300,51.5471119440404,5.91282881004482
"2981",2022-03-22 00:15:00,2,338,300,50.4116246437893,5.05401646057062
"2982",2022-03-22 00:15:05,2,338,300,50.6144338968919,4.83357961822637
"2983",2022-03-22 00:15:10,2,338,300,49.7754348602106,5.65642815588194
"2984",2022-03-22 00:15:15,2,338,300,50.173634920376,5.28371974705488
"2985",2022-03-22 00:15:20,2,338,300,50.6271879090705,5.54459020725404
"2986",2022-03-22 00:15:25,2,338,300,51.2921008580786,5.09031998306922
"2987",2022-03-22 00:15:30,2,338,300,51.568902630325,4.60922778909156
"2988",2022-03-22 00:15:35,2,338,300,51.2883407575459,5.520301576095
"2989",2022-03-22 00:15:40,2,338,300,50.0768499585189,5.56526926529394
"2990",2022-03-22 00:15:45,2,338,300,50.5021743582924,5.28917957873339
"2991",2022-03-22 00:15:50,2,338,300,51.2971263412725,5.01198420887767
"2992",2022-03-22 00:15:55,2,338,300,51.2639679506616,5.35571634549825
"2993",2022-03-22 00:16:00,2,338,300,49.4229405485082,5.20351330245614
"2994",2022-03-22 00:16:05,2,338,300,52.1550949708513,4.46393470001606
"2995",2022-03-22 00:16:10,2,338,300,49.8003387959748,5.32302706796724
"2996",2022-03-22 00:16:15,2,338,300,50.3428166485848,5.02984734381792
"2997",2022-03-22 00:16:20,2,338,300,51.5089351550354,4.83108290062745
"2998",2022-03-22 00:16:25,2,338,300,53.3107847589447,5.31037378688278
"2999",2022-03-22 00:16:30,2,338,300,50.7792603569937,4.58735572685864
"3000",2022-03-22 00:16:35,2,338,300,51.6808828784387,5.41388948535159
"3001",2022-03-23 00:00:00,2,373,100,52.9180888530814,6.41401449278041
"3002",2022-03-23 00:00:05,2,373,100,51.2144198577261,6.4079866996853
"3003",2022-03-23 00:00:10,2,373,100,51.3115520048437,6.57902322566643
"3004",2022-03-23 00:00:15,2,373,100,50.1832516327941,6.46224868195145
"3005",2022-03-23 00:00:20,2,373,100,51.0853993562869,6.48110170864795
"3006",2022-03-23 00:00:25,2,373,100,50.6773525055481,6.98226425801353
"3007",2022-03-23 00:00:30,2,373,100,50.1618971139863,6.59829090962331
"3008",2022-03-23 00:00:35,2,373,100,51.8369838024349,6.54412250944683
"3009",2022-03-23 00:00:40,2,373,100,51.193181370239,6.72373137722999
"3010",2022-03-23 00:00:45,2,373,100,52.0912445322578,6.73570912485136
"3011",2022-03-23 00:00:50,2,373,100,50.8884594550728,7.19261961250913
"3012",2022-03-23 00:00:55,2,373,100,50.9769618141193,6.69113346958737
"3013",2022-03-23 00:01:00,2,373,100,51.2836915219338,7.386758528896
"3014",2022-03-23 00:01:05,2,373,100,50.4604648470302,6.38079993001507
"3015",2022-03-23 00:01:10,2,373,100,50.6962705953546,6.92662981315911
"3016",2022-03-23 00:01:15,2,373,100,50.0525963317714,6.75219183952237
"3017",2022-03-23 00:01:20,2,373,100,49.3318742855542,6.4764054191848
"3018",2022-03-23 00:01:25,2,373,100,50.0151505602277,6.88606719483897
"3019",2022-03-23 00:01:30,2,373,100,51.7086511528353,6.26774558709391
"3020",2022-03-23 00:01:35,2,373,100,53.3976124955286,6.92222963339785
"3021",2022-03-23 00:01:40,2,373,100,52.0254117526155,6.56655644852671
"3022",2022-03-23 00:01:45,2,373,100,50.5503987921887,6.48194395323197
"3023",2022-03-23 00:01:50,2,373,100,52.1035993534143,6.38265635294449
"3024",2022-03-23 00:01:55,2,373,100,48.9271841672504,6.5472795740532
"3025",2022-03-23 00:02:00,2,373,100,51.1753541015184,6.49736566876278
"3026",2022-03-23 00:02:05,2,373,100,51.341949757698,6.51804056721878
"3027",2022-03-23 00:02:10,2,373,100,50.1231849790801,6.19520306949781
"3028",2022-03-23 00:02:15,2,373,100,50.0815905695708,6.7462306068208
"3029",2022-03-23 00:02:20,2,373,100,52.0624663314734,6.10749363814996
"3030",2022-03-23 00:02:25,2,373,100,48.9450174486445,6.41408634933351
"3031",2022-03-23 00:02:30,2,373,100,51.3306116859227,6.39545442254859
"3032",2022-03-23 00:02:35,2,373,100,52.3409243406984,6.54671626869714
"3033",2022-03-23 00:02:40,2,373,100,49.6524567184038,6.03205476839967
"3034",2022-03-23 00:02:45,2,373,100,49.4020121947773,6.78952571227924
"3035",2022-03-23 00:02:50,2,373,100,50.3398390951841,7.08929358783645
"3036",2022-03-23 00:02:55,2,373,100,50.55958677869,6.51905110239719
"3037",2022-03-23 00:03:00,2,373,100,50.1905148103531,6.90824398510814
"3038",2022-03-23 00:03:05,2,373,100,50.9079790546344,6.82253975871737
"3039",2022-03-23 00:03:10,2,373,100,50.0554902563468,7.23231914562725
"3040",2022-03-23 00:03:15,2,373,100,50.334786631942,7.0274692887002
"3041",2022-03-23 00:03:20,2,373,100,50.7727515672353,7.21379309932839
"3042",2022-03-23 00:03:25,2,373,100,52.0014475470865,6.50596941658601
"3043",2022-03-23 00:03:30,2,373,100,50.2642825279086,6.51766881675344
"3044",2022-03-23 00:03:35,2,373,100,51.0216937355681,6.68970078861428
"3045",2022-03-23 00:03:40,2,373,100,50.3621318229581,6.67917930392764
"3046",2022-03-23 00:03:45,2,373,100,50.7924652468396,6.30156299628955
"3047",2022-03-23 00:03:50,2,373,100,50.6226348965373,6.55479512028166
"3048",2022-03-23 00:03:55,2,373,100,52.5164068269242,6.2969249392038
"3049",2022-03-23 00:04:00,2,373,100,51.4744214814823,6.78785435809674
"3050",2022-03-23 00:04:05,2,373,100,50.5694833276618,6.46153914537973
"3051",2022-03-23 00:04:10,2,373,100,50.4498690446099,7.30640505965087
"3052",2022-03-23 00:04:15,2,373,100,50.1273756543779,6.58179776971211
"3053",2022-03-23 00:04:20,2,373,100,49.7583347892979,6.84633816784363
"3054",2022-03-23 00:04:25,2,373,100,52.1148044097215,6.85255938794034
"3055",2022-03-23 00:04:30,2,373,100,52.3863963046438,6.78374144586288
"3056",2022-03-23 00:04:35,2,373,100,50.450156085222,6.23346223684667
"3057",2022-03-23 00:04:40,2,373,100,49.8916450229617,6.85195332038162
"3058",2022-03-23 00:04:45,2,373,100,49.91670746427,6.75515749016853
"3059",2022-03-23 00:04:50,2,373,100,50.8632535917668,6.72363527152433
"3060",2022-03-23 00:04:55,2,373,100,49.8727119163197,6.35630152982735
"3061",2022-03-23 00:05:00,2,373,100,50.329386941513,6.07527865328199
"3062",2022-03-23 00:05:05,2,373,100,51.0404514718987,6.77141119508167
"3063",2022-03-23 00:05:10,2,373,100,50.794235375637,6.88864965085228
"3064",2022-03-23 00:05:15,2,373,100,52.2472908190096,6.98611131680245
"3065",2022-03-23 00:05:20,2,373,100,49.3488742080334,6.07842989637273
"3066",2022-03-23 00:05:25,2,373,100,48.6585559975598,6.59920509906102
"3067",2022-03-23 00:05:30,2,373,100,52.5513403242057,7.02898476588931
"3068",2022-03-23 00:05:35,2,373,100,51.636850190666,6.43497164697838
"3069",2022-03-23 00:05:40,2,373,100,52.6356534298721,6.48158885596116
"3070",2022-03-23 00:05:45,2,373,100,49.2669412618943,7.18411846005975
"3071",2022-03-23 00:05:50,2,373,100,50.9231000723704,6.34042147322639
"3072",2022-03-23 00:05:55,2,373,100,51.2891401378063,6.23387387644756
"3073",2022-03-23 00:06:00,2,373,100,52.2761816431144,7.09234962353159
"3074",2022-03-23 00:06:05,2,373,100,49.2883642421099,6.74956079811404
"3075",2022-03-23 00:06:10,2,373,100,50.8961711284888,6.48572974483103
"3076",2022-03-23 00:06:15,2,373,100,50.9151606803445,6.17925941531082
"3077",2022-03-23 00:06:20,2,373,100,50.9731180405241,6.48011055623931
"3078",2022-03-23 00:06:25,2,373,100,50.7806675252781,6.92899251401014
"3079",2022-03-23 00:06:30,2,373,100,52.1726633581523,7.10787106638245
"3080",2022-03-23 00:06:35,2,373,100,51.4143437897008,6.70706728376602
"3081",2022-03-23 00:06:40,2,373,100,49.2655496258877,6.50125170573759
"3082",2022-03-23 00:06:45,2,373,100,50.8123976433415,6.85136844877705
"3083",2022-03-23 00:06:50,2,373,100,50.2961817849918,6.6928280926635
"3084",2022-03-23 00:06:55,2,373,100,50.2695487794065,6.29562568757554
"3085",2022-03-23 00:07:00,2,373,100,50.5955821382893,6.41113280246572
"3086",2022-03-23 00:07:05,2,373,100,51.1407974652315,7.27893767934669
"3087",2022-03-23 00:07:10,2,373,100,50.2162932889995,6.86844945937112
"3088",2022-03-23 00:07:15,2,373,100,51.1325905673717,6.61031955453698
"3089",2022-03-23 00:07:20,2,373,100,50.9011346035191,6.95009716125575
"3090",2022-03-23 00:07:25,2,373,100,51.3600462912393,6.67992549591186
"3091",2022-03-23 00:07:30,2,373,100,49.3201510838819,6.68841119477803
"3092",2022-03-23 00:07:35,2,373,100,51.1183482981486,6.70764566207543
"3093",2022-03-23 00:07:40,2,373,100,52.6588454986424,6.6713719961437
"3094",2022-03-23 00:07:45,2,373,100,50.4394493886125,5.92877474119333
"3095",2022-03-23 00:07:50,2,373,100,50.8485102742961,6.63621978783215
"3096",2022-03-23 00:07:55,2,373,100,51.118921307879,6.12728176995366
"3097",2022-03-23 00:08:00,2,373,100,51.499913475866,6.85952427883306
"3098",2022-03-23 00:08:05,2,373,100,51.9864161648487,6.96222579124271
"3099",2022-03-23 00:08:10,2,373,100,48.4861451697518,6.69109197119226
"3100",2022-03-23 00:08:15,2,373,100,49.1274841057667,6.27878061901327
"3101",2022-03-23 00:08:20,2,373,100,50.3080818909298,6.74837696389542
"3102",2022-03-23 00:08:25,2,373,100,51.2716026249416,6.5760637667597
"3103",2022-03-23 00:08:30,2,373,100,51.6029889938135,6.47337740385774
"3104",2022-03-23 00:08:35,2,373,100,51.3714385310741,6.2162726003691
"3105",2022-03-23 00:08:40,2,373,100,49.3252922259068,6.90923331796967
"3106",2022-03-23 00:08:45,2,373,100,51.7867052697463,7.25879818257217
"3107",2022-03-23 00:08:50,2,373,100,51.7972762167669,6.80811410387347
"3108",2022-03-23 00:08:55,2,373,100,51.0363257690264,7.29966424874087
"3109",2022-03-23 00:09:00,2,373,100,50.8067842655714,6.42480571871215
"3110",2022-03-23 00:09:05,2,373,100,50.6984784786744,5.91058774864155
"3111",2022-03-23 00:09:10,2,373,100,52.7799803445097,6.48638571848035
"3112",2022-03-23 00:09:15,2,373,100,49.4500753697444,6.7308973967252
"3113",2022-03-23 00:09:20,2,373,100,51.4309919669991,6.06620756552379
"3114",2022-03-23 00:09:25,2,373,100,50.9486808534377,6.66402834580979
"3115",2022-03-23 00:09:30,2,373,100,50.4676542714474,7.04669096277138
"3116",2022-03-23 00:09:35,2,373,100,51.269201724181,6.40245025770484
"3117",2022-03-23 00:09:40,2,373,100,51.3951324097177,7.41931915814914
"3118",2022-03-23 00:09:45,2,373,100,51.2871955046592,7.00243790334538
"3119",2022-03-23 00:09:50,2,373,100,50.0695146318701,6.27154509915618
"3120",2022-03-23 00:09:55,2,373,100,52.3454466510958,6.6861995326525
"3121",2022-03-23 00:10:00,2,373,100,53.1868668105665,6.28395440143375
"3122",2022-03-23 00:10:05,2,373,100,50.25841159519,6.45149716915249
"3123",2022-03-23 00:10:10,2,373,100,51.9654518398522,6.63364135383763
"3124",2022-03-23 00:10:15,2,373,100,51.8529487348943,6.22616198135131
"3125",2022-03-23 00:10:20,2,373,100,50.8662588375174,6.56628960975708
"3126",2022-03-23 00:10:25,2,373,100,51.0478544123593,7.10939672583524
"3127",2022-03-23 00:10:30,2,373,100,50.7414967437127,6.92674717275434
"3128",2022-03-23 00:10:35,2,373,100,51.4904774342609,7.18364857101736
"3129",2022-03-23 00:10:40,2,373,100,49.1363004006344,6.13255834151014
"3130",2022-03-23 00:10:45,2,373,100,51.3611398074922,6.40075177818263
"3131",2022-03-23 00:10:50,2,373,100,49.5592197952264,6.97575723460205
"3132",2022-03-23 00:10:55,2,373,100,50.0079141718287,6.42595454758603
"3133",2022-03-23 00:11:00,2,373,100,51.751693577245,7.16509286771912
"3134",2022-03-23 00:11:05,2,373,100,51.339672973245,6.31805280418409
"3135",2022-03-23 00:11:10,2,373,100,51.1224891477196,7.24477560906335
"3136",2022-03-23 00:11:15,2,373,100,50.947393659007,6.82597596676229
"3137",2022-03-23 00:11:20,2,373,100,50.9798985170794,7.23470699853866
"3138",2022-03-23 00:11:25,2,373,100,52.6007312780709,6.96160904905083
"3139",2022-03-23 00:11:30,2,373,100,52.5708806926346,7.20321072522257
"3140",2022-03-23 00:11:35,2,373,100,52.1986948376424,6.20974989426415
"3141",2022-03-23 00:11:40,2,373,100,49.9259232346499,6.83705604318874
"3142",2022-03-23 00:11:45,2,373,100,50.5302735505007,6.7951565740593
"3143",2022-03-23 00:11:50,2,373,100,51.6610455400239,6.1843236624582
"3144",2022-03-23 00:11:55,2,373,100,51.6230471383933,6.77236117908633
"3145",2022-03-23 00:12:00,2,373,100,49.8785895752988,6.32911358313438
"3146",2022-03-23 00:12:05,2,373,100,51.7633862736604,6.61533534825835
"3147",2022-03-23 00:12:10,2,373,100,49.9996471138574,6.21670088802093
"3148",2022-03-23 00:12:15,2,373,100,49.5531578681513,6.95483743601931
"3149",2022-03-23 00:12:20,2,373,100,50.0759877206203,7.26262640422353
"3150",2022-03-23 00:12:25,2,373,100,51.9792944922305,6.43231076130387
"3151",2022-03-23 00:12:30,2,373,100,50.1605872029383,6.58212862447423
"3152",2022-03-23 00:12:35,2,373,100,51.1728856748204,6.44052785565991
"3153",2022-03-23 00:12:40,2,373,100,53.0676130192221,6.66067318107099
"3154",2022-03-23 00:12:45,2,373,100,51.7009536232994,6.76939260983745
"3155",2022-03-23 00:12:50,2,373,100,49.2530254705453,6.74023436886264
"3156",2022-03-23 00:12:55,2,373,100,51.4731802712762,6.37500324728592
"3157",2022-03-23 00:13:00,2,373,100,52.1390231025416,6.21571198387555
"3158",2022-03-23 00:13:05,2,373,100,51.8530850602217,6.86858190838347
"3159",2022-03-23 00:13:10,2,373,100,49.6897020720576,6.22492879138979
"3160",2022-03-23 00:13:15,2,373,100,50.9856400439305,6.49909351088824
"3161",2022-03-23 00:13:20,2,373,100,52.1460722985026,6.02986267802563
"3162",2022-03-23 00:13:25,2,373,100,50.9107368681358,6.65082967437797
"3163",2022-03-23 00:13:30,2,373,100,50.8448936118006,6.31673731432139
"3164",2022-03-23 00:13:35,2,373,100,51.0878961480494,6.57840991328104
"3165",2022-03-23 00:13:40,2,373,100,50.4667450675403,6.77709638023071
"3166",2022-03-23 00:13:45,2,373,100,48.7798806432746,7.68173965569941
"3167",2022-03-23 00:13:50,2,373,100,52.6016272026308,6.03704917824672
"3168",2022-03-23 00:13:55,2,373,100,51.1434324893964,6.68724711015902
"3169",2022-03-23 00:14:00,2,373,100,50.1265540576034,6.54136882994378
"3170",2022-03-23 00:14:05,2,373,100,49.1754983402703,6.5624526375746
"3171",2022-03-23 00:14:10,2,373,100,52.202723586879,6.55151255251122
"3172",2022-03-23 00:14:15,2,373,100,51.5709908152284,7.09257211042585
"3173",2022-03-23 00:14:20,2,373,100,50.7857850885024,6.47083977331806
"3174",2022-03-23 00:14:25,2,373,100,49.8742290250501,6.43460835909981
"3175",2022-03-23 00:14:30,2,373,100,50.0359158786702,6.1732676762543
"3176",2022-03-23 00:14:35,2,373,100,51.5158583873949,6.76344893418085
"3177",2022-03-23 00:14:40,2,373,100,49.6527507457185,6.48122751641904
"3178",2022-03-23 00:14:45,2,373,100,51.6768165313487,6.40856973602499
"3179",2022-03-23 00:14:50,2,373,100,50.6107366802336,6.97740786747413
"3180",2022-03-23 00:14:55,2,373,100,49.990158240243,6.36139713635921
"3181",2022-03-23 00:15:00,2,373,100,50.0425348310831,7.17449204823979
"3182",2022-03-23 00:15:05,2,373,100,50.319343640992,6.88194370671014
"3183",2022-03-23 00:15:10,2,373,100,51.073735060734,7.03697032951551
"3184",2022-03-23 00:15:15,2,373,100,50.7349395349269,6.36820564780788
"3185",2022-03-23 00:15:20,2,373,100,49.3554754166745,6.46844628521104
"3186",2022-03-23 00:15:25,2,373,100,50.1358659381283,6.39664429771049
"3187",2022-03-23 00:15:30,2,373,100,50.4632077144565,6.97124680408661
"3188",2022-03-23 00:15:35,2,373,100,50.6636777523711,6.53659567498584
"3189",2022-03-23 00:15:40,2,373,100,50.7586561550253,6.64304984934303
"3190",2022-03-23 00:15:45,2,373,100,50.7703889525027,6.40768990099952
"3191",2022-03-23 00:15:50,2,373,100,49.3831119218819,6.06369603150125
"3192",2022-03-23 00:15:55,2,373,100,49.8106431931019,6.98244904966489
"3193",2022-03-23 00:16:00,2,373,100,50.2346551163112,6.41278951209669
"3194",2022-03-23 00:16:05,2,373,100,51.9078506966829,6.27993974942329
"3195",2022-03-23 00:16:10,2,373,100,50.8523958692883,7.16539931936211
"3196",2022-03-23 00:16:15,2,373,100,50.5004634552577,6.5412415098157
"3197",2022-03-23 00:16:20,2,373,100,50.1768170934111,6.23421011786841
"3198",2022-03-23 00:16:25,2,373,100,50.0420190061543,6.243302860116
"3199",2022-03-23 00:16:30,2,373,100,50.0662906174433,6.0640923096985
"3200",2022-03-23 00:16:35,2,373,100,51.5882231286405,7.02924301541082
"3201",2022-03-24 00:00:00,2,373,200,51.6743271219332,5.94036929402014
"3202",2022-03-24 00:00:05,2,373,200,49.9917906935379,6.30527364966416
"3203",2022-03-24 00:00:10,2,373,200,51.7255414085662,6.03226767797589
"3204",2022-03-24 00:00:15,2,373,200,51.6351527127119,5.66144408218659
"3205",2022-03-24 00:00:20,2,373,200,50.7261988590115,5.70894047702923
"3206",2022-03-24 00:00:25,2,373,200,50.6664466821315,6.04525718148652
"3207",2022-03-24 00:00:30,2,373,200,52.2261107262914,6.21874319783379
"3208",2022-03-24 00:00:35,2,373,200,50.8941093747027,6.46460399556889
"3209",2022-03-24 00:00:40,2,373,200,50.8252748444566,5.83153564890685
"3210",2022-03-24 00:00:45,2,373,200,51.2915739311466,5.73833223699386
"3211",2022-03-24 00:00:50,2,373,200,50.2392762482738,5.89488660112006
"3212",2022-03-24 00:00:55,2,373,200,51.3758425741321,5.98584454760323
"3213",2022-03-24 00:01:00,2,373,200,50.0477293238426,6.30736905743516
"3214",2022-03-24 00:01:05,2,373,200,50.5369787235201,6.07396932113619
"3215",2022-03-24 00:01:10,2,373,200,50.5677028972003,5.83286209283578
"3216",2022-03-24 00:01:15,2,373,200,49.7418951043782,5.84691071073471
"3217",2022-03-24 00:01:20,2,373,200,47.552996415242,5.60225310060401
"3218",2022-03-24 00:01:25,2,373,200,50.9901154056489,5.46198699150654
"3219",2022-03-24 00:01:30,2,373,200,53.0146525444018,5.98154281729888
"3220",2022-03-24 00:01:35,2,373,200,51.9709342647714,5.32288853640656
"3221",2022-03-24 00:01:40,2,373,200,49.6214904503047,6.09476571302873
"3222",2022-03-24 00:01:45,2,373,200,52.2242149340922,6.25066980081444
"3223",2022-03-24 00:01:50,2,373,200,50.0077021482105,5.49813538481713
"3224",2022-03-24 00:01:55,2,373,200,49.2438816476213,5.44895821044662
"3225",2022-03-24 00:02:00,2,373,200,51.9067817781316,6.16882603350602
"3226",2022-03-24 00:02:05,2,373,200,51.9801488655886,6.29719020600954
"3227",2022-03-24 00:02:10,2,373,200,49.9278129542131,5.09627133087528
"3228",2022-03-24 00:02:15,2,373,200,52.7441720453996,6.03635140700292
"3229",2022-03-24 00:02:20,2,373,200,51.9373040024163,5.71090103268297
"3230",2022-03-24 00:02:25,2,373,200,50.8998562770359,5.48826247298089
"3231",2022-03-24 00:02:30,2,373,200,49.528329751452,5.59643992681356
"3232",2022-03-24 00:02:35,2,373,200,52.2395629250509,6.27700891249836
"3233",2022-03-24 00:02:40,2,373,200,50.2029311880092,6.44422396903565
"3234",2022-03-24 00:02:45,2,373,200,51.1057841935088,5.98946937307116
"3235",2022-03-24 00:02:50,2,373,200,48.7838201615312,5.68042016348091
"3236",2022-03-24 00:02:55,2,373,200,51.7981999294451,6.69333348464682
"3237",2022-03-24 00:03:00,2,373,200,50.3590350534403,5.68317655911824
"3238",2022-03-24 00:03:05,2,373,200,51.4862311184677,5.39232899501863
"3239",2022-03-24 00:03:10,2,373,200,49.6284108267114,6.36309949988123
"3240",2022-03-24 00:03:15,2,373,200,50.7836417797692,5.98437998437737
"3241",2022-03-24 00:03:20,2,373,200,51.3861483202076,6.00574398786194
"3242",2022-03-24 00:03:25,2,373,200,50.3145829987117,6.12068625120806
"3243",2022-03-24 00:03:30,2,373,200,50.7171106480659,5.35768944931595
"3244",2022-03-24 00:03:35,2,373,200,50.3445816458384,5.53301352197585
"3245",2022-03-24 00:03:40,2,373,200,52.4316914061753,5.55981230894844
"3246",2022-03-24 00:03:45,2,373,200,50.4343223400873,6.04771493508351
"3247",2022-03-24 00:03:50,2,373,200,50.804701333746,5.35936093645739
"3248",2022-03-24 00:03:55,2,373,200,51.3912328421197,6.04299856828572
"3249",2022-03-24 00:04:00,2,373,200,52.1590581045743,6.59765419189854
"3250",2022-03-24 00:04:05,2,373,200,50.9803204766642,5.98050445710273
"3251",2022-03-24 00:04:10,2,373,200,50.0949305505606,6.36367179702042
"3252",2022-03-24 00:04:15,2,373,200,50.2179565112417,5.6698433620259
"3253",2022-03-24 00:04:20,2,373,200,51.5535263987812,5.97291068496742
"3254",2022-03-24 00:04:25,2,373,200,51.7434057874655,5.91524415570401
"3255",2022-03-24 00:04:30,2,373,200,50.3281235312548,5.71804793209616
"3256",2022-03-24 00:04:35,2,373,200,49.0230524229096,5.07206678628591
"3257",2022-03-24 00:04:40,2,373,200,50.8847405005949,6.45318710513041
"3258",2022-03-24 00:04:45,2,373,200,50.2156639736098,5.71205557846517
"3259",2022-03-24 00:04:50,2,373,200,50.2977158638878,5.29110968995558
"3260",2022-03-24 00:04:55,2,373,200,50.4951717562799,5.88719968499067
"3261",2022-03-24 00:05:00,2,373,200,50.3185307498662,5.78465296576812
"3262",2022-03-24 00:05:05,2,373,200,50.9014165793832,5.56668292971945
"3263",2022-03-24 00:05:10,2,373,200,50.3728842784944,5.56455161923726
"3264",2022-03-24 00:05:15,2,373,200,51.7776217548507,5.88332257882941
"3265",2022-03-24 00:05:20,2,373,200,52.1378299674245,5.46446353864855
"3266",2022-03-24 00:05:25,2,373,200,52.1861546271857,5.6371959524116
"3267",2022-03-24 00:05:30,2,373,200,52.1239326419141,5.43835377662478
"3268",2022-03-24 00:05:35,2,373,200,50.0040897960352,5.73017383772344
"3269",2022-03-24 00:05:40,2,373,200,50.1099308165768,5.6101024631495
"3270",2022-03-24 00:05:45,2,373,200,51.3848282187369,6.13382297901448
"3271",2022-03-24 00:05:50,2,373,200,51.3358639235546,5.50325094173491
"3272",2022-03-24 00:05:55,2,373,200,49.0486940599063,5.99439498597861
"3273",2022-03-24 00:06:00,2,373,200,52.654766506341,5.9959689705024
"3274",2022-03-24 00:06:05,2,373,200,51.5729988829111,5.75767922085904
"3275",2022-03-24 00:06:10,2,373,200,51.0628132265384,5.02811861065105
"3276",2022-03-24 00:06:15,2,373,200,51.8976953105341,6.15574320017847
"3277",2022-03-24 00:06:20,2,373,200,50.996049733511,5.91547026776575
"3278",2022-03-24 00:06:25,2,373,200,48.7077997124048,5.83043679044443
"3279",2022-03-24 00:06:30,2,373,200,51.7864744996954,5.9446309334408
"3280",2022-03-24 00:06:35,2,373,200,49.8458135158408,5.28821984171104
"3281",2022-03-24 00:06:40,2,373,200,49.8930093469529,5.8810188906187
"3282",2022-03-24 00:06:45,2,373,200,50.0328514770314,6.56824073499521
"3283",2022-03-24 00:06:50,2,373,200,49.6078121539331,6.43504528161798
"3284",2022-03-24 00:06:55,2,373,200,49.9660911030572,5.19595365380956
"3285",2022-03-24 00:07:00,2,373,200,53.1454775894748,5.91745242732846
"3286",2022-03-24 00:07:05,2,373,200,49.9637508420848,5.5678175897939
"3287",2022-03-24 00:07:10,2,373,200,51.3141753361421,5.64127524179894
"3288",2022-03-24 00:07:15,2,373,200,50.4376898963901,6.12084532702607
"3289",2022-03-24 00:07:20,2,373,200,50.1746610197656,6.11933157611639
"3290",2022-03-24 00:07:25,2,373,200,50.3962376107625,5.81662072719214
"3291",2022-03-24 00:07:30,2,373,200,50.6820014522223,5.27827142822853
"3292",2022-03-24 00:07:35,2,373,200,50.4074631330305,5.89320371294811
"3293",2022-03-24 00:07:40,2,373,200,51.0735333097103,5.53379522170313
"3294",2022-03-24 00:07:45,2,373,200,50.6428790826651,5.71974894316508
"3295",2022-03-24 00:07:50,2,373,200,50.7495671114309,5.65512384221523
"3296",2022-03-24 00:07:55,2,373,200,49.987519939231,6.36168806443787
"3297",2022-03-24 00:08:00,2,373,200,50.5713322615965,5.47156966928903
"3298",2022-03-24 00:08:05,2,373,200,50.9779567353262,6.21608472246371
"3299",2022-03-24 00:08:10,2,373,200,50.4989920844793,5.2106371104339
"3300",2022-03-24 00:08:15,2,373,200,52.2461793423044,6.21062625375751
"3301",2022-03-24 00:08:20,2,373,200,50.4582181911385,5.40787654788721
"3302",2022-03-24 00:08:25,2,373,200,50.4058978306477,5.47181384253646
"3303",2022-03-24 00:08:30,2,373,200,50.5850773170309,6.30206143849785
"3304",2022-03-24 00:08:35,2,373,200,49.0271085307757,6.04591499889314
"3305",2022-03-24 00:08:40,2,373,200,51.7973241059491,5.9285676578998
"3306",2022-03-24 00:08:45,2,373,200,51.0189037554397,5.95301884038049
"3307",2022-03-24 00:08:50,2,373,200,51.5792313798171,6.02471520439566
"3308",2022-03-24 00:08:55,2,373,200,51.6709021655286,6.50892117862866
"3309",2022-03-24 00:09:00,2,373,200,51.7292894150472,5.84760383369117
"3310",2022-03-24 00:09:05,2,373,200,52.8915291838269,6.12403755211918
"3311",2022-03-24 00:09:10,2,373,200,49.2417944511654,5.65219206321124
"3312",2022-03-24 00:09:15,2,373,200,51.6357273139485,5.91936926838173
"3313",2022-03-24 00:09:20,2,373,200,51.4737339718891,6.08932877164286
"3314",2022-03-24 00:09:25,2,373,200,50.6307159417661,6.0016122877475
"3315",2022-03-24 00:09:30,2,373,200,51.6833219131681,6.79760485466836
"3316",2022-03-24 00:09:35,2,373,200,51.1002998333597,6.1348968593407
"3317",2022-03-24 00:09:40,2,373,200,51.5735206145111,5.61055031623714
"3318",2022-03-24 00:09:45,2,373,200,49.6325233653328,5.37652386889699
"3319",2022-03-24 00:09:50,2,373,200,53.2763955647805,5.93546723004875
"3320",2022-03-24 00:09:55,2,373,200,50.6406579556807,5.51949543630438
"3321",2022-03-24 00:10:00,2,373,200,50.9437157254503,6.51259516901731
"3322",2022-03-24 00:10:05,2,373,200,50.7970711983486,6.12400066716129
"3323",2022-03-24 00:10:10,2,373,200,51.8543448041408,5.65340132064838
"3324",2022-03-24 00:10:15,2,373,200,51.6870672086875,5.94656210611492
"3325",2022-03-24 00:10:20,2,373,200,50.645637516488,6.15584878652336
"3326",2022-03-24 00:10:25,2,373,200,52.3793684477625,5.24548576553338
"3327",2022-03-24 00:10:30,2,373,200,51.0709125831842,5.69626933874255
"3328",2022-03-24 00:10:35,2,373,200,50.6264578932017,5.66801391775798
"3329",2022-03-24 00:10:40,2,373,200,50.9538284232395,5.88621099641297
"3330",2022-03-24 00:10:45,2,373,200,50.8827155090612,5.55663175524974
"3331",2022-03-24 00:10:50,2,373,200,49.1877307679294,5.40329457892142
"3332",2022-03-24 00:10:55,2,373,200,50.077104040277,5.47161439349061
"3333",2022-03-24 00:11:00,2,373,200,53.0547551638572,5.65563647674888
"3334",2022-03-24 00:11:05,2,373,200,49.6544328265732,6.0721088804422
"3335",2022-03-24 00:11:10,2,373,200,52.5272542427278,5.46388241234584
"3336",2022-03-24 00:11:15,2,373,200,51.2357914295841,6.14112199379898
"3337",2022-03-24 00:11:20,2,373,200,52.3114431492837,5.82168841923454
"3338",2022-03-24 00:11:25,2,373,200,51.3523242519033,5.81249976692899
"3339",2022-03-24 00:11:30,2,373,200,49.2422873884791,6.42194798368743
"3340",2022-03-24 00:11:35,2,373,200,51.919403690273,5.88247797212348
"3341",2022-03-24 00:11:40,2,373,200,51.3370825818809,6.59927161732484
"3342",2022-03-24 00:11:45,2,373,200,49.3234426220873,5.95262004477675
"3343",2022-03-24 00:11:50,2,373,200,51.930058865861,5.45258990467017
"3344",2022-03-24 00:11:55,2,373,200,50.0071848714886,6.17726568626002
"3345",2022-03-24 00:12:00,2,373,200,50.3198024334973,6.00227047718568
"3346",2022-03-24 00:12:05,2,373,200,52.5470669613497,5.67897979165507
"3347",2022-03-24 00:12:10,2,373,200,52.8358490045726,6.13319619798521
"3348",2022-03-24 00:12:15,2,373,200,51.2839700699463,5.28553952485238
"3349",2022-03-24 00:12:20,2,373,200,51.3776130010585,5.905420408015
"3350",2022-03-24 00:12:25,2,373,200,50.1888379686999,6.32055839906443
"3351",2022-03-24 00:12:30,2,373,200,52.5081411243806,5.13861962044991
"3352",2022-03-24 00:12:35,2,373,200,50.9936323931328,5.44133369077498
"3353",2022-03-24 00:12:40,2,373,200,50.2582403572087,5.6024037920248
"3354",2022-03-24 00:12:45,2,373,200,51.4784298865195,5.85101766222778
"3355",2022-03-24 00:12:50,2,373,200,51.6242433971638,5.65768688058326
"3356",2022-03-24 00:12:55,2,373,200,48.4354638463487,5.62206473078502
"3357",2022-03-24 00:13:00,2,373,200,51.7055213302821,6.08663523269049
"3358",2022-03-24 00:13:05,2,373,200,52.7857805937807,5.58467170640765
"3359",2022-03-24 00:13:10,2,373,200,51.7780183700099,5.52567595589845
"3360",2022-03-24 00:13:15,2,373,200,49.4682379112721,5.19934111675977
"3361",2022-03-24 00:13:20,2,373,200,53.1290488588438,5.99323800542504
"3362",2022-03-24 00:13:25,2,373,200,50.6756902538519,5.09888158858046
"3363",2022-03-24 00:13:30,2,373,200,49.2214243477493,5.58321310581508
"3364",2022-03-24 00:13:35,2,373,200,50.1304371455538,5.92589215441809
"3365",2022-03-24 00:13:40,2,373,200,50.008991292488,5.20604975818638
"3366",2022-03-24 00:13:45,2,373,200,51.5838638182568,5.58708389010345
"3367",2022-03-24 00:13:50,2,373,200,51.0753569592912,5.73606402271761
"3368",2022-03-24 00:13:55,2,373,200,51.376110774562,6.00481486531473
"3369",2022-03-24 00:14:00,2,373,200,51.7417900501413,5.53637800109339
"3370",2022-03-24 00:14:05,2,373,200,51.8007075268579,5.91164081490109
"3371",2022-03-24 00:14:10,2,373,200,51.716944565426,5.95699492629805
"3372",2022-03-24 00:14:15,2,373,200,51.7921224698417,5.98362460507703
"3373",2022-03-24 00:14:20,2,373,200,51.456966437092,6.14245304305568
"3374",2022-03-24 00:14:25,2,373,200,50.9359621206102,5.76581589143745
"3375",2022-03-24 00:14:30,2,373,200,50.5286653667278,5.73948645367383
"3376",2022-03-24 00:14:35,2,373,200,51.174191347975,5.23324261265748
"3377",2022-03-24 00:14:40,2,373,200,50.8914483711939,5.91145107775753
"3378",2022-03-24 00:14:45,2,373,200,49.4447786288248,5.466301129233
"3379",2022-03-24 00:14:50,2,373,200,51.0100058522468,6.01798345791812
"3380",2022-03-24 00:14:55,2,373,200,51.879325150154,5.32030493262797
"3381",2022-03-24 00:15:00,2,373,200,50.0132404114358,5.46838280515441
"3382",2022-03-24 00:15:05,2,373,200,50.1159356727951,5.79682242158802
"3383",2022-03-24 00:15:10,2,373,200,50.9862076151487,6.12714627108802
"3384",2022-03-24 00:15:15,2,373,200,52.0500497440345,5.83368273068123
"3385",2022-03-24 00:15:20,2,373,200,50.3224779202942,5.555292916937
"3386",2022-03-24 00:15:25,2,373,200,50.5103677523553,5.71957559484923
"3387",2022-03-24 00:15:30,2,373,200,52.4094951159258,5.72397842416834
"3388",2022-03-24 00:15:35,2,373,200,51.1978323363782,5.46164089377264
"3389",2022-03-24 00:15:40,2,373,200,51.1557541317608,5.83341811874841
"3390",2022-03-24 00:15:45,2,373,200,51.164472686403,5.96576238139098
"3391",2022-03-24 00:15:50,2,373,200,50.895884136637,5.94259538802834
"3392",2022-03-24 00:15:55,2,373,200,50.9270263802005,5.68448869869808
"3393",2022-03-24 00:16:00,2,373,200,50.4480380637662,5.94209345044953
"3394",2022-03-24 00:16:05,2,373,200,49.8647896156115,5.81815404270688
"3395",2022-03-24 00:16:10,2,373,200,51.9099252903666,6.33204684184903
"3396",2022-03-24 00:16:15,2,373,200,50.4756091447097,6.1140449692775
"3397",2022-03-24 00:16:20,2,373,200,50.9536998103842,5.37098232619024
"3398",2022-03-24 00:16:25,2,373,200,52.3033833576023,5.26678341226206
"3399",2022-03-24 00:16:30,2,373,200,50.1863296358306,6.19056605255439
"3400",2022-03-24 00:16:35,2,373,200,49.9803997073359,5.93106943869705
"3401",2022-03-25 00:00:00,2,373,300,50.6427218266703,5.09568013432929
"3402",2022-03-25 00:00:05,2,373,300,50.5280064720808,4.60707102167015
"3403",2022-03-25 00:00:10,2,373,300,51.9593749167538,5.16565578362971
"3404",2022-03-25 00:00:15,2,373,300,49.6659781628221,5.00366897478362
"3405",2022-03-25 00:00:20,2,373,300,49.2926645656711,5.258095469048
"3406",2022-03-25 00:00:25,2,373,300,49.9057244031783,5.56141408314018
"3407",2022-03-25 00:00:30,2,373,300,50.6569778036409,4.89112769550075
"3408",2022-03-25 00:00:35,2,373,300,50.8955324639055,5.53791720707045
"3409",2022-03-25 00:00:40,2,373,300,50.5705434234264,5.02614710331516
"3410",2022-03-25 00:00:45,2,373,300,49.1964724013948,5.7975270031191
"3411",2022-03-25 00:00:50,2,373,300,51.3210853578651,5.46076377129839
"3412",2022-03-25 00:00:55,2,373,300,50.1650194731345,4.99034495582522
"3413",2022-03-25 00:01:00,2,373,300,50.4334556787578,4.9633655185625
"3414",2022-03-25 00:01:05,2,373,300,50.2315332325052,4.89682919955539
"3415",2022-03-25 00:01:10,2,373,300,48.8480237268792,4.74769512272807
"3416",2022-03-25 00:01:15,2,373,300,51.0348310753962,4.72822594102337
"3417",2022-03-25 00:01:20,2,373,300,50.5205312366792,4.68742618093914
"3418",2022-03-25 00:01:25,2,373,300,49.5125834079577,5.05855884342677
"3419",2022-03-25 00:01:30,2,373,300,51.8261161378158,4.99998162378223
"3420",2022-03-25 00:01:35,2,373,300,52.758458701587,5.17302195520494
"3421",2022-03-25 00:01:40,2,373,300,51.5589153179055,4.91773151555014
"3422",2022-03-25 00:01:45,2,373,300,51.5837175757745,4.745102303688
"3423",2022-03-25 00:01:50,2,373,300,51.3837432119639,5.20089058423517
"3424",2022-03-25 00:01:55,2,373,300,49.0863342353618,5.31143345757669
"3425",2022-03-25 00:02:00,2,373,300,50.8983908710048,4.80117238443561
"3426",2022-03-25 00:02:05,2,373,300,52.5985602228526,5.11276033733918
"3427",2022-03-25 00:02:10,2,373,300,50.8145910665247,5.41115524476438
"3428",2022-03-25 00:02:15,2,373,300,50.5162138611061,5.29160268062633
"3429",2022-03-25 00:02:20,2,373,300,51.8036405944844,5.364476942345
"3430",2022-03-25 00:02:25,2,373,300,51.5580851730313,5.05790210639683
"3431",2022-03-25 00:02:30,2,373,300,52.4763717729457,5.32686890001143
"3432",2022-03-25 00:02:35,2,373,300,52.386203554634,5.30602942411804
"3433",2022-03-25 00:02:40,2,373,300,49.9822454171666,4.89711069285165
"3434",2022-03-25 00:02:45,2,373,300,50.9088887428512,4.6972497286721
"3435",2022-03-25 00:02:50,2,373,300,51.1562796129711,5.36314407619373
"3436",2022-03-25 00:02:55,2,373,300,51.3866847634765,4.8775332766709
"3437",2022-03-25 00:03:00,2,373,300,51.2027290131718,4.54327500638461
"3438",2022-03-25 00:03:05,2,373,300,51.0812062981441,5.31338523343176
"3439",2022-03-25 00:03:10,2,373,300,50.6006254963721,5.32457913376863
"3440",2022-03-25 00:03:15,2,373,300,49.8570428420174,4.56710094755771
"3441",2022-03-25 00:03:20,2,373,300,52.1567914581272,5.55481312874911
"3442",2022-03-25 00:03:25,2,373,300,50.6131854261472,5.30039146806963
"3443",2022-03-25 00:03:30,2,373,300,53.7470022818567,5.08224044798123
"3444",2022-03-25 00:03:35,2,373,300,51.1614924237973,4.93903794642699
"3445",2022-03-25 00:03:40,2,373,300,51.6820237008628,5.38873583108391
"3446",2022-03-25 00:03:45,2,373,300,51.821176644582,4.67195311195324
"3447",2022-03-25 00:03:50,2,373,300,52.0975710659362,4.88882379119177
"3448",2022-03-25 00:03:55,2,373,300,50.4624167382474,5.69181853273428
"3449",2022-03-25 00:04:00,2,373,300,50.8703066364212,5.18282678414628
"3450",2022-03-25 00:04:05,2,373,300,51.7324605210424,5.03768378756599
"3451",2022-03-25 00:04:10,2,373,300,49.9778383581359,4.80604596881512
"3452",2022-03-25 00:04:15,2,373,300,51.2062612858423,4.90684217664423
"3453",2022-03-25 00:04:20,2,373,300,50.5916849985081,4.85941336933294
"3454",2022-03-25 00:04:25,2,373,300,51.7637127659775,4.37906147029937
"3455",2022-03-25 00:04:30,2,373,300,51.453823101536,4.61950546870028
"3456",2022-03-25 00:04:35,2,373,300,51.3695768137631,4.79716242937196
"3457",2022-03-25 00:04:40,2,373,300,51.2009627534364,4.98026307950186
"3458",2022-03-25 00:04:45,2,373,300,51.5421335258348,4.61082551639319
"3459",2022-03-25 00:04:50,2,373,300,50.5205950096188,4.38016352724523
"3460",2022-03-25 00:04:55,2,373,300,48.7745064036767,5.16645065798606
"3461",2022-03-25 00:05:00,2,373,300,49.8850961425157,5.02656360542228
"3462",2022-03-25 00:05:05,2,373,300,50.473571542228,5.02605793084191
"3463",2022-03-25 00:05:10,2,373,300,49.4296014745047,5.59685871661105
"3464",2022-03-25 00:05:15,2,373,300,50.0654829118181,5.04682215269255
"3465",2022-03-25 00:05:20,2,373,300,48.7712111585374,4.96843623940934
"3466",2022-03-25 00:05:25,2,373,300,52.4173931710689,5.13927453336024
"3467",2022-03-25 00:05:30,2,373,300,51.9633158930319,5.10418508915196
"3468",2022-03-25 00:05:35,2,373,300,51.7188001970133,5.52985384054231
"3469",2022-03-25 00:05:40,2,373,300,47.6264141671205,5.80385558261528
"3470",2022-03-25 00:05:45,2,373,300,47.4662904988631,5.54686677303537
"3471",2022-03-25 00:05:50,2,373,300,50.2570225317423,4.79306795506274
"3472",2022-03-25 00:05:55,2,373,300,51.778856878102,5.11321653892266
"3473",2022-03-25 00:06:00,2,373,300,49.3847057669197,4.6783205801918
"3474",2022-03-25 00:06:05,2,373,300,48.5154592666913,4.83250575533397
"3475",2022-03-25 00:06:10,2,373,300,53.4623642977371,4.62820359749687
"3476",2022-03-25 00:06:15,2,373,300,50.5678381772463,4.5989128927869
"3477",2022-03-25 00:06:20,2,373,300,49.3725158148757,4.82036585849108
"3478",2022-03-25 00:06:25,2,373,300,50.1137171963021,5.24821292885759
"3479",2022-03-25 00:06:30,2,373,300,49.9326378883107,4.72174484655722
"3480",2022-03-25 00:06:35,2,373,300,51.0252223052024,4.63466340977948
"3481",2022-03-25 00:06:40,2,373,300,49.7938262809373,4.62893032437272
"3482",2022-03-25 00:06:45,2,373,300,50.212175886592,5.09877633154773
"3483",2022-03-25 00:06:50,2,373,300,51.0087040865031,5.46271790074695
"3484",2022-03-25 00:06:55,2,373,300,51.0555038666544,4.77059791358833
"3485",2022-03-25 00:07:00,2,373,300,53.0656349229053,5.11073508848788
"3486",2022-03-25 00:07:05,2,373,300,50.6197762595285,5.3953836644218
"3487",2022-03-25 00:07:10,2,373,300,52.9812063596903,4.95088323888972
"3488",2022-03-25 00:07:15,2,373,300,50.5145973788121,5.15465417463255
"3489",2022-03-25 00:07:20,2,373,300,50.5596818334796,4.76202855161991
"3490",2022-03-25 00:07:25,2,373,300,51.1821435780863,4.82206461340221
"3491",2022-03-25 00:07:30,2,373,300,49.6558740928496,4.95603036859109
"3492",2022-03-25 00:07:35,2,373,300,51.8151022463053,4.92163805564544
"3493",2022-03-25 00:07:40,2,373,300,49.579820342557,4.83463744254851
"3494",2022-03-25 00:07:45,2,373,300,51.208514152316,4.93629732014708
"3495",2022-03-25 00:07:50,2,373,300,51.2484214993703,4.80197223072891
"3496",2022-03-25 00:07:55,2,373,300,51.8249179223241,5.42955906852647
"3497",2022-03-25 00:08:00,2,373,300,51.2879706896526,4.29933593383848
"3498",2022-03-25 00:08:05,2,373,300,51.0712638996097,5.83885043262398
"3499",2022-03-25 00:08:10,2,373,300,51.4281559987631,5.26285806411871
"3500",2022-03-25 00:08:15,2,373,300,49.9531128233155,5.40316205480694
"3501",2022-03-25 00:08:20,2,373,300,50.4307279243181,5.10095339433221
"3502",2022-03-25 00:08:25,2,373,300,50.0818243984665,5.97291542469151
"3503",2022-03-25 00:08:30,2,373,300,49.8359923807148,5.02535964209294
"3504",2022-03-25 00:08:35,2,373,300,50.4190203072015,4.40439044419361
"3505",2022-03-25 00:08:40,2,373,300,49.5731003276438,5.30891833760202
"3506",2022-03-25 00:08:45,2,373,300,50.6450936980737,4.95692709873908
"3507",2022-03-25 00:08:50,2,373,300,50.5742357591966,4.95422175224791
"3508",2022-03-25 00:08:55,2,373,300,50.9615870632988,5.29925514875428
"3509",2022-03-25 00:09:00,2,373,300,52.8910074159888,5.47503810101878
"3510",2022-03-25 00:09:05,2,373,300,50.5968879290317,5.30563417416288
"3511",2022-03-25 00:09:10,2,373,300,52.5554757535383,5.73241237025654
"3512",2022-03-25 00:09:15,2,373,300,49.7441368275484,4.8292075801871
"3513",2022-03-25 00:09:20,2,373,300,50.4805829969641,5.00541906645044
"3514",2022-03-25 00:09:25,2,373,300,52.6122316263834,4.90088089954261
"3515",2022-03-25 00:09:30,2,373,300,49.9401562623565,5.22689737831087
"3516",2022-03-25 00:09:35,2,373,300,49.0933917704291,5.17508142817612
"3517",2022-03-25 00:09:40,2,373,300,52.762323358522,5.20510423455712
"3518",2022-03-25 00:09:45,2,373,300,50.1601327827298,5.36315968256896
"3519",2022-03-25 00:09:50,2,373,300,49.7823607313944,5.78266872684527
"3520",2022-03-25 00:09:55,2,373,300,49.7992986513163,5.71796655445994
"3521",2022-03-25 00:10:00,2,373,300,52.7442813110736,5.15519134138952
"3522",2022-03-25 00:10:05,2,373,300,50.6143174603212,4.46626947907238
"3523",2022-03-25 00:10:10,2,373,300,51.4273004646072,5.28909104897071
"3524",2022-03-25 00:10:15,2,373,300,51.6583103027822,5.26440780121368
"3525",2022-03-25 00:10:20,2,373,300,51.1376140039447,4.75972229525028
"3526",2022-03-25 00:10:25,2,373,300,50.1805708245152,5.4057390317086
"3527",2022-03-25 00:10:30,2,373,300,50.4404431386283,5.00255539195288
"3528",2022-03-25 00:10:35,2,373,300,52.1404680050243,4.94366877372105
"3529",2022-03-25 00:10:40,2,373,300,50.1255488516595,4.61526752234338
"3530",2022-03-25 00:10:45,2,373,300,50.4273857268913,4.96189633630154
"3531",2022-03-25 00:10:50,2,373,300,51.3845202269239,5.01536419888746
"3532",2022-03-25 00:10:55,2,373,300,51.0627605371346,5.53822589808973
"3533",2022-03-25 00:11:00,2,373,300,51.7615016592497,4.96125471927903
"3534",2022-03-25 00:11:05,2,373,300,51.0413061666356,5.03424440322873
"3535",2022-03-25 00:11:10,2,373,300,49.7143912542463,4.85966668617827
"3536",2022-03-25 00:11:15,2,373,300,49.2064000326048,5.01849472927077
"3537",2022-03-25 00:11:20,2,373,300,49.8922105159417,5.33839873393196
"3538",2022-03-25 00:11:25,2,373,300,49.4360675099364,5.06813279726289
"3539",2022-03-25 00:11:30,2,373,300,52.8770868771047,5.53067173767236
"3540",2022-03-25 00:11:35,2,373,300,51.254983170547,4.31299110762366
"3541",2022-03-25 00:11:40,2,373,300,50.6914872058037,4.58861054499063
"3542",2022-03-25 00:11:45,2,373,300,49.8363967805412,4.71943831492916
"3543",2022-03-25 00:11:50,2,373,300,50.9755403179716,5.73961451035114
"3544",2022-03-25 00:11:55,2,373,300,51.2328671453068,6.00264649756795
"3545",2022-03-25 00:12:00,2,373,300,50.3335979883665,5.47769547448513
"3546",2022-03-25 00:12:05,2,373,300,49.7738845311945,5.03603953558337
"3547",2022-03-25 00:12:10,2,373,300,51.6174186014962,5.44708832164121
"3548",2022-03-25 00:12:15,2,373,300,50.2822176750762,5.38039455549113
"3549",2022-03-25 00:12:20,2,373,300,48.8465896385932,5.04190402389113
"3550",2022-03-25 00:12:25,2,373,300,51.387258150003,5.15610004399181
"3551",2022-03-25 00:12:30,2,373,300,50.9294083623658,4.96411790057748
"3552",2022-03-25 00:12:35,2,373,300,49.5266846785263,4.64659538669776
"3553",2022-03-25 00:12:40,2,373,300,53.6896739534186,5.24683788426501
"3554",2022-03-25 00:12:45,2,373,300,52.3065956625151,5.1014215445939
"3555",2022-03-25 00:12:50,2,373,300,51.3526689553523,4.74147602653362
"3556",2022-03-25 00:12:55,2,373,300,51.0391032395764,4.92430804646035
"3557",2022-03-25 00:13:00,2,373,300,52.1685880085143,5.05930685319042
"3558",2022-03-25 00:13:05,2,373,300,51.6799511875131,5.16639479197229
"3559",2022-03-25 00:13:10,2,373,300,50.6985956026079,4.97091336782046
"3560",2022-03-25 00:13:15,2,373,300,51.7349855325436,5.80041974303014
"3561",2022-03-25 00:13:20,2,373,300,50.6459506611634,4.4488327310856
"3562",2022-03-25 00:13:25,2,373,300,50.9327437621918,5.40431274216586
"3563",2022-03-25 00:13:30,2,373,300,52.8165873007321,4.37889535330997
"3564",2022-03-25 00:13:35,2,373,300,50.6248038054785,5.06340817198453
"3565",2022-03-25 00:13:40,2,373,300,51.6223544478363,5.42871176563264
"3566",2022-03-25 00:13:45,2,373,300,50.8757681437858,5.80340608810408
"3567",2022-03-25 00:13:50,2,373,300,48.8360338684172,4.86351378189044
"3568",2022-03-25 00:13:55,2,373,300,51.6197949955954,4.81816581905933
"3569",2022-03-25 00:14:00,2,373,300,51.3715103828782,5.34342069420784
"3570",2022-03-25 00:14:05,2,373,300,51.7694727922004,4.3845219532115
"3571",2022-03-25 00:14:10,2,373,300,50.6902645219568,5.11165227636996
"3572",2022-03-25 00:14:15,2,373,300,51.2979632311138,5.38455340783097
"3573",2022-03-25 00:14:20,2,373,300,49.844050851683,5.58982556172078
"3574",2022-03-25 00:14:25,2,373,300,52.5461498562504,5.23242556158788
"3575",2022-03-25 00:14:30,2,373,300,49.6944028137619,5.04216870591857
"3576",2022-03-25 00:14:35,2,373,300,49.8331605770558,4.59887182714087
"3577",2022-03-25 00:14:40,2,373,300,52.2531113009512,5.54971312302005
"3578",2022-03-25 00:14:45,2,373,300,50.6984819439616,5.45150952752169
"3579",2022-03-25 00:14:50,2,373,300,51.4431497706732,4.99338659519655
"3580",2022-03-25 00:14:55,2,373,300,49.6129220011795,5.32041794396313
"3581",2022-03-25 00:15:00,2,373,300,51.4955980117687,5.04864324953223
"3582",2022-03-25 00:15:05,2,373,300,50.6471347886602,4.94033640319821
"3583",2022-03-25 00:15:10,2,373,300,49.9628350247938,4.95324355860262
"3584",2022-03-25 00:15:15,2,373,300,52.0323439477476,4.88312285766287
"3585",2022-03-25 00:15:20,2,373,300,52.6093812160316,5.2182720987575
"3586",2022-03-25 00:15:25,2,373,300,49.8119322956441,4.69866766893845
"3587",2022-03-25 00:15:30,2,373,300,51.1606457308404,5.01633911062921
"3588",2022-03-25 00:15:35,2,373,300,50.6089420832249,5.25430686536041
"3589",2022-03-25 00:15:40,2,373,300,51.5886169932177,4.66926792797574
"3590",2022-03-25 00:15:45,2,373,300,51.9489448748279,4.38870330488975
"3591",2022-03-25 00:15:50,2,373,300,50.2110183151065,4.82898907397665
"3592",2022-03-25 00:15:55,2,373,300,50.7340333223488,4.47697411039449
"3593",2022-03-25 00:16:00,2,373,300,50.5420614742324,5.42872177726948
"3594",2022-03-25 00:16:05,2,373,300,49.7304249052493,4.72814737865915
"3595",2022-03-25 00:16:10,2,373,300,50.6494034263175,5.22281557100153
"3596",2022-03-25 00:16:15,2,373,300,51.5852129322159,5.77085022047231
"3597",2022-03-25 00:16:20,2,373,300,51.6236602747455,5.06046907843699
"3598",2022-03-25 00:16:25,2,373,300,51.0877717449288,4.57511239879793
"3599",2022-03-25 00:16:30,2,373,300,50.573299471739,5.07230770257422
"3600",2022-03-25 00:16:35,2,373,300,51.1233756508444,4.79433315956321
"3601",2022-03-26 00:00:00,3,303,100,49.3370106691543,6.19282135876596
"3602",2022-03-26 00:00:05,3,303,100,49.6995999685098,6.12560041933237
"3603",2022-03-26 00:00:10,3,303,100,49.5651272134577,6.06463222633818
"3604",2022-03-26 00:00:15,3,303,100,49.0426806020795,5.89843553340986
"3605",2022-03-26 00:00:20,3,303,100,50.5730525190323,5.89202248611704
"3606",2022-03-26 00:00:25,3,303,100,48.7250412065193,5.79262448749966
"3607",2022-03-26 00:00:30,3,303,100,48.5360960081164,5.97202343920674
"3608",2022-03-26 00:00:35,3,303,100,49.416350587418,6.1867226322495
"3609",2022-03-26 00:00:40,3,303,100,49.3654146190198,5.90074923648071
"3610",2022-03-26 00:00:45,3,303,100,49.4940084411715,5.61433081060897
"3611",2022-03-26 00:00:50,3,303,100,48.6817482291063,6.18033415830658
"3612",2022-03-26 00:00:55,3,303,100,48.8915378318883,6.23922562549481
"3613",2022-03-26 00:01:00,3,303,100,49.8457720102885,5.79824470507451
"3614",2022-03-26 00:01:05,3,303,100,50.0060767245906,5.51785102382041
"3615",2022-03-26 00:01:10,3,303,100,48.9616011557888,5.977403194533
"3616",2022-03-26 00:01:15,3,303,100,49.3648676493004,6.06361862067061
"3617",2022-03-26 00:01:20,3,303,100,49.0804352203241,6.29240675506633
"3618",2022-03-26 00:01:25,3,303,100,49.4346090315639,5.79702926261115
"3619",2022-03-26 00:01:30,3,303,100,49.5890348973861,6.05228414515758
"3620",2022-03-26 00:01:35,3,303,100,49.1251520026215,6.1002599872382
"3621",2022-03-26 00:01:40,3,303,100,49.5059242674924,6.03249755073655
"3622",2022-03-26 00:01:45,3,303,100,48.7503437513872,5.65413111759849
"3623",2022-03-26 00:01:50,3,303,100,49.8864050220775,6.01604910139661
"3624",2022-03-26 00:01:55,3,303,100,50.1006618453002,6.02215249683915
"3625",2022-03-26 00:02:00,3,303,100,49.2809771032964,5.65193341981829
"3626",2022-03-26 00:02:05,3,303,100,48.2958662761827,6.06956813992206
"3627",2022-03-26 00:02:10,3,303,100,49.622837128388,5.98433419505224
"3628",2022-03-26 00:02:15,3,303,100,49.2344737753191,5.80971609514818
"3629",2022-03-26 00:02:20,3,303,100,48.5132844897424,5.97435215214102
"3630",2022-03-26 00:02:25,3,303,100,50.255286166627,6.12976111883949
"3631",2022-03-26 00:02:30,3,303,100,49.9937335546142,5.82242501403159
"3632",2022-03-26 00:02:35,3,303,100,49.3788270421018,5.85693721780028
"3633",2022-03-26 00:02:40,3,303,100,49.0943530290709,6.16253505041171
"3634",2022-03-26 00:02:45,3,303,100,48.8169091581238,5.59113138075773
"3635",2022-03-26 00:02:50,3,303,100,48.6991094403241,5.62937619518862
"3636",2022-03-26 00:02:55,3,303,100,49.4109357769897,5.72992348311766
"3637",2022-03-26 00:03:00,3,303,100,51.3411185213271,6.09230280479939
"3638",2022-03-26 00:03:05,3,303,100,49.8311260617753,5.84125733004731
"3639",2022-03-26 00:03:10,3,303,100,49.0671546191773,6.08741817973426
"3640",2022-03-26 00:03:15,3,303,100,49.620224157945,6.09128795462957
"3641",2022-03-26 00:03:20,3,303,100,49.2384645328817,6.16742535265384
"3642",2022-03-26 00:03:25,3,303,100,49.0734352213693,6.08804370704985
"3643",2022-03-26 00:03:30,3,303,100,49.7265649521019,5.85725054256933
"3644",2022-03-26 00:03:35,3,303,100,49.8530893759306,6.15049073430874
"3645",2022-03-26 00:03:40,3,303,100,48.7313929365255,5.93426572442041
"3646",2022-03-26 00:03:45,3,303,100,49.7486261645901,6.00596585539584
"3647",2022-03-26 00:03:50,3,303,100,49.591645713139,5.73160284314845
"3648",2022-03-26 00:03:55,3,303,100,51.1183934725246,5.74578510110418
"3649",2022-03-26 00:04:00,3,303,100,49.1575370653051,6.57463374562808
"3650",2022-03-26 00:04:05,3,303,100,49.788360841414,5.77763351787371
"3651",2022-03-26 00:04:10,3,303,100,48.4494795728802,5.93450720992059
"3652",2022-03-26 00:04:15,3,303,100,50.0731285130213,5.68452595360913
"3653",2022-03-26 00:04:20,3,303,100,50.1871821384862,5.82959177029312
"3654",2022-03-26 00:04:25,3,303,100,50.2667446890987,6.1402494072374
"3655",2022-03-26 00:04:30,3,303,100,48.8687766620639,5.87496515471358
"3656",2022-03-26 00:04:35,3,303,100,49.499534905111,5.60603836824243
"3657",2022-03-26 00:04:40,3,303,100,48.9182233169754,6.15373080314674
"3658",2022-03-26 00:04:45,3,303,100,48.3200157676977,5.90535520310134
"3659",2022-03-26 00:04:50,3,303,100,49.127537876377,5.98216876808292
"3660",2022-03-26 00:04:55,3,303,100,49.5035807127945,6.08113900656399
"3661",2022-03-26 00:05:00,3,303,100,49.9124365744188,6.04551473673804
"3662",2022-03-26 00:05:05,3,303,100,49.9891030726653,5.46866757918962
"3663",2022-03-26 00:05:10,3,303,100,48.2433290175159,5.35291637073148
"3664",2022-03-26 00:05:15,3,303,100,48.4796441670946,6.07285247795163
"3665",2022-03-26 00:05:20,3,303,100,49.2938108816696,5.91579840204167
"3666",2022-03-26 00:05:25,3,303,100,50.0504927788397,6.10207174174265
"3667",2022-03-26 00:05:30,3,303,100,48.1219284434006,6.18171514135978
"3668",2022-03-26 00:05:35,3,303,100,48.6202884837809,5.99808260836357
"3669",2022-03-26 00:05:40,3,303,100,48.8659050274837,5.78169707667134
"3670",2022-03-26 00:05:45,3,303,100,49.697876508978,5.63417883318818
"3671",2022-03-26 00:05:50,3,303,100,49.5715753740057,6.07234563297916
"3672",2022-03-26 00:05:55,3,303,100,49.4014375814212,5.62827959522893
"3673",2022-03-26 00:06:00,3,303,100,49.4617623110964,5.60390877298463
"3674",2022-03-26 00:06:05,3,303,100,49.7596722700932,6.07597090164383
"3675",2022-03-26 00:06:10,3,303,100,49.1929631119572,5.9104569653747
"3676",2022-03-26 00:06:15,3,303,100,48.6436842300205,6.06787589663125
"3677",2022-03-26 00:06:20,3,303,100,49.2869657739225,6.07481742718359
"3678",2022-03-26 00:06:25,3,303,100,49.6279040268376,6.20516611551923
"3679",2022-03-26 00:06:30,3,303,100,49.6840833639775,5.55618647516229
"3680",2022-03-26 00:06:35,3,303,100,48.9363185753906,5.61822598089348
"3681",2022-03-26 00:06:40,3,303,100,49.2569368433086,6.44554618194857
"3682",2022-03-26 00:06:45,3,303,100,49.178380349018,5.89739370158679
"3683",2022-03-26 00:06:50,3,303,100,49.6461713879881,6.0392386425352
"3684",2022-03-26 00:06:55,3,303,100,50.3717984680491,5.66649961310965
"3685",2022-03-26 00:07:00,3,303,100,48.7371875977004,5.99260647552818
"3686",2022-03-26 00:07:05,3,303,100,49.7249754914708,5.94410813985582
"3687",2022-03-26 00:07:10,3,303,100,49.6692761318386,5.39989112033814
"3688",2022-03-26 00:07:15,3,303,100,48.6281825276898,5.91523014436621
"3689",2022-03-26 00:07:20,3,303,100,49.4557116219391,5.98315729838047
"3690",2022-03-26 00:07:25,3,303,100,49.4062090725126,5.85640255091715
"3691",2022-03-26 00:07:30,3,303,100,48.5217662151068,6.13290020947736
"3692",2022-03-26 00:07:35,3,303,100,49.8406018566484,6.47828869742379
"3693",2022-03-26 00:07:40,3,303,100,49.9232023771861,6.33023510215171
"3694",2022-03-26 00:07:45,3,303,100,48.3367542549736,5.78588238093425
"3695",2022-03-26 00:07:50,3,303,100,49.0636718868294,6.05276491438647
"3696",2022-03-26 00:07:55,3,303,100,48.4258960550664,5.9335006054033
"3697",2022-03-26 00:08:00,3,303,100,49.8924120747794,6.18314941074683
"3698",2022-03-26 00:08:05,3,303,100,49.3841816650892,6.01925779488335
"3699",2022-03-26 00:08:10,3,303,100,49.5038410661363,5.84254662846307
"3700",2022-03-26 00:08:15,3,303,100,48.5326122560432,6.07648009005977
"3701",2022-03-26 00:08:20,3,303,100,49.8250286966996,5.9164974271193
"3702",2022-03-26 00:08:25,3,303,100,49.6649454558978,5.63239706962359
"3703",2022-03-26 00:08:30,3,303,100,48.3680868988089,5.94020065066521
"3704",2022-03-26 00:08:35,3,303,100,50.0864312248088,5.63278078906045
"3705",2022-03-26 00:08:40,3,303,100,49.4589651705363,5.8321576092301
"3706",2022-03-26 00:08:45,3,303,100,48.7236475111263,5.9764845956505
"3707",2022-03-26 00:08:50,3,303,100,48.7034683793364,5.82056500760343
"3708",2022-03-26 00:08:55,3,303,100,49.2298476981365,5.73631251176043
"3709",2022-03-26 00:09:00,3,303,100,49.1250394228157,6.0996363016383
"3710",2022-03-26 00:09:05,3,303,100,49.991308542293,6.21972728249716
"3711",2022-03-26 00:09:10,3,303,100,49.7244013958619,6.22524050632383
"3712",2022-03-26 00:09:15,3,303,100,47.939244714296,5.51016531165132
"3713",2022-03-26 00:09:20,3,303,100,50.1070542941884,5.96706636963669
"3714",2022-03-26 00:09:25,3,303,100,49.6854254797103,6.15321318161261
"3715",2022-03-26 00:09:30,3,303,100,49.8763669248519,5.86935793090747
"3716",2022-03-26 00:09:35,3,303,100,48.8347810253978,6.28189177992233
"3717",2022-03-26 00:09:40,3,303,100,49.6873004314929,6.0786910277899
"3718",2022-03-26 00:09:45,3,303,100,48.5370244887974,6.58163314458931
"3719",2022-03-26 00:09:50,3,303,100,49.1402086816435,6.20775976419132
"3720",2022-03-26 00:09:55,3,303,100,50.8270860213516,6.06838216372964
"3721",2022-03-26 00:10:00,3,303,100,49.3983677347122,5.96028784557794
"3722",2022-03-26 00:10:05,3,303,100,49.6778916425314,5.95103275688682
"3723",2022-03-26 00:10:10,3,303,100,49.6345033970264,6.05916574669969
"3724",2022-03-26 00:10:15,3,303,100,48.1980297117042,5.86736814192228
"3725",2022-03-26 00:10:20,3,303,100,49.5736331168657,5.87657122480836
"3726",2022-03-26 00:10:25,3,303,100,48.9401966380439,5.77666470928737
"3727",2022-03-26 00:10:30,3,303,100,49.722937392138,5.67869548431492
"3728",2022-03-26 00:10:35,3,303,100,49.4945971690733,5.91168726855807
"3729",2022-03-26 00:10:40,3,303,100,49.2086242666277,5.72102689056325
"3730",2022-03-26 00:10:45,3,303,100,49.6870913966485,5.39393720256722
"3731",2022-03-26 00:10:50,3,303,100,49.8742679422853,6.31215077143308
"3732",2022-03-26 00:10:55,3,303,100,49.9133948882851,5.91057928492207
"3733",2022-03-26 00:11:00,3,303,100,49.5940094731077,5.50945151194533
"3734",2022-03-26 00:11:05,3,303,100,50.190451103037,6.01726579233392
"3735",2022-03-26 00:11:10,3,303,100,49.9464161700346,5.78096013149404
"3736",2022-03-26 00:11:15,3,303,100,49.5762252792945,5.81561162306201
"3737",2022-03-26 00:11:20,3,303,100,49.8887967229013,6.32259887899526
"3738",2022-03-26 00:11:25,3,303,100,49.7590732865465,6.07457272021079
"3739",2022-03-26 00:11:30,3,303,100,49.7041174706547,5.97409466728259
"3740",2022-03-26 00:11:35,3,303,100,49.0338763538467,5.98891066374655
"3741",2022-03-26 00:11:40,3,303,100,49.5953087672639,5.86953358393497
"3742",2022-03-26 00:11:45,3,303,100,49.161108577776,5.7950061804482
"3743",2022-03-26 00:11:50,3,303,100,50.4006306976203,6.24741655012794
"3744",2022-03-26 00:11:55,3,303,100,49.3435433828368,5.90460428249192
"3745",2022-03-26 00:12:00,3,303,100,48.7049467814244,5.6600712776793
"3746",2022-03-26 00:12:05,3,303,100,48.5941196780718,6.25224726721803
"3747",2022-03-26 00:12:10,3,303,100,48.4420704505933,5.81121994229225
"3748",2022-03-26 00:12:15,3,303,100,49.329337062438,5.86272824597786
"3749",2022-03-26 00:12:20,3,303,100,49.0329101394814,5.7008429281103
"3750",2022-03-26 00:12:25,3,303,100,48.4457495043991,6.00346971665107
"3751",2022-03-26 00:12:30,3,303,100,49.4657667731022,5.79929682046533
"3752",2022-03-26 00:12:35,3,303,100,49.3397863889634,6.01182338979441
"3753",2022-03-26 00:12:40,3,303,100,49.5379514754325,5.98210192033634
"3754",2022-03-26 00:12:45,3,303,100,49.4568851316251,6.05757981139485
"3755",2022-03-26 00:12:50,3,303,100,49.1058545417326,5.7410555684143
"3756",2022-03-26 00:12:55,3,303,100,48.8396888330468,5.95840527530521
"3757",2022-03-26 00:13:00,3,303,100,48.4882639642534,5.8623290446664
"3758",2022-03-26 00:13:05,3,303,100,49.2759468556458,6.06598063123314
"3759",2022-03-26 00:13:10,3,303,100,49.3557924546273,5.38264244787734
"3760",2022-03-26 00:13:15,3,303,100,49.8898398877136,5.93917732062966
"3761",2022-03-26 00:13:20,3,303,100,49.57194123981,5.711235993916
"3762",2022-03-26 00:13:25,3,303,100,49.531274403003,6.27600613464365
"3763",2022-03-26 00:13:30,3,303,100,48.2830519975579,6.21687269522009
"3764",2022-03-26 00:13:35,3,303,100,48.6023045592244,6.06215460055442
"3765",2022-03-26 00:13:40,3,303,100,48.5367618929867,6.12578761457225
"3766",2022-03-26 00:13:45,3,303,100,48.6423829998545,5.6374235256483
"3767",2022-03-26 00:13:50,3,303,100,49.458944875764,5.83279687582254
"3768",2022-03-26 00:13:55,3,303,100,49.2283499019816,5.75364983687522
"3769",2022-03-26 00:14:00,3,303,100,49.2268712308287,5.9332244198184
"3770",2022-03-26 00:14:05,3,303,100,49.0658881837802,5.87630221380878
"3771",2022-03-26 00:14:10,3,303,100,49.904935363422,6.34318107282857
"3772",2022-03-26 00:14:15,3,303,100,48.8966364710748,6.10986571752299
"3773",2022-03-26 00:14:20,3,303,100,48.621546621956,6.00451064298383
"3774",2022-03-26 00:14:25,3,303,100,48.6417203991927,6.25202449922389
"3775",2022-03-26 00:14:30,3,303,100,49.3587665967524,6.0444661749234
"3776",2022-03-26 00:14:35,3,303,100,49.8784480645826,5.91609001668494
"3777",2022-03-26 00:14:40,3,303,100,48.1457631623116,6.48922085565698
"3778",2022-03-26 00:14:45,3,303,100,49.3308632265638,6.35556304613144
"3779",2022-03-26 00:14:50,3,303,100,49.3806534686931,5.7145107046331
"3780",2022-03-26 00:14:55,3,303,100,48.9089800785439,6.28382700602826
"3781",2022-03-26 00:15:00,3,303,100,49.2142001531298,5.94712831431883
"3782",2022-03-26 00:15:05,3,303,100,48.8502345995923,5.54892608105942
"3783",2022-03-26 00:15:10,3,303,100,49.4824264319303,6.21130739431415
"3784",2022-03-26 00:15:15,3,303,100,49.4600323808538,5.77347860445412
"3785",2022-03-26 00:15:20,3,303,100,50.0422002957992,5.60463737389974
"3786",2022-03-26 00:15:25,3,303,100,49.9145457791151,6.11883502027709
"3787",2022-03-26 00:15:30,3,303,100,49.3559958604432,5.56365907240854
"3788",2022-03-26 00:15:35,3,303,100,50.7675789895269,6.06996199232461
"3789",2022-03-26 00:15:40,3,303,100,49.7009917603879,6.18590065231832
"3790",2022-03-26 00:15:45,3,303,100,49.6060892626182,5.73545093524152
"3791",2022-03-26 00:15:50,3,303,100,50.0666913652027,5.9218569205175
"3792",2022-03-26 00:15:55,3,303,100,48.9171680539101,6.14173539228853
"3793",2022-03-26 00:16:00,3,303,100,48.1712395985878,5.44727792654041
"3794",2022-03-26 00:16:05,3,303,100,49.5331195768591,5.90949881849258
"3795",2022-03-26 00:16:10,3,303,100,50.1472765717565,6.04904033124334
"3796",2022-03-26 00:16:15,3,303,100,49.5022549038888,5.62625176915834
"3797",2022-03-26 00:16:20,3,303,100,50.195460987209,5.93246662593998
"3798",2022-03-26 00:16:25,3,303,100,49.1602778135379,5.81036522586783
"3799",2022-03-26 00:16:30,3,303,100,49.1236126389565,5.6736451482119
"3800",2022-03-26 00:16:35,3,303,100,49.6593423736308,5.93363640364969
"3801",2022-03-27 00:00:00,3,303,200,49.8169719695984,5.40029569267302
"3802",2022-03-27 00:00:05,3,303,200,49.3434190187343,5.18319705026001
"3803",2022-03-27 00:00:10,3,303,200,49.749165360611,5.0778085085848
"3804",2022-03-27 00:00:15,3,303,200,49.9464694219382,4.96756446824501
"3805",2022-03-27 00:00:20,3,303,200,49.0920772673797,5.28129810266991
"3806",2022-03-27 00:00:25,3,303,200,48.9444512207663,4.97575900753136
"3807",2022-03-27 00:00:30,3,303,200,49.5733213074654,4.92370693203209
"3808",2022-03-27 00:00:35,3,303,200,48.8931422192708,4.88482002377653
"3809",2022-03-27 00:00:40,3,303,200,49.2449492913929,5.18038458205611
"3810",2022-03-27 00:00:45,3,303,200,50.3135863748187,5.66924480060374
"3811",2022-03-27 00:00:50,3,303,200,49.0532790593841,5.06972076826879
"3812",2022-03-27 00:00:55,3,303,200,49.9955503980921,5.08606397613341
"3813",2022-03-27 00:01:00,3,303,200,49.8555854452521,5.33900768189964
"3814",2022-03-27 00:01:05,3,303,200,49.8613572522813,4.86045742252381
"3815",2022-03-27 00:01:10,3,303,200,49.8375229161202,5.2962207232842
"3816",2022-03-27 00:01:15,3,303,200,49.0172152519287,5.25918920881939
"3817",2022-03-27 00:01:20,3,303,200,49.3538160310955,5.03325121438451
"3818",2022-03-27 00:01:25,3,303,200,49.3986762225798,5.38643227523815
"3819",2022-03-27 00:01:30,3,303,200,48.8156636308332,5.02045120243611
"3820",2022-03-27 00:01:35,3,303,200,49.622369625399,5.17971063140572
"3821",2022-03-27 00:01:40,3,303,200,48.668081816833,5.51660659223697
"3822",2022-03-27 00:01:45,3,303,200,49.5835707423831,5.07343870983412
"3823",2022-03-27 00:01:50,3,303,200,49.5463322096148,5.09201185140435
"3824",2022-03-27 00:01:55,3,303,200,49.830615426231,5.00071344353059
"3825",2022-03-27 00:02:00,3,303,200,48.9131274944759,5.14243717415807
"3826",2022-03-27 00:02:05,3,303,200,48.6202097728722,5.09558130682277
"3827",2022-03-27 00:02:10,3,303,200,50.5854372619373,5.01763358587308
"3828",2022-03-27 00:02:15,3,303,200,48.9901066687788,5.08520933987179
"3829",2022-03-27 00:02:20,3,303,200,50.2929495258233,5.31779119946766
"3830",2022-03-27 00:02:25,3,303,200,48.9065730233629,5.31190534302105
"3831",2022-03-27 00:02:30,3,303,200,50.1115667976824,5.25175090391348
"3832",2022-03-27 00:02:35,3,303,200,50.3898688625741,5.21284114006892
"3833",2022-03-27 00:02:40,3,303,200,49.3335355771719,5.38034152763819
"3834",2022-03-27 00:02:45,3,303,200,48.663775336293,5.21314909300141
"3835",2022-03-27 00:02:50,3,303,200,49.8845517044611,5.04971924104576
"3836",2022-03-27 00:02:55,3,303,200,48.8312145086662,4.97945088749647
"3837",2022-03-27 00:03:00,3,303,200,49.7770433884062,5.40528557896707
"3838",2022-03-27 00:03:05,3,303,200,48.7474959671402,5.01006314896958
"3839",2022-03-27 00:03:10,3,303,200,48.6700787599226,5.11512828295994
"3840",2022-03-27 00:03:15,3,303,200,49.4686675130882,4.83846437240742
"3841",2022-03-27 00:03:20,3,303,200,49.4845949820591,5.02659453483585
"3842",2022-03-27 00:03:25,3,303,200,50.4822707186169,4.85190750233141
"3843",2022-03-27 00:03:30,3,303,200,49.6208407909317,5.37949526185273
"3844",2022-03-27 00:03:35,3,303,200,48.6791947623802,5.42505358523777
"3845",2022-03-27 00:03:40,3,303,200,49.0538820593527,5.02468931709483
"3846",2022-03-27 00:03:45,3,303,200,47.5839557496932,5.09782420054889
"3847",2022-03-27 00:03:50,3,303,200,50.2962034306378,5.33725253634758
"3848",2022-03-27 00:03:55,3,303,200,48.9943430168961,5.15435642819008
"3849",2022-03-27 00:04:00,3,303,200,49.0306039832907,4.71706915886766
"3850",2022-03-27 00:04:05,3,303,200,48.9317932358004,4.986606094783
"3851",2022-03-27 00:04:10,3,303,200,49.0943903335897,5.50042551759435
"3852",2022-03-27 00:04:15,3,303,200,49.6241426353429,5.32280622546943
"3853",2022-03-27 00:04:20,3,303,200,49.0324895413718,4.69347578971208
"3854",2022-03-27 00:04:25,3,303,200,49.8333795910859,5.25515545859997
"3855",2022-03-27 00:04:30,3,303,200,48.9661241215425,5.17118207914479
"3856",2022-03-27 00:04:35,3,303,200,49.141370933676,4.98471152299529
"3857",2022-03-27 00:04:40,3,303,200,50.0523357261143,5.00737094519741
"3858",2022-03-27 00:04:45,3,303,200,48.5489727969269,5.20539869415177
"3859",2022-03-27 00:04:50,3,303,200,49.6083889867788,5.11062596773859
"3860",2022-03-27 00:04:55,3,303,200,49.3129558354522,5.48819097862632
"3861",2022-03-27 00:05:00,3,303,200,48.6354765703544,5.26166960575224
"3862",2022-03-27 00:05:05,3,303,200,49.9339542919345,5.13056103697936
"3863",2022-03-27 00:05:10,3,303,200,48.097415768549,5.44424175979064
"3864",2022-03-27 00:05:15,3,303,200,50.2378823727454,5.10928344884746
"3865",2022-03-27 00:05:20,3,303,200,48.7077249867673,5.05839120310324
"3866",2022-03-27 00:05:25,3,303,200,49.2595460099531,5.17398614064993
"3867",2022-03-27 00:05:30,3,303,200,49.5854147391761,5.38957734140625
"3868",2022-03-27 00:05:35,3,303,200,49.5945064943947,5.13987323234507
"3869",2022-03-27 00:05:40,3,303,200,49.2841404754184,5.21164839003833
"3870",2022-03-27 00:05:45,3,303,200,48.4882675688211,5.17409872638777
"3871",2022-03-27 00:05:50,3,303,200,49.8487333829332,5.25253593539559
"3872",2022-03-27 00:05:55,3,303,200,49.6364896924948,5.15711829365087
"3873",2022-03-27 00:06:00,3,303,200,48.804103830082,4.98635490760748
"3874",2022-03-27 00:06:05,3,303,200,49.4800985744563,5.5775342021102
"3875",2022-03-27 00:06:10,3,303,200,49.286059493113,5.19491783497598
"3876",2022-03-27 00:06:15,3,303,200,49.2050040095814,5.32753467980022
"3877",2022-03-27 00:06:20,3,303,200,48.6556854470974,5.47971906883506
"3878",2022-03-27 00:06:25,3,303,200,50.7369684238378,5.25746393116354
"3879",2022-03-27 00:06:30,3,303,200,48.6796163779838,5.2002759249277
"3880",2022-03-27 00:06:35,3,303,200,49.383612052227,5.19761023683141
"3881",2022-03-27 00:06:40,3,303,200,49.3987633807446,4.91535774727406
"3882",2022-03-27 00:06:45,3,303,200,48.9552690386837,5.33777870669933
"3883",2022-03-27 00:06:50,3,303,200,49.5583159675513,5.22790295041903
"3884",2022-03-27 00:06:55,3,303,200,49.3915572549968,5.18868858542656
"3885",2022-03-27 00:07:00,3,303,200,49.4043360703881,5.26607221854319
"3886",2022-03-27 00:07:05,3,303,200,49.8255346048045,5.29112192435846
"3887",2022-03-27 00:07:10,3,303,200,49.5080827845427,5.09616187869422
"3888",2022-03-27 00:07:15,3,303,200,49.1046760536311,5.37565695080648
"3889",2022-03-27 00:07:20,3,303,200,49.1487508735658,5.29601054982605
"3890",2022-03-27 00:07:25,3,303,200,48.8166629856338,4.87981429656556
"3891",2022-03-27 00:07:30,3,303,200,49.278416420848,5.23689490900787
"3892",2022-03-27 00:07:35,3,303,200,50.0622400758662,5.379602119091
"3893",2022-03-27 00:07:40,3,303,200,49.3604897812264,5.04539794690329
"3894",2022-03-27 00:07:45,3,303,200,48.9886533622845,4.95739742169733
"3895",2022-03-27 00:07:50,3,303,200,49.1211184689895,4.89509540286492
"3896",2022-03-27 00:07:55,3,303,200,50.5267396216127,5.48910520363362
"3897",2022-03-27 00:08:00,3,303,200,50.043473931842,5.22611679748518
"3898",2022-03-27 00:08:05,3,303,200,49.4876854604746,4.68009153781512
"3899",2022-03-27 00:08:10,3,303,200,49.5722906621503,5.08200264492844
"3900",2022-03-27 00:08:15,3,303,200,49.1042378076562,4.93108918868734
"3901",2022-03-27 00:08:20,3,303,200,49.8423122254314,5.3511996316044
"3902",2022-03-27 00:08:25,3,303,200,49.4348288446062,4.66604167711751
"3903",2022-03-27 00:08:30,3,303,200,50.0081698325606,5.30882011219554
"3904",2022-03-27 00:08:35,3,303,200,48.2235542142057,5.85099110302849
"3905",2022-03-27 00:08:40,3,303,200,49.2722989380401,4.60673132179316
"3906",2022-03-27 00:08:45,3,303,200,48.9252879922009,5.27991284264815
"3907",2022-03-27 00:08:50,3,303,200,49.6731131580818,5.13380441383469
"3908",2022-03-27 00:08:55,3,303,200,49.2468434820539,5.26057347827303
"3909",2022-03-27 00:09:00,3,303,200,50.0959855864085,5.01874386652707
"3910",2022-03-27 00:09:05,3,303,200,50.2178744396792,4.73346012962176
"3911",2022-03-27 00:09:10,3,303,200,49.667584415937,5.29633521735357
"3912",2022-03-27 00:09:15,3,303,200,49.9122071164134,5.06497289500045
"3913",2022-03-27 00:09:20,3,303,200,49.6981305121627,5.40275548558512
"3914",2022-03-27 00:09:25,3,303,200,48.5796710521665,5.30469700956152
"3915",2022-03-27 00:09:30,3,303,200,49.5626173858501,4.8655859114976
"3916",2022-03-27 00:09:35,3,303,200,49.0331590795707,5.34376738952648
"3917",2022-03-27 00:09:40,3,303,200,50.5216351367172,5.05423167725678
"3918",2022-03-27 00:09:45,3,303,200,49.8987162356783,5.36233061223207
"3919",2022-03-27 00:09:50,3,303,200,49.3301773452759,5.30393563891602
"3920",2022-03-27 00:09:55,3,303,200,48.8159356662382,5.2311888221596
"3921",2022-03-27 00:10:00,3,303,200,49.1470146344506,5.08950687083256
"3922",2022-03-27 00:10:05,3,303,200,48.2725193683796,5.16884489557009
"3923",2022-03-27 00:10:10,3,303,200,49.3227608310946,5.39360438039974
"3924",2022-03-27 00:10:15,3,303,200,48.8465557554502,5.33376431617075
"3925",2022-03-27 00:10:20,3,303,200,49.6669119201575,5.0336406755299
"3926",2022-03-27 00:10:25,3,303,200,49.081273105323,5.02083084726943
"3927",2022-03-27 00:10:30,3,303,200,49.2003427962689,5.05633187253406
"3928",2022-03-27 00:10:35,3,303,200,49.4408543859719,5.37791193884921
"3929",2022-03-27 00:10:40,3,303,200,50.2019405133423,5.14826373909648
"3930",2022-03-27 00:10:45,3,303,200,49.0281555643976,5.15729394906285
"3931",2022-03-27 00:10:50,3,303,200,49.0903481515423,5.1966212042318
"3932",2022-03-27 00:10:55,3,303,200,47.9758646100522,5.33704042106575
"3933",2022-03-27 00:11:00,3,303,200,48.2138427624474,4.81129962929585
"3934",2022-03-27 00:11:05,3,303,200,48.6845739054558,5.23864094059912
"3935",2022-03-27 00:11:10,3,303,200,47.783859191637,5.08399253929225
"3936",2022-03-27 00:11:15,3,303,200,49.67522452117,5.48988444283296
"3937",2022-03-27 00:11:20,3,303,200,49.6516918462024,5.1584495568844
"3938",2022-03-27 00:11:25,3,303,200,49.7492041287684,5.11403259288022
"3939",2022-03-27 00:11:30,3,303,200,48.1102475855225,5.23320002144764
"3940",2022-03-27 00:11:35,3,303,200,49.2153044536257,4.99319128317633
"3941",2022-03-27 00:11:40,3,303,200,49.7529110722995,4.8688546959478
"3942",2022-03-27 00:11:45,3,303,200,48.5407680280134,4.84196886254747
"3943",2022-03-27 00:11:50,3,303,200,48.9820745592824,4.86241533956612
"3944",2022-03-27 00:11:55,3,303,200,48.7652902158296,5.12257894067934
"3945",2022-03-27 00:12:00,3,303,200,48.861563509131,5.41712550941117
"3946",2022-03-27 00:12:05,3,303,200,48.8670617227463,5.02932408837506
"3947",2022-03-27 00:12:10,3,303,200,49.7543850297743,5.04339588386836
"3948",2022-03-27 00:12:15,3,303,200,50.5644756005592,4.75187662689049
"3949",2022-03-27 00:12:20,3,303,200,49.2947241493207,5.1876169693312
"3950",2022-03-27 00:12:25,3,303,200,49.498684555533,5.38263393915755
"3951",2022-03-27 00:12:30,3,303,200,48.8009095698877,5.34174236167305
"3952",2022-03-27 00:12:35,3,303,200,48.1541136336526,4.83995215298161
"3953",2022-03-27 00:12:40,3,303,200,49.3654178419585,5.2205792570263
"3954",2022-03-27 00:12:45,3,303,200,49.8944046758223,5.50182986280452
"3955",2022-03-27 00:12:50,3,303,200,49.5033818480868,5.32854391626919
"3956",2022-03-27 00:12:55,3,303,200,48.9494140910964,5.1603740350754
"3957",2022-03-27 00:13:00,3,303,200,50.0651344703424,4.85033300921536
"3958",2022-03-27 00:13:05,3,303,200,48.9047746821087,4.71755793107458
"3959",2022-03-27 00:13:10,3,303,200,49.20255567093,4.84601114393334
"3960",2022-03-27 00:13:15,3,303,200,48.7573160514173,5.17543668559431
"3961",2022-03-27 00:13:20,3,303,200,49.328124662766,5.40905722345788
"3962",2022-03-27 00:13:25,3,303,200,49.9934989154632,4.95472769001212
"3963",2022-03-27 00:13:30,3,303,200,49.4185489577267,5.32094788892998
"3964",2022-03-27 00:13:35,3,303,200,49.2772820200338,5.13029258781301
"3965",2022-03-27 00:13:40,3,303,200,49.2346649899106,5.12041074596282
"3966",2022-03-27 00:13:45,3,303,200,49.7194631159765,5.20300399242344
"3967",2022-03-27 00:13:50,3,303,200,49.8264118063395,5.46948041019157
"3968",2022-03-27 00:13:55,3,303,200,49.2177899991439,5.05670992938742
"3969",2022-03-27 00:14:00,3,303,200,49.8916097989206,5.31069792594621
"3970",2022-03-27 00:14:05,3,303,200,49.4640708444708,5.1098133629215
"3971",2022-03-27 00:14:10,3,303,200,49.7703706175128,5.17552403198981
"3972",2022-03-27 00:14:15,3,303,200,49.5989385578681,4.79952207604821
"3973",2022-03-27 00:14:20,3,303,200,48.3648863723033,5.01009255333186
"3974",2022-03-27 00:14:25,3,303,200,50.5311102079024,5.52061028962235
"3975",2022-03-27 00:14:30,3,303,200,48.4952251868814,5.59410899200967
"3976",2022-03-27 00:14:35,3,303,200,48.8348938261296,5.45106098718034
"3977",2022-03-27 00:14:40,3,303,200,48.5601952681988,4.94825691782897
"3978",2022-03-27 00:14:45,3,303,200,49.4869098915457,5.39854407471921
"3979",2022-03-27 00:14:50,3,303,200,49.1583635292992,5.31883864876848
"3980",2022-03-27 00:14:55,3,303,200,49.5310821518443,5.3810280243706
"3981",2022-03-27 00:15:00,3,303,200,49.3339742205419,5.02311018588106
"3982",2022-03-27 00:15:05,3,303,200,48.9976634292423,5.4344557118456
"3983",2022-03-27 00:15:10,3,303,200,49.7088044438807,5.16099196330875
"3984",2022-03-27 00:15:15,3,303,200,48.705567586302,4.96032947020144
"3985",2022-03-27 00:15:20,3,303,200,48.8391122065547,5.38495222723977
"3986",2022-03-27 00:15:25,3,303,200,48.8355273109404,5.23543419576572
"3987",2022-03-27 00:15:30,3,303,200,49.5903362848219,5.59456904800334
"3988",2022-03-27 00:15:35,3,303,200,50.0454291891928,4.97490025022526
"3989",2022-03-27 00:15:40,3,303,200,50.4904624106439,5.41691246589231
"3990",2022-03-27 00:15:45,3,303,200,49.4978388093984,4.9088253251529
"3991",2022-03-27 00:15:50,3,303,200,48.8131530770833,4.92686883287258
"3992",2022-03-27 00:15:55,3,303,200,49.5586255087671,5.38665857337895
"3993",2022-03-27 00:16:00,3,303,200,48.5249575199143,5.26379038574469
"3994",2022-03-27 00:16:05,3,303,200,49.7522299482889,5.63750754516404
"3995",2022-03-27 00:16:10,3,303,200,48.5759053572726,5.35153583774468
"3996",2022-03-27 00:16:15,3,303,200,48.3990484587295,5.50054235251454
"3997",2022-03-27 00:16:20,3,303,200,48.7528904048853,5.07127496877143
"3998",2022-03-27 00:16:25,3,303,200,49.9279509908557,5.10159058188631
"3999",2022-03-27 00:16:30,3,303,200,48.959537651007,5.35066259335638
"4000",2022-03-27 00:16:35,3,303,200,49.2351986746508,5.10480865123023
"4001",2022-03-28 00:00:00,3,303,300,47.9092133401586,4.73658172135036
"4002",2022-03-28 00:00:05,3,303,300,49.080119407505,4.59268662848139
"4003",2022-03-28 00:00:10,3,303,300,49.957578929433,4.78600470044775
"4004",2022-03-28 00:00:15,3,303,300,49.9797868819111,4.42937756945003
"4005",2022-03-28 00:00:20,3,303,300,50.1832688073363,4.58577339257045
"4006",2022-03-28 00:00:25,3,303,300,49.5052768380799,4.04498451030243
"4007",2022-03-28 00:00:30,3,303,300,48.6514051095169,4.77558045696298
"4008",2022-03-28 00:00:35,3,303,300,48.8607278635938,4.50511254219354
"4009",2022-03-28 00:00:40,3,303,300,48.8790597625584,4.4890102813174
"4010",2022-03-28 00:00:45,3,303,300,49.6919872705674,4.3866231176999
"4011",2022-03-28 00:00:50,3,303,300,49.7108155095358,4.29915903600912
"4012",2022-03-28 00:00:55,3,303,300,49.5186928286925,4.42037229577672
"4013",2022-03-28 00:01:00,3,303,300,50.3527267049324,4.43591746574293
"4014",2022-03-28 00:01:05,3,303,300,48.6305806311003,4.2793195542054
"4015",2022-03-28 00:01:10,3,303,300,49.0718088648697,4.39152918297594
"4016",2022-03-28 00:01:15,3,303,300,50.4963182467166,4.31296276950439
"4017",2022-03-28 00:01:20,3,303,300,49.003640703963,4.52799392858934
"4018",2022-03-28 00:01:25,3,303,300,49.3440591012848,4.66170208989581
"4019",2022-03-28 00:01:30,3,303,300,48.9025712918155,4.68471125713475
"4020",2022-03-28 00:01:35,3,303,300,49.768914448699,4.17941251346152
"4021",2022-03-28 00:01:40,3,303,300,49.5771226783348,3.97958847610143
"4022",2022-03-28 00:01:45,3,303,300,48.394374993219,3.94145520431482
"4023",2022-03-28 00:01:50,3,303,300,49.6005844589353,4.40850580888094
"4024",2022-03-28 00:01:55,3,303,300,50.0444074288166,4.41317662783845
"4025",2022-03-28 00:02:00,3,303,300,48.5949966544886,4.10251087174133
"4026",2022-03-28 00:02:05,3,303,300,49.5280499362504,4.57537403936095
"4027",2022-03-28 00:02:10,3,303,300,49.5646972044084,4.66331007032267
"4028",2022-03-28 00:02:15,3,303,300,49.165800834942,4.45261169524903
"4029",2022-03-28 00:02:20,3,303,300,50.4853821817861,4.81928824299871
"4030",2022-03-28 00:02:25,3,303,300,50.1465948468193,4.76484269749073
"4031",2022-03-28 00:02:30,3,303,300,48.7931553985235,5.0734770599375
"4032",2022-03-28 00:02:35,3,303,300,48.9499014110379,4.64579744843045
"4033",2022-03-28 00:02:40,3,303,300,47.9390434292409,4.34821802631434
"4034",2022-03-28 00:02:45,3,303,300,50.7198025439643,4.08749257191057
"4035",2022-03-28 00:03:06,3,303,300,49.8863550985064,10.3269520759126
"4036",2022-03-28 00:02:55,3,303,300,49.7762434747565,4.86936762723095
"4037",2022-03-28 00:03:00,3,303,300,48.6349892362916,4.50286923110265
"4038",2022-03-28 00:03:05,3,303,300,49.9844801542329,4.43284814467428
"4039",2022-03-28 00:03:10,3,303,300,49.8705239749742,4.30649254756618
"4040",2022-03-28 00:03:15,3,303,300,49.9887067804026,4.55783612542644
"4041",2022-03-28 00:03:20,3,303,300,49.5535829239722,4.14072502839556
"4042",2022-03-28 00:03:25,3,303,300,48.3502787267963,4.73982662013877
"4043",2022-03-28 00:03:30,3,303,300,49.4724559340078,4.37943545824176
"4044",2022-03-28 00:03:35,3,303,300,49.4485036085267,4.30316178247771
"4045",2022-03-28 00:03:40,3,303,300,49.5280371332123,4.8311060511648
"4046",2022-03-28 00:03:45,3,303,300,49.4192129577563,4.38398235179351
"4047",2022-03-28 00:03:50,3,303,300,49.7030166850684,4.15791533441496
"4048",2022-03-28 00:03:55,3,303,300,48.3287275538194,4.38194563357205
"4049",2022-03-28 00:04:00,3,303,300,49.6751940949184,4.20168298089066
"4050",2022-03-28 00:04:05,3,303,300,50.067024369894,4.69333505203729
"4051",2022-03-28 00:04:10,3,303,300,49.1643449758435,4.26693194472645
"4052",2022-03-28 00:04:15,3,303,300,48.8642656174587,4.45795359893582
"4053",2022-03-28 00:04:20,3,303,300,50.1826641448483,4.42103525384829
"4054",2022-03-28 00:04:25,3,303,300,49.2109913309753,4.07651309677466
"4055",2022-03-28 00:04:30,3,303,300,48.9138349857078,4.46026909956487
"4056",2022-03-28 00:04:35,3,303,300,48.7201442275338,4.55569780259104
"4057",2022-03-28 00:04:40,3,303,300,48.0981446136924,4.65744188775509
"4058",2022-03-28 00:04:45,3,303,300,49.0333446990108,4.37255685835729
"4059",2022-03-28 00:04:50,3,303,300,49.5495658841545,4.36713492040986
"4060",2022-03-28 00:04:55,3,303,300,49.7093698851208,4.4541692655926
"4061",2022-03-28 00:05:00,3,303,300,48.9055500718015,4.24714748080543
"4062",2022-03-28 00:05:05,3,303,300,49.188455787687,4.49402099159783
"4063",2022-03-28 00:05:10,3,303,300,49.8961801466512,4.2763673753903
"4064",2022-03-28 00:05:15,3,303,300,49.9495866287954,4.28382738809383
"4065",2022-03-28 00:05:20,3,303,300,49.8884026225583,4.18958277486209
"4066",2022-03-28 00:05:25,3,303,300,49.4793366949816,4.44666454190746
"4067",2022-03-28 00:05:30,3,303,300,50.0409783073493,4.15591256904864
"4068",2022-03-28 00:05:35,3,303,300,49.4929464235041,4.35222734221846
"4069",2022-03-28 00:05:40,3,303,300,49.4270694805678,4.76890570191848
"4070",2022-03-28 00:05:45,3,303,300,49.8896179073375,4.26804989506863
"4071",2022-03-28 00:05:50,3,303,300,49.3432826095276,4.33951766469645
"4072",2022-03-28 00:05:55,3,303,300,48.8006263719748,4.56323070627594
"4073",2022-03-28 00:06:00,3,303,300,49.6751724992399,4.16054962523312
"4074",2022-03-28 00:06:05,3,303,300,49.2235418617922,4.47771071429549
"4075",2022-03-28 00:06:10,3,303,300,50.5358141866916,4.37534243404558
"4076",2022-03-28 00:06:15,3,303,300,49.1206050190388,4.56907971196879
"4077",2022-03-28 00:06:20,3,303,300,50.1906487519513,4.23713160137183
"4078",2022-03-28 00:06:25,3,303,300,49.6722587428276,4.38855088667996
"4079",2022-03-28 00:06:30,3,303,300,49.3736142142512,4.08839711620317
"4080",2022-03-28 00:06:35,3,303,300,48.5703176739788,4.37805889224123
"4081",2022-03-28 00:06:40,3,303,300,48.8677975606623,4.39806749733587
"4082",2022-03-28 00:06:45,3,303,300,49.1151035580259,4.27770122269721
"4083",2022-03-28 00:06:50,3,303,300,50.1625835016829,3.95724051422209
"4084",2022-03-28 00:06:55,3,303,300,48.975787137396,4.63156857332863
"4085",2022-03-28 00:07:00,3,303,300,49.3075841718348,4.40875493156817
"4086",2022-03-28 00:07:05,3,303,300,48.827891452202,4.57853036911621
"4087",2022-03-28 00:07:10,3,303,300,48.8326024739897,4.36890492703196
"4088",2022-03-28 00:07:15,3,303,300,48.5266879779432,3.97731729102908
"4089",2022-03-28 00:07:20,3,303,300,49.7529162253119,4.28534711461175
"4090",2022-03-28 00:07:25,3,303,300,49.0555731067854,4.49684461313608
"4091",2022-03-28 00:07:30,3,303,300,49.7617524629778,3.87479361488204
"4092",2022-03-28 00:07:35,3,303,300,50.9259200058736,4.69485025850567
"4093",2022-03-28 00:07:40,3,303,300,49.3116373739457,3.73098243692929
"4094",2022-03-28 00:07:45,3,303,300,49.4803765849826,4.72238865703204
"4095",2022-03-28 00:07:50,3,303,300,48.9859097750315,4.74159986343302
"4096",2022-03-28 00:07:55,3,303,300,49.0446080340633,3.9882003492512
"4097",2022-03-28 00:08:00,3,303,300,48.2046285854943,4.26704985173565
"4098",2022-03-28 00:08:05,3,303,300,49.2681925716461,4.95324310838513
"4099",2022-03-28 00:08:10,3,303,300,48.7025612262573,4.34693524774314
"4100",2022-03-28 00:08:15,3,303,300,48.9792121139121,4.07796395187224
"4101",2022-03-28 00:08:20,3,303,300,48.7757485646196,4.02064114873803
"4102",2022-03-28 00:08:25,3,303,300,50.1664445444001,4.66137868430564
"4103",2022-03-28 00:08:30,3,303,300,48.6054139912529,4.46571646914664
"4104",2022-03-28 00:08:35,3,303,300,50.9713777838167,4.44221310488222
"4105",2022-03-28 00:08:40,3,303,300,49.1196250128118,4.42874192614212
"4106",2022-03-28 00:08:45,3,303,300,48.919019576574,4.39021587288849
"4107",2022-03-28 00:08:50,3,303,300,49.4143389950842,4.20417053492937
"4108",2022-03-28 00:08:55,3,303,300,49.8792534242019,4.41504525861859
"4109",2022-03-28 00:09:00,3,303,300,50.0829357307123,4.615321487022
"4110",2022-03-28 00:09:05,3,303,300,48.1294989058637,4.55914065338452
"4111",2022-03-28 00:09:10,3,303,300,48.7670235095717,4.62366320264682
"4112",2022-03-28 00:09:15,3,303,300,50.1383194771751,4.40406364776046
"4113",2022-03-28 00:09:20,3,303,300,49.5103305813585,4.4546396795922
"4114",2022-03-28 00:09:25,3,303,300,49.4198947610452,4.33984033796464
"4115",2022-03-28 00:09:30,3,303,300,50.0013423220027,4.44249124926751
"4116",2022-03-28 00:09:35,3,303,300,48.1848003091175,4.7316406130673
"4117",2022-03-28 00:09:40,3,303,300,47.5856619263041,4.64974376354769
"4118",2022-03-28 00:09:45,3,303,300,49.2307207666396,4.4441429789989
"4119",2022-03-28 00:09:50,3,303,300,49.8364130995444,4.46103755187891
"4120",2022-03-28 00:09:55,3,303,300,49.4234005901439,4.0607694194953
"4121",2022-03-28 00:10:00,3,303,300,49.4732266368619,4.54018973664893
"4122",2022-03-28 00:10:05,3,303,300,50.7700352816559,4.48320424793199
"4123",2022-03-28 00:10:10,3,303,300,49.3971957611487,4.59331427961849
"4124",2022-03-28 00:10:15,3,303,300,49.9818589588381,4.42365718022451
"4125",2022-03-28 00:10:20,3,303,300,50.5360130774501,4.43041963494342
"4126",2022-03-28 00:10:25,3,303,300,48.2828730746738,4.49495364785583
"4127",2022-03-28 00:10:30,3,303,300,48.36987104057,4.49060310039364
"4128",2022-03-28 00:10:35,3,303,300,49.5111593101733,3.93886333551427
"4129",2022-03-28 00:10:40,3,303,300,48.274628512956,4.44882086212573
"4130",2022-03-28 00:10:45,3,303,300,48.7575865380214,4.67189915720203
"4131",2022-03-28 00:10:50,3,303,300,48.9106158742143,4.6701549255727
"4132",2022-03-28 00:10:55,3,303,300,48.9803597188073,4.14657940951581
"4133",2022-03-28 00:11:00,3,303,300,48.9633568194043,4.359588343608
"4134",2022-03-28 00:11:05,3,303,300,49.2526810072983,3.85711434176261
"4135",2022-03-28 00:11:10,3,303,300,48.2848997121299,4.04012103842182
"4136",2022-03-28 00:11:15,3,303,300,49.443331543908,4.34075849529234
"4137",2022-03-28 00:11:20,3,303,300,49.0703639303989,4.71061372847969
"4138",2022-03-28 00:11:25,3,303,300,49.7203976357053,4.23939421594978
"4139",2022-03-28 00:11:30,3,303,300,48.8141388690905,4.41229229019533
"4140",2022-03-28 00:11:35,3,303,300,49.7852646154983,4.21328433148074
"4141",2022-03-28 00:11:40,3,303,300,49.2275786115734,4.14617179984987
"4142",2022-03-28 00:11:45,3,303,300,49.6540631173938,4.08992351047606
"4143",2022-03-28 00:11:50,3,303,300,48.988939596815,4.44511711194339
"4144",2022-03-28 00:11:55,3,303,300,50.2810728275183,4.25877676172042
"4145",2022-03-28 00:12:00,3,303,300,48.6396207549802,4.57662619884124
"4146",2022-03-28 00:12:05,3,303,300,48.6687602248377,4.38489256892067
"4147",2022-03-28 00:12:10,3,303,300,50.3551158228253,4.14388390416309
"4148",2022-03-28 00:12:15,3,303,300,50.2280626369827,4.2618274417184
"4149",2022-03-28 00:12:20,3,303,300,48.46847140181,4.23558867506504
"4150",2022-03-28 00:12:25,3,303,300,49.1864813340182,4.53688572175614
"4151",2022-03-28 00:12:30,3,303,300,49.3292006231273,4.47951377980952
"4152",2022-03-28 00:12:35,3,303,300,49.2920184789573,4.11303012412381
"4153",2022-03-28 00:12:40,3,303,300,49.2894824391062,4.36846233382053
"4154",2022-03-28 00:12:45,3,303,300,47.679355503575,4.34720069671882
"4155",2022-03-28 00:12:50,3,303,300,48.8545837429045,4.35479123957529
"4156",2022-03-28 00:12:55,3,303,300,49.4093106134387,4.69595653356271
"4157",2022-03-28 00:13:00,3,303,300,49.0836531812353,4.21390450644577
"4158",2022-03-28 00:13:05,3,303,300,49.569038090243,4.63868544662336
"4159",2022-03-28 00:13:10,3,303,300,49.1195910750741,4.36538573791759
"4160",2022-03-28 00:13:15,3,303,300,49.0472421151375,4.88651000574338
"4161",2022-03-28 00:13:20,3,303,300,48.7182403441207,4.45129575653089
"4162",2022-03-28 00:13:25,3,303,300,48.9752226156262,4.3446862216212
"4163",2022-03-28 00:13:30,3,303,300,49.3785344474974,4.34974845003026
"4164",2022-03-28 00:13:35,3,303,300,48.1985930193505,4.34581701361841
"4165",2022-03-28 00:13:40,3,303,300,48.3486634342231,4.56541784393534
"4166",2022-03-28 00:13:45,3,303,300,49.2239895495719,4.51163205592456
"4167",2022-03-28 00:13:50,3,303,300,49.7867570624223,4.21272571922605
"4168",2022-03-28 00:13:55,3,303,300,49.9790038644304,4.54500813385407
"4169",2022-03-28 00:14:00,3,303,300,49.2443972839682,4.41361738182979
"4170",2022-03-28 00:14:05,3,303,300,49.3726351187924,4.0587783256051
"4171",2022-03-28 00:14:10,3,303,300,49.70457825508,4.30895229460927
"4172",2022-03-28 00:14:15,3,303,300,49.7965717143487,4.06695977207729
"4173",2022-03-28 00:14:20,3,303,300,48.5850318440344,4.130798321193
"4174",2022-03-28 00:14:25,3,303,300,47.6070602928969,4.24201204260346
"4175",2022-03-28 00:14:30,3,303,300,50.2549835833105,4.26297613198638
"4176",2022-03-28 00:14:35,3,303,300,48.6648601723022,4.69745050441579
"4177",2022-03-28 00:14:40,3,303,300,49.9179922158412,4.0855538797753
"4178",2022-03-28 00:14:45,3,303,300,48.7816558160306,4.26349270095972
"4179",2022-03-28 00:14:50,3,303,300,49.1039298514309,4.49962145098082
"4180",2022-03-28 00:14:55,3,303,300,48.6400381828896,4.07310396812687
"4181",2022-03-28 00:15:00,3,303,300,49.6254060149779,4.2580005735968
"4182",2022-03-28 00:15:05,3,303,300,48.6505400250937,4.61038919207039
"4183",2022-03-28 00:15:10,3,303,300,48.8740727515759,4.43879961968054
"4184",2022-03-28 00:15:15,3,303,300,48.3106069564029,4.50807555053344
"4185",2022-03-28 00:15:20,3,303,300,49.4373875880148,4.67718556170574
"4186",2022-03-28 00:15:25,3,303,300,49.174462269816,4.14892384165959
"4187",2022-03-28 00:15:30,3,303,300,49.6717628163725,4.39143871458603
"4188",2022-03-28 00:15:35,3,303,300,49.5193202917719,3.9193532344283
"4189",2022-03-28 00:15:40,3,303,300,48.7473800205584,4.1973623079726
"4190",2022-03-28 00:15:45,3,303,300,48.7192367739513,4.58851663276129
"4191",2022-03-28 00:15:50,3,303,300,49.5765168278355,4.69570528407253
"4192",2022-03-28 00:15:55,3,303,300,48.7811842963929,4.13631824561805
"4193",2022-03-28 00:16:00,3,303,300,49.8957179291388,4.46665025688935
"4194",2022-03-28 00:16:05,3,303,300,49.7670723456236,4.3499242314327
"4195",2022-03-28 00:16:10,3,303,300,49.6403529714012,4.24778065580667
"4196",2022-03-28 00:16:15,3,303,300,49.9935630262236,3.9541617932697
"4197",2022-03-28 00:16:20,3,303,300,48.8992475186381,4.34054138294698
"4198",2022-03-28 00:16:25,3,303,300,48.7593134485132,4.53698153331081
"4199",2022-03-28 00:16:30,3,303,300,49.0798263798466,4.37423331692589
"4200",2022-03-28 00:16:35,3,303,300,48.2612258116689,4.61282588443877
"4201",2022-03-29 00:00:00,3,338,100,48.8626649745625,5.44511288596784
"4202",2022-03-29 00:00:05,3,338,100,48.9884304963033,5.92932211478009
"4203",2022-03-29 00:00:10,3,338,100,49.0470683025461,5.77908579935
"4204",2022-03-29 00:00:15,3,338,100,49.2385482041371,5.6544247097763
"4205",2022-03-29 00:00:20,3,338,100,48.9577758088209,5.65202379204113
"4206",2022-03-29 00:00:25,3,338,100,50.1059427944057,5.96781620129178
"4207",2022-03-29 00:00:30,3,338,100,48.8660856731579,5.9354563715122
"4208",2022-03-29 00:00:35,3,338,100,50.5367982591458,5.81711961997635
"4209",2022-03-29 00:00:40,3,338,100,50.1587191549949,6.43897451428393
"4210",2022-03-29 00:00:45,3,338,100,48.888387628319,6.20483884908331
"4211",2022-03-29 00:00:50,3,338,100,50.1158835000706,5.50225651177586
"4212",2022-03-29 00:00:55,3,338,100,49.7539078268084,6.08072016045109
"4213",2022-03-29 00:01:00,3,338,100,49.8870309691771,6.1596124295535
"4214",2022-03-29 00:01:05,3,338,100,48.7985181576111,5.75250382928515
"4215",2022-03-29 00:01:10,3,338,100,48.7799170377822,5.5903294348516
"4216",2022-03-29 00:01:15,3,338,100,49.448508373696,6.46782716480409
"4217",2022-03-29 00:01:20,3,338,100,49.4949089121257,6.35483872521135
"4218",2022-03-29 00:01:25,3,338,100,49.0139159338654,6.19544774114951
"4219",2022-03-29 00:01:30,3,338,100,48.7882014847167,5.76262222098309
"4220",2022-03-29 00:01:35,3,338,100,49.4627725184916,5.95955784600089
"4221",2022-03-29 00:01:40,3,338,100,49.5677840052602,5.90063129807066
"4222",2022-03-29 00:01:45,3,338,100,49.5147234254651,6.10063512377796
"4223",2022-03-29 00:01:50,3,338,100,49.2333352542837,5.60321107091213
"4224",2022-03-29 00:01:55,3,338,100,48.8729900007173,5.91337247841998
"4225",2022-03-29 00:02:00,3,338,100,48.7833458868096,5.67411168147107
"4226",2022-03-29 00:02:05,3,338,100,49.1855182518158,5.87003726476589
"4227",2022-03-29 00:02:10,3,338,100,49.3207286083109,5.91345663115047
"4228",2022-03-29 00:02:15,3,338,100,49.7111114586756,5.75154906207698
"4229",2022-03-29 00:02:20,3,338,100,49.0711182146494,6.15993690285281
"4230",2022-03-29 00:02:25,3,338,100,49.5063639876557,6.0583327473783
"4231",2022-03-29 00:02:30,3,338,100,49.4799372139956,6.38087193522188
"4232",2022-03-29 00:02:35,3,338,100,48.5615470116179,6.29181789217297
"4233",2022-03-29 00:02:40,3,338,100,49.5955747189768,5.81400499824483
"4234",2022-03-29 00:02:45,3,338,100,49.0229893381176,5.79248666005551
"4235",2022-03-29 00:02:50,3,338,100,49.6978985532468,5.86188381665734
"4236",2022-03-29 00:02:55,3,338,100,49.6828071391592,5.94273186457589
"4237",2022-03-29 00:03:00,3,338,100,49.4225795647528,6.03320464844502
"4238",2022-03-29 00:03:05,3,338,100,49.4348019914425,5.91457587208924
"4239",2022-03-29 00:03:10,3,338,100,49.3815071166599,5.83802010603493
"4240",2022-03-29 00:03:15,3,338,100,50.0474752280127,5.95983174938675
"4241",2022-03-29 00:03:20,3,338,100,48.8177111077198,6.09148762466899
"4242",2022-03-29 00:03:25,3,338,100,49.267300360019,5.85205818689681
"4243",2022-03-29 00:03:30,3,338,100,49.359563473684,6.23425632231671
"4244",2022-03-29 00:03:35,3,338,100,49.1810443579583,5.8575961970509
"4245",2022-03-29 00:03:40,3,338,100,49.5034799387851,5.92676552713113
"4246",2022-03-29 00:03:45,3,338,100,49.019756708084,6.16576364811479
"4247",2022-03-29 00:03:50,3,338,100,49.580860135303,5.60294497200815
"4248",2022-03-29 00:03:55,3,338,100,48.9848018724248,6.18322894048654
"4249",2022-03-29 00:04:00,3,338,100,49.5663187933472,5.83222018337402
"4250",2022-03-29 00:04:05,3,338,100,49.7996931777287,6.29178095243524
"4251",2022-03-29 00:04:10,3,338,100,50.1591513910111,6.00155432900459
"4252",2022-03-29 00:04:15,3,338,100,49.2755135665133,6.13442408519178
"4253",2022-03-29 00:04:20,3,338,100,49.4146886924928,5.64473815318927
"4254",2022-03-29 00:04:25,3,338,100,48.2718701868483,5.71600978179446
"4255",2022-03-29 00:04:30,3,338,100,48.8343119883872,6.32635796422612
"4256",2022-03-29 00:04:35,3,338,100,49.1662698828539,5.91863006356925
"4257",2022-03-29 00:04:40,3,338,100,49.3581315903005,6.04460779421597
"4258",2022-03-29 00:04:45,3,338,100,49.5396232420512,6.04368888036857
"4259",2022-03-29 00:04:50,3,338,100,49.7596639520777,6.03555392508192
"4260",2022-03-29 00:04:55,3,338,100,49.0473472857773,6.11465276934745
"4261",2022-03-29 00:05:00,3,338,100,49.547662250386,5.96473825576216
"4262",2022-03-29 00:05:05,3,338,100,49.2455602285798,6.11281037492482
"4263",2022-03-29 00:05:10,3,338,100,49.3268571278274,5.70595026308069
"4264",2022-03-29 00:05:15,3,338,100,49.5433697297321,6.3641385507079
"4265",2022-03-29 00:05:20,3,338,100,49.2826868317225,6.16842288233307
"4266",2022-03-29 00:05:25,3,338,100,49.0733090557766,6.13584390405858
"4267",2022-03-29 00:05:30,3,338,100,49.380902913064,6.05561587083017
"4268",2022-03-29 00:05:35,3,338,100,48.673887986264,6.01846584903192
"4269",2022-03-29 00:05:40,3,338,100,49.2261896918037,6.2182906993146
"4270",2022-03-29 00:05:45,3,338,100,49.9038198521714,5.75652868550955
"4271",2022-03-29 00:05:50,3,338,100,50.4139992897866,5.79065277776414
"4272",2022-03-29 00:05:55,3,338,100,49.075799931457,5.95195413867617
"4273",2022-03-29 00:06:00,3,338,100,49.8251916279877,5.97638509753747
"4274",2022-03-29 00:06:05,3,338,100,49.1311276122603,5.9991688769093
"4275",2022-03-29 00:06:10,3,338,100,49.3411818701923,5.87511344736952
"4276",2022-03-29 00:06:15,3,338,100,49.2576010611116,6.29611740919815
"4277",2022-03-29 00:06:20,3,338,100,49.3440827042598,5.63945989663265
"4278",2022-03-29 00:06:25,3,338,100,49.4977385560963,5.78544950344064
"4279",2022-03-29 00:06:30,3,338,100,48.9645419417243,5.92633458134007
"4280",2022-03-29 00:06:35,3,338,100,49.4090318635726,6.31152668430443
"4281",2022-03-29 00:06:40,3,338,100,48.8321818306713,5.97666386231495
"4282",2022-03-29 00:06:45,3,338,100,50.161654059687,6.07274737287381
"4283",2022-03-29 00:06:50,3,338,100,48.5969807088928,6.04892895607063
"4284",2022-03-29 00:06:55,3,338,100,48.4389566969505,5.98299012891481
"4285",2022-03-29 00:07:00,3,338,100,50.1800810536726,5.76874672005172
"4286",2022-03-29 00:07:05,3,338,100,50.0163550142115,5.89449654916276
"4287",2022-03-29 00:07:10,3,338,100,48.9624824366402,6.22829463318192
"4288",2022-03-29 00:07:15,3,338,100,49.6161265451113,6.14402394673281
"4289",2022-03-29 00:07:20,3,338,100,48.3533405397807,5.9237992301265
"4290",2022-03-29 00:07:25,3,338,100,48.8180495907557,5.76822768922025
"4291",2022-03-29 00:07:30,3,338,100,48.7457033919877,6.32759857362179
"4292",2022-03-29 00:07:35,3,338,100,49.0165485470048,5.46621021197508
"4293",2022-03-29 00:07:40,3,338,100,48.5555256450472,5.7201715882206
"4294",2022-03-29 00:07:45,3,338,100,49.9202110400711,5.67825246785526
"4295",2022-03-29 00:07:50,3,338,100,49.7835078516398,5.70591127617101
"4296",2022-03-29 00:07:55,3,338,100,48.9983745036274,5.87978027147781
"4297",2022-03-29 00:08:00,3,338,100,49.2704175406832,6.2729486935543
"4298",2022-03-29 00:08:05,3,338,100,48.3666144807886,5.8620463564873
"4299",2022-03-29 00:08:10,3,338,100,49.4593816262513,6.23829723024844
"4300",2022-03-29 00:08:15,3,338,100,49.2781141981581,5.76090341415974
"4301",2022-03-29 00:08:20,3,338,100,49.4919567769495,5.60517956673204
"4302",2022-03-29 00:08:25,3,338,100,48.7682118839234,5.79302486195299
"4303",2022-03-29 00:08:30,3,338,100,49.0700286223804,6.22796865666727
"4304",2022-03-29 00:08:35,3,338,100,50.2634752048117,5.13648647360282
"4305",2022-03-29 00:08:40,3,338,100,50.9941159451106,6.19450637794738
"4306",2022-03-29 00:08:45,3,338,100,50.1061938880063,5.91024333246368
"4307",2022-03-29 00:08:50,3,338,100,50.2574795914444,6.08718584807922
"4308",2022-03-29 00:08:55,3,338,100,49.6924452465874,5.97592931702535
"4309",2022-03-29 00:09:00,3,338,100,49.107542526016,6.05983761563067
"4310",2022-03-29 00:09:05,3,338,100,50.120251185452,5.54384940666494
"4311",2022-03-29 00:09:10,3,338,100,49.5989908551324,6.01831273607647
"4312",2022-03-29 00:09:15,3,338,100,50.0086690631717,5.86937989541482
"4313",2022-03-29 00:09:20,3,338,100,49.2336658617259,6.19614693217895
"4314",2022-03-29 00:09:25,3,338,100,49.6636365414758,6.17098180544963
"4315",2022-03-29 00:09:30,3,338,100,50.3933542582022,5.86535942777573
"4316",2022-03-29 00:09:35,3,338,100,49.8964603256011,5.9551658116147
"4317",2022-03-29 00:09:40,3,338,100,49.6338178298455,5.87107465531219
"4318",2022-03-29 00:09:45,3,338,100,48.8304408652093,5.83187428614946
"4319",2022-03-29 00:09:50,3,338,100,49.746667696118,5.85703023668458
"4320",2022-03-29 00:09:55,3,338,100,49.2564942414453,5.92951568128874
"4321",2022-03-29 00:10:00,3,338,100,49.5075826567185,5.47505406933514
"4322",2022-03-29 00:10:05,3,338,100,49.2535345529292,6.14345432285022
"4323",2022-03-29 00:10:10,3,338,100,48.9181218486224,5.60916121475856
"4324",2022-03-29 00:10:15,3,338,100,48.9732383429865,5.94457149384633
"4325",2022-03-29 00:10:20,3,338,100,48.5792032303225,5.74242400266233
"4326",2022-03-29 00:10:25,3,338,100,49.2190630492901,5.64256980915258
"4327",2022-03-29 00:10:30,3,338,100,49.0989581496013,5.87440484261451
"4328",2022-03-29 00:10:35,3,338,100,48.9010537405649,6.30717574143068
"4329",2022-03-29 00:10:40,3,338,100,49.2884394020381,6.17507511528887
"4330",2022-03-29 00:10:45,3,338,100,49.4459839899315,5.95975545954655
"4331",2022-03-29 00:10:50,3,338,100,49.6535812370584,5.88959005728639
"4332",2022-03-29 00:10:55,3,338,100,49.7347886476158,5.8122954514378
"4333",2022-03-29 00:11:00,3,338,100,49.3660656872903,6.03178793184559
"4334",2022-03-29 00:11:05,3,338,100,48.5155094083428,6.1625148257956
"4335",2022-03-29 00:11:10,3,338,100,49.0230756690757,5.97365078336184
"4336",2022-03-29 00:11:15,3,338,100,48.9576543456414,5.63858255358315
"4337",2022-03-29 00:11:20,3,338,100,50.523790029959,6.01201795695498
"4338",2022-03-29 00:11:25,3,338,100,49.2940787572113,5.70357587448834
"4339",2022-03-29 00:11:30,3,338,100,49.3370525821175,6.04531536340596
"4340",2022-03-29 00:11:35,3,338,100,49.3378800518666,6.06181583131708
"4341",2022-03-29 00:11:40,3,338,100,49.3776862949705,5.69617899449078
"4342",2022-03-29 00:11:45,3,338,100,48.9388991265093,5.85238441289902
"4343",2022-03-29 00:11:50,3,338,100,50.0038964487912,6.18875360542326
"4344",2022-03-29 00:11:55,3,338,100,49.5149196722662,5.694595335234
"4345",2022-03-29 00:12:00,3,338,100,50.1693204115008,5.94745782912149
"4346",2022-03-29 00:12:05,3,338,100,48.7847111167868,5.78388210241066
"4347",2022-03-29 00:12:10,3,338,100,49.123321272308,5.75874606633747
"4348",2022-03-29 00:12:15,3,338,100,50.7007220450997,5.80010973641137
"4349",2022-03-29 00:12:20,3,338,100,49.4770541757119,6.07547112702163
"4350",2022-03-29 00:12:25,3,338,100,50.0956388827643,5.80846347152348
"4351",2022-03-29 00:12:30,3,338,100,49.5830026577045,6.17461295629186
"4352",2022-03-29 00:12:35,3,338,100,49.3407127541752,6.08104612975188
"4353",2022-03-29 00:12:40,3,338,100,50.2813985641318,5.67452419566188
"4354",2022-03-29 00:12:45,3,338,100,49.9144943140028,6.00657400393947
"4355",2022-03-29 00:12:50,3,338,100,49.0955417062012,5.56326642450597
"4356",2022-03-29 00:12:55,3,338,100,49.7731466327844,5.67367951769151
"4357",2022-03-29 00:13:00,3,338,100,49.2559523837629,6.25395445739167
"4358",2022-03-29 00:13:05,3,338,100,49.3011876018583,5.7771803603502
"4359",2022-03-29 00:13:10,3,338,100,49.8701236454476,5.66870957983926
"4360",2022-03-29 00:13:15,3,338,100,48.9573727711004,5.83036291150525
"4361",2022-03-29 00:13:20,3,338,100,49.8082840483948,5.70483297281845
"4362",2022-03-29 00:13:25,3,338,100,48.8078755492391,5.81331191545386
"4363",2022-03-29 00:13:30,3,338,100,50.1500006355368,6.0424946083092
"4364",2022-03-29 00:13:35,3,338,100,48.8697249088884,6.15931773543163
"4365",2022-03-29 00:13:40,3,338,100,49.453655889533,6.17686747439335
"4366",2022-03-29 00:13:45,3,338,100,48.582168312005,6.05197787491553
"4367",2022-03-29 00:13:50,3,338,100,48.5976530358863,5.92178458459922
"4368",2022-03-29 00:13:55,3,338,100,49.9641040922936,6.05702162166949
"4369",2022-03-29 00:14:00,3,338,100,49.208104458454,6.1273025684698
"4370",2022-03-29 00:14:05,3,338,100,49.2243927155217,6.23165237362769
"4371",2022-03-29 00:14:10,3,338,100,50.0636155442542,5.61388494854609
"4372",2022-03-29 00:14:15,3,338,100,47.8487151212197,6.07214353359951
"4373",2022-03-29 00:14:20,3,338,100,49.0966912733381,6.06041025649397
"4374",2022-03-29 00:14:25,3,338,100,48.8588652039791,6.09020065881197
"4375",2022-03-29 00:14:30,3,338,100,49.2920927070321,5.64008612779451
"4376",2022-03-29 00:14:35,3,338,100,49.1606108987713,5.59237516040104
"4377",2022-03-29 00:14:40,3,338,100,49.5075306203056,5.85137914119579
"4378",2022-03-29 00:14:45,3,338,100,48.1213150483811,5.6244612838736
"4379",2022-03-29 00:14:50,3,338,100,48.9668137188444,6.33281572035872
"4380",2022-03-29 00:14:55,3,338,100,48.5376301576093,5.76174194725269
"4381",2022-03-29 00:15:00,3,338,100,49.2930144320532,5.61489232179972
"4382",2022-03-29 00:15:05,3,338,100,49.7320203881199,5.85222800011004
"4383",2022-03-29 00:15:10,3,338,100,49.094002994982,5.85900131080806
"4384",2022-03-29 00:15:15,3,338,100,50.3446554072737,5.51165142166217
"4385",2022-03-29 00:15:20,3,338,100,50.164308470894,5.87514865315459
"4386",2022-03-29 00:15:25,3,338,100,49.0542292175812,6.22523156234997
"4387",2022-03-29 00:15:30,3,338,100,49.0899317675875,5.94388924268645
"4388",2022-03-29 00:15:35,3,338,100,48.9979618370416,5.72769574178679
"4389",2022-03-29 00:15:40,3,338,100,49.7964595079145,6.16049819339093
"4390",2022-03-29 00:15:45,3,338,100,48.4325000901724,6.15111205669724
"4391",2022-03-29 00:15:50,3,338,100,48.358036238473,5.74816106954024
"4392",2022-03-29 00:15:55,3,338,100,49.1413246581087,5.98705192422882
"4393",2022-03-29 00:16:00,3,338,100,49.8914269939216,5.43185246050513
"4394",2022-03-29 00:16:05,3,338,100,49.0472723851308,5.81338074279467
"4395",2022-03-29 00:16:10,3,338,100,48.9409471670617,5.84758655820947
"4396",2022-03-29 00:16:15,3,338,100,48.7456362124498,5.62104592952137
"4397",2022-03-29 00:16:20,3,338,100,49.8171881430584,5.65185600116648
"4398",2022-03-29 00:16:25,3,338,100,48.9077592683209,5.90438705278492
"4399",2022-03-29 00:16:30,3,338,100,49.3344520787391,6.13180686122179
"4400",2022-03-29 00:16:35,3,338,100,49.9197981352946,6.02285503010416
"4401",2022-03-30 00:00:00,3,338,200,50.220597121462,5.65791860894549
"4402",2022-03-30 00:00:05,3,338,200,49.8728552284206,5.10468762685479
"4403",2022-03-30 00:00:10,3,338,200,50.4078095209235,4.48807659215609
"4404",2022-03-30 00:00:15,3,338,200,49.9462303263824,5.38580291201886
"4405",2022-03-30 00:00:20,3,338,200,48.9735547277973,4.87718196310005
"4406",2022-03-30 00:00:25,3,338,200,50.0369183281092,5.29380568844369
"4407",2022-03-30 00:00:30,3,338,200,49.0220080372719,5.11560523959077
"4408",2022-03-30 00:00:35,3,338,200,49.8688261341042,4.9527420317574
"4409",2022-03-30 00:00:40,3,338,200,49.2605916275369,5.07077466236291
"4410",2022-03-30 00:00:45,3,338,200,49.5296546402363,5.4567709502085
"4411",2022-03-30 00:00:50,3,338,200,49.0522345828091,5.1693647310651
"4412",2022-03-30 00:00:55,3,338,200,49.2503928621334,5.44750913356736
"4413",2022-03-30 00:01:00,3,338,200,49.8105575152692,5.19408489617475
"4414",2022-03-30 00:01:05,3,338,200,49.4404225602744,5.3682897988554
"4415",2022-03-30 00:01:10,3,338,200,49.2074220163895,4.95819211978493
"4416",2022-03-30 00:01:15,3,338,200,49.247743074126,4.92817790467119
"4417",2022-03-30 00:01:20,3,338,200,49.6278138010408,5.10496431257882
"4418",2022-03-30 00:01:25,3,338,200,48.6107619750142,4.88281866865019
"4419",2022-03-30 00:01:30,3,338,200,49.7742456947241,5.23272864926162
"4420",2022-03-30 00:01:35,3,338,200,49.0609613444309,5.00421163798177
"4421",2022-03-30 00:01:40,3,338,200,49.9352210783624,4.97902915591
"4422",2022-03-30 00:01:45,3,338,200,48.2266464682726,5.16346125722244
"4423",2022-03-30 00:01:50,3,338,200,47.685925071187,5.29895141831407
"4424",2022-03-30 00:01:55,3,338,200,49.885286276342,5.28736240369329
"4425",2022-03-30 00:02:00,3,338,200,50.0394611655239,5.00624479200265
"4426",2022-03-30 00:02:05,3,338,200,49.7045398628743,5.37645415822605
"4427",2022-03-30 00:02:10,3,338,200,49.3382550229177,5.12403016579553
"4428",2022-03-30 00:02:15,3,338,200,49.0660442222535,5.27061809062802
"4429",2022-03-30 00:02:20,3,338,200,49.8785991765684,4.88088818918609
"4430",2022-03-30 00:02:25,3,338,200,49.0312989181713,5.00617052953413
"4431",2022-03-30 00:02:30,3,338,200,49.0115598626557,5.09466399077647
"4432",2022-03-30 00:02:35,3,338,200,49.1194815225532,4.88924416740173
"4433",2022-03-30 00:02:40,3,338,200,48.3988289433285,5.17399546725972
"4434",2022-03-30 00:02:45,3,338,200,48.3628358452021,5.08252839643953
"4435",2022-03-30 00:02:50,3,338,200,49.7606684439531,5.26197567845907
"4436",2022-03-30 00:02:55,3,338,200,50.0995614504955,5.01644544140568
"4437",2022-03-30 00:03:00,3,338,200,48.9452337032627,5.23936523127007
"4438",2022-03-30 00:03:05,3,338,200,49.4306992548944,5.36102860596847
"4439",2022-03-30 00:03:10,3,338,200,49.2951803718982,5.00703749416731
"4440",2022-03-30 00:03:15,3,338,200,49.8762129656277,5.1997633436785
"4441",2022-03-30 00:03:20,3,338,200,48.931883662888,5.457147261855
"4442",2022-03-30 00:03:25,3,338,200,48.9680594332357,5.08054348251041
"4443",2022-03-30 00:03:30,3,338,200,49.204281655419,5.27876565866505
"4444",2022-03-30 00:03:35,3,338,200,49.0533456653747,4.91391025614176
"4445",2022-03-30 00:03:40,3,338,200,49.7041556017147,5.37460831101793
"4446",2022-03-30 00:03:45,3,338,200,48.9198448809785,5.11676923347828
"4447",2022-03-30 00:03:50,3,338,200,49.2122067799643,5.25081688110706
"4448",2022-03-30 00:03:55,3,338,200,48.7426565033308,5.14534788894707
"4449",2022-03-30 00:04:00,3,338,200,49.0344911336783,5.12716988673406
"4450",2022-03-30 00:04:05,3,338,200,48.5541721023643,5.03438921524135
"4451",2022-03-30 00:04:10,3,338,200,49.4668239276394,5.42527140509818
"4452",2022-03-30 00:04:15,3,338,200,48.3301712419218,5.10593250431223
"4453",2022-03-30 00:04:20,3,338,200,48.3923560388632,5.55291113162715
"4454",2022-03-30 00:04:25,3,338,200,49.8147501708666,5.2285673008741
"4455",2022-03-30 00:04:30,3,338,200,49.1301544787219,4.71582578041635
"4456",2022-03-30 00:04:35,3,338,200,48.911892689806,5.24869765200955
"4457",2022-03-30 00:04:40,3,338,200,50.0019701330251,5.12469489965976
"4458",2022-03-30 00:04:45,3,338,200,49.5761944249263,4.99640221852488
"4459",2022-03-30 00:04:50,3,338,200,49.4495922014009,4.64848586508796
"4460",2022-03-30 00:04:55,3,338,200,49.7270122977644,5.07814391105503
"4461",2022-03-30 00:05:00,3,338,200,49.7388998534256,5.65007752385458
"4462",2022-03-30 00:05:05,3,338,200,48.7039021164284,5.16460491523648
"4463",2022-03-30 00:05:10,3,338,200,49.4494707280861,5.10058904431928
"4464",2022-03-30 00:05:15,3,338,200,49.174499214363,4.66856400898117
"4465",2022-03-30 00:05:20,3,338,200,50.1813077871315,5.40566615153281
"4466",2022-03-30 00:05:25,3,338,200,49.591347488795,5.12437521523156
"4467",2022-03-30 00:05:30,3,338,200,49.8026581261796,4.7144538579775
"4468",2022-03-30 00:05:35,3,338,200,50.0779848040261,4.93023299176337
"4469",2022-03-30 00:05:40,3,338,200,49.2247784346595,5.25586575012696
"4470",2022-03-30 00:05:45,3,338,200,48.9251598138171,5.60382174202154
"4471",2022-03-30 00:05:50,3,338,200,50.1655515084914,5.32059473486258
"4472",2022-03-30 00:05:55,3,338,200,49.4434129248374,5.42733058419898
"4473",2022-03-30 00:06:00,3,338,200,49.5433475249058,5.34806874575995
"4474",2022-03-30 00:06:05,3,338,200,50.0646779553225,5.38670689740429
"4475",2022-03-30 00:06:10,3,338,200,49.2837485878356,5.01037174128509
"4476",2022-03-30 00:06:15,3,338,200,48.8953916082151,5.00346732130295
"4477",2022-03-30 00:06:20,3,338,200,50.2984436057346,5.33559273841512
"4478",2022-03-30 00:06:25,3,338,200,49.6474980151899,5.02061669757576
"4479",2022-03-30 00:06:30,3,338,200,49.5007630224992,5.20736821474219
"4480",2022-03-30 00:06:35,3,338,200,49.388886910772,5.24295420395078
"4481",2022-03-30 00:06:40,3,338,200,48.6824461424849,5.53489333270475
"4482",2022-03-30 00:06:45,3,338,200,49.1922141135705,4.70080167722574
"4483",2022-03-30 00:06:50,3,338,200,48.7279022281237,5.24274485258703
"4484",2022-03-30 00:06:55,3,338,200,49.8647760735036,5.43245971486819
"4485",2022-03-30 00:07:00,3,338,200,48.5088270401007,5.30774944979651
"4486",2022-03-30 00:07:05,3,338,200,49.5484715114266,5.2685775553377
"4487",2022-03-30 00:07:10,3,338,200,48.6450790605045,4.96838719663763
"4488",2022-03-30 00:07:15,3,338,200,49.7410746779321,4.99395927171937
"4489",2022-03-30 00:07:20,3,338,200,49.0326257636402,5.06533598632826
"4490",2022-03-30 00:07:25,3,338,200,49.5657720803521,4.99503700254306
"4491",2022-03-30 00:07:30,3,338,200,48.5642882983548,4.93150519964422
"4492",2022-03-30 00:07:35,3,338,200,49.6975996845324,5.04566439093531
"4493",2022-03-30 00:07:40,3,338,200,49.31551918321,5.21486423026889
"4494",2022-03-30 00:07:45,3,338,200,49.3350940261136,5.28051744044155
"4495",2022-03-30 00:07:50,3,338,200,49.9013244663458,5.1359660045293
"4496",2022-03-30 00:07:55,3,338,200,50.1189489571265,5.29124239595025
"4497",2022-03-30 00:08:00,3,338,200,49.356417420096,5.2593411145865
"4498",2022-03-30 00:08:05,3,338,200,48.9388380463261,5.23186284049028
"4499",2022-03-30 00:08:10,3,338,200,49.248488890464,5.62072154769985
"4500",2022-03-30 00:08:15,3,338,200,49.9318075827016,5.05453539253772
"4501",2022-03-30 00:08:20,3,338,200,50.2835431403718,4.94615794808742
"4502",2022-03-30 00:08:25,3,338,200,49.3479708481685,5.50799663281213
"4503",2022-03-30 00:08:30,3,338,200,49.62876138909,5.72890268747785
"4504",2022-03-30 00:08:35,3,338,200,49.4203370360783,5.36387502124559
"4505",2022-03-30 00:08:40,3,338,200,49.9553977969569,4.81086337355708
"4506",2022-03-30 00:08:45,3,338,200,49.2510785428749,4.97266779748351
"4507",2022-03-30 00:08:50,3,338,200,50.2136151324325,4.84041977379713
"4508",2022-03-30 00:08:55,3,338,200,50.167326804779,5.02505331897531
"4509",2022-03-30 00:09:00,3,338,200,49.6741389409118,5.14504563131362
"4510",2022-03-30 00:09:05,3,338,200,50.2555934103677,5.35853979419159
"4511",2022-03-30 00:09:10,3,338,200,50.2815030006727,5.15114671377782
"4512",2022-03-30 00:09:15,3,338,200,48.877242702046,5.36326466849356
"4513",2022-03-30 00:09:20,3,338,200,48.2392793267395,5.27909722118125
"4514",2022-03-30 00:09:25,3,338,200,50.0989978956138,5.67894038554681
"4515",2022-03-30 00:09:30,3,338,200,49.4597028626978,5.50773866011967
"4516",2022-03-30 00:09:35,3,338,200,50.2327958094211,5.08461898194798
"4517",2022-03-30 00:09:40,3,338,200,49.5574959834368,5.25969213645861
"4518",2022-03-30 00:09:45,3,338,200,50.0692701149866,5.16729133645039
"4519",2022-03-30 00:09:50,3,338,200,49.8285603590805,4.70906898301812
"4520",2022-03-30 00:09:55,3,338,200,48.5377272167364,5.27890147147755
"4521",2022-03-30 00:10:00,3,338,200,50.2653902564669,5.12792632690115
"4522",2022-03-30 00:10:05,3,338,200,48.2432777455615,4.83113185797421
"4523",2022-03-30 00:10:10,3,338,200,49.0278194405611,5.45336490656264
"4524",2022-03-30 00:10:15,3,338,200,48.8147343614102,5.32257059450368
"4525",2022-03-30 00:10:20,3,338,200,49.45293566062,4.86066294326894
"4526",2022-03-30 00:10:25,3,338,200,48.2514378344457,5.1852975802799
"4527",2022-03-30 00:10:30,3,338,200,49.0891835608555,5.13941395602476
"4528",2022-03-30 00:10:35,3,338,200,49.9435444438463,5.25296643714093
"4529",2022-03-30 00:10:40,3,338,200,48.9001527509742,5.38330395644805
"4530",2022-03-30 00:10:45,3,338,200,49.3631594537971,5.02294123821163
"4531",2022-03-30 00:10:50,3,338,200,49.3144187486343,4.81652180400313
"4532",2022-03-30 00:10:55,3,338,200,50.2710888471147,4.84539921323471
"4533",2022-03-30 00:11:00,3,338,200,49.6462185515513,5.28058025570966
"4534",2022-03-30 00:11:05,3,338,200,49.0462936673444,4.91397479044471
"4535",2022-03-30 00:11:10,3,338,200,48.6314904315616,5.40853542364083
"4536",2022-03-30 00:11:15,3,338,200,47.5226117099292,4.86758314488564
"4537",2022-03-30 00:11:20,3,338,200,50.6121191812976,5.27587239019598
"4538",2022-03-30 00:11:25,3,338,200,49.8719845816636,5.24107870919727
"4539",2022-03-30 00:11:30,3,338,200,49.3408819330843,5.26235708009329
"4540",2022-03-30 00:11:35,3,338,200,49.8934603378326,5.28642532516026
"4541",2022-03-30 00:11:40,3,338,200,49.5033413323701,5.2193523430351
"4542",2022-03-30 00:11:45,3,338,200,49.4966080641164,4.84372718830419
"4543",2022-03-30 00:11:50,3,338,200,50.5400843797076,5.16163794502458
"4544",2022-03-30 00:11:55,3,338,200,50.0523956730442,5.55582687623862
"4545",2022-03-30 00:12:00,3,338,200,49.5653567639639,5.31620891180849
"4546",2022-03-30 00:12:05,3,338,200,50.0971896694482,5.350489800797
"4547",2022-03-30 00:12:10,3,338,200,49.1304696966984,4.85409290466864
"4548",2022-03-30 00:12:15,3,338,200,48.8948133423161,4.91426590428695
"4549",2022-03-30 00:12:20,3,338,200,49.0247915963174,5.20349142307672
"4550",2022-03-30 00:12:25,3,338,200,49.3553068487184,4.70015916025083
"4551",2022-03-30 00:12:30,3,338,200,49.2420757547754,5.19734680489733
"4552",2022-03-30 00:12:35,3,338,200,49.2668300891924,5.18020285861331
"4553",2022-03-30 00:12:40,3,338,200,50.3485724825476,5.43062102744979
"4554",2022-03-30 00:12:45,3,338,200,49.9739918449975,5.19315437336928
"4555",2022-03-30 00:12:50,3,338,200,49.2400825274449,5.24208464864292
"4556",2022-03-30 00:12:55,3,338,200,49.8146698862764,5.01743418649007
"4557",2022-03-30 00:13:00,3,338,200,48.984998271615,4.90049825780885
"4558",2022-03-30 00:13:05,3,338,200,49.8679117888861,5.26324093147853
"4559",2022-03-30 00:13:10,3,338,200,48.5322710619567,4.86626202382767
"4560",2022-03-30 00:13:15,3,338,200,49.1236486743391,5.33572210643815
"4561",2022-03-30 00:13:20,3,338,200,49.2078452628346,5.30825053202671
"4562",2022-03-30 00:13:25,3,338,200,49.3614397890037,5.46850142478756
"4563",2022-03-30 00:13:30,3,338,200,49.5705300485398,5.1990989969122
"4564",2022-03-30 00:13:35,3,338,200,49.4164592900091,5.23433278403857
"4565",2022-03-30 00:13:40,3,338,200,48.7835564252019,5.18134489491678
"4566",2022-03-30 00:13:45,3,338,200,49.5858846969135,5.45883039960456
"4567",2022-03-30 00:13:50,3,338,200,49.8739669896683,5.07560225871453
"4568",2022-03-30 00:13:55,3,338,200,49.2172247993019,5.52627946897378
"4569",2022-03-30 00:14:00,3,338,200,49.7972211793447,5.07389465298562
"4570",2022-03-30 00:14:05,3,338,200,49.1555585090368,5.22796674933195
"4571",2022-03-30 00:14:10,3,338,200,50.7250466207394,4.95795655795914
"4572",2022-03-30 00:14:15,3,338,200,47.5262242054077,4.83698706971698
"4573",2022-03-30 00:14:20,3,338,200,49.079868236759,5.1935686789253
"4574",2022-03-30 00:14:25,3,338,200,49.3698569821786,5.11490508487761
"4575",2022-03-30 00:14:30,3,338,200,49.3384254340269,4.81084534118331
"4576",2022-03-30 00:14:35,3,338,200,49.3818033116637,5.09632371532192
"4577",2022-03-30 00:14:40,3,338,200,49.5013578102111,5.29074343548995
"4578",2022-03-30 00:14:45,3,338,200,50.2820638486894,4.82071115441261
"4579",2022-03-30 00:14:50,3,338,200,49.2074256979316,5.35289851972026
"4580",2022-03-30 00:14:55,3,338,200,48.3288440151576,4.99410750977113
"4581",2022-03-30 00:15:00,3,338,200,49.8777648256649,4.62949179568824
"4582",2022-03-30 00:15:05,3,338,200,49.0000093841755,5.56862283790158
"4583",2022-03-30 00:15:10,3,338,200,49.2850993081108,5.13094091175498
"4584",2022-03-30 00:15:15,3,338,200,49.264178955082,4.76520046641955
"4585",2022-03-30 00:15:20,3,338,200,48.8529430723667,5.26091134669153
"4586",2022-03-30 00:15:25,3,338,200,48.9044474252314,5.20613524238771
"4587",2022-03-30 00:15:30,3,338,200,49.3280103816675,4.94069331380837
"4588",2022-03-30 00:15:35,3,338,200,49.8456752154966,5.24002369038636
"4589",2022-03-30 00:15:40,3,338,200,49.193445087844,4.88170966968907
"4590",2022-03-30 00:15:45,3,338,200,48.91329219899,5.13242640674057
"4591",2022-03-30 00:15:50,3,338,200,49.1526783327608,5.02178718756632
"4592",2022-03-30 00:15:55,3,338,200,47.9250183695978,4.61127366229702
"4593",2022-03-30 00:16:00,3,338,200,49.6995688931234,5.29808466246314
"4594",2022-03-30 00:16:05,3,338,200,49.2065180069942,5.43780943309193
"4595",2022-03-30 00:16:10,3,338,200,50.077079819485,4.95110160322092
"4596",2022-03-30 00:16:15,3,338,200,48.0340463461201,5.50977753348681
"4597",2022-03-30 00:16:20,3,338,200,49.9106493591595,5.01517458856619
"4598",2022-03-30 00:16:25,3,338,200,49.4787108801352,4.98239680474695
"4599",2022-03-30 00:16:30,3,338,200,49.2317700411421,4.89165725000067
"4600",2022-03-30 00:16:35,3,338,200,49.2777301624279,5.07898663943249
"4601",2022-03-31 00:00:00,3,338,300,50.0883450158664,4.65308463301951
"4602",2022-03-31 00:00:05,3,338,300,49.953051314756,4.61766215163405
"4603",2022-03-31 00:00:10,3,338,300,49.5135743588145,4.15762109209558
"4604",2022-03-31 00:00:15,3,338,300,49.4185630603683,4.80983290516622
"4605",2022-03-31 00:00:20,3,338,300,49.4653836517084,4.66403940999116
"4606",2022-03-31 00:00:25,3,338,300,49.0515094772253,4.69314784292453
"4607",2022-03-31 00:00:30,3,338,300,49.1662532785186,4.43446705600655
"4608",2022-03-31 00:00:35,3,338,300,48.6861040890936,4.5663969067198
"4609",2022-03-31 00:00:40,3,338,300,49.1830092517167,4.54167880646851
"4610",2022-03-31 00:00:45,3,338,300,49.3965009176341,4.16298465816929
"4611",2022-03-31 00:00:50,3,338,300,49.2014944341224,4.38270442529552
"4612",2022-03-31 00:00:55,3,338,300,48.5946021892241,4.13126128470359
"4613",2022-03-31 00:01:00,3,338,300,48.8734766556509,4.48347896584629
"4614",2022-03-31 00:01:05,3,338,300,50.105776089923,4.341798838566
"4615",2022-03-31 00:01:10,3,338,300,49.3495523478278,4.13489654581695
"4616",2022-03-31 00:01:15,3,338,300,48.6039983842918,4.6418742423971
"4617",2022-03-31 00:01:20,3,338,300,48.6282082506517,4.52454121178814
"4618",2022-03-31 00:01:25,3,338,300,48.2578324254768,4.55878308741904
"4619",2022-03-31 00:01:30,3,338,300,49.5864017722784,4.14059924285617
"4620",2022-03-31 00:01:35,3,338,300,48.8444471733365,4.21755969009998
"4621",2022-03-31 00:01:40,3,338,300,48.617098013952,4.51966415155304
"4622",2022-03-31 00:01:45,3,338,300,49.3037029026007,4.7601824193281
"4623",2022-03-31 00:01:50,3,338,300,49.7080234176209,4.55370250737376
"4624",2022-03-31 00:01:55,3,338,300,48.985743246234,4.27362972565544
"4625",2022-03-31 00:02:00,3,338,300,48.8140373135253,4.53896781775852
"4626",2022-03-31 00:02:05,3,338,300,49.1386625424378,4.46884044200406
"4627",2022-03-31 00:02:10,3,338,300,49.0858281302562,4.21556751317956
"4628",2022-03-31 00:02:15,3,338,300,49.5711159762133,4.42469974950026
"4629",2022-03-31 00:02:20,3,338,300,49.8446711649275,4.48142052004429
"4630",2022-03-31 00:02:25,3,338,300,49.1557309058179,3.9885574940188
"4631",2022-03-31 00:02:30,3,338,300,49.2354523991049,4.24741068173213
"4632",2022-03-31 00:02:35,3,338,300,49.5491208641357,4.52089319392979
"4633",2022-03-31 00:02:40,3,338,300,49.4865973825415,4.04440643886789
"4634",2022-03-31 00:02:45,3,338,300,48.8297834300207,4.24169236005912
"4635",2022-03-31 00:02:50,3,338,300,49.3961242130453,4.49392778548143
"4636",2022-03-31 00:02:55,3,338,300,49.2544680135039,4.31288211723483
"4637",2022-03-31 00:03:00,3,338,300,49.2049541094155,4.22024688870887
"4638",2022-03-31 00:03:05,3,338,300,49.54654779074,4.32410343212041
"4639",2022-03-31 00:03:10,3,338,300,49.7884905739815,4.41886863591367
"4640",2022-03-31 00:03:15,3,338,300,49.6335076159114,4.42027609137978
"4641",2022-03-31 00:03:20,3,338,300,49.9262920118646,4.03881185184057
"4642",2022-03-31 00:03:25,3,338,300,48.5914533407121,3.99117893195741
"4643",2022-03-31 00:03:30,3,338,300,49.2646225060417,4.7068757132058
"4644",2022-03-31 00:03:35,3,338,300,50.0099296569637,4.54333879123873
"4645",2022-03-31 00:03:40,3,338,300,50.2034722446602,4.46979767897522
"4646",2022-03-31 00:03:45,3,338,300,49.5567199841209,4.57345103779166
"4647",2022-03-31 00:03:50,3,338,300,49.49623533718,4.50208725095727
"4648",2022-03-31 00:03:55,3,338,300,49.2739379269708,4.28378524514346
"4649",2022-03-31 00:04:00,3,338,300,49.6127662870884,4.30019764861908
"4650",2022-03-31 00:04:05,3,338,300,50.1703686497941,4.49699450341853
"4651",2022-03-31 00:04:10,3,338,300,49.2081149890016,4.31578408570531
"4652",2022-03-31 00:04:15,3,338,300,49.478926714601,4.3617224627051
"4653",2022-03-31 00:04:20,3,338,300,49.9486645443465,4.40913862139987
"4654",2022-03-31 00:04:25,3,338,300,48.5314960076738,4.79502839817116
"4655",2022-03-31 00:04:30,3,338,300,50.4806888206454,4.16980790446474
"4656",2022-03-31 00:04:35,3,338,300,49.9128147428813,4.52950801289239
"4657",2022-03-31 00:04:40,3,338,300,49.3962849438892,4.46349232193304
"4658",2022-03-31 00:04:45,3,338,300,50.1267172788223,4.20976163517608
"4659",2022-03-31 00:04:50,3,338,300,49.1182363420989,4.10890092201503
"4660",2022-03-31 00:04:55,3,338,300,49.5420544053888,4.55055021636509
"4661",2022-03-31 00:05:00,3,338,300,49.335164837066,4.22011751638061
"4662",2022-03-31 00:05:05,3,338,300,50.1702934033726,4.25408025438947
"4663",2022-03-31 00:05:10,3,338,300,50.1007796985714,4.7572676986308
"4664",2022-03-31 00:05:15,3,338,300,49.0256980640309,4.38647164638477
"4665",2022-03-31 00:05:20,3,338,300,48.6649493221345,4.44564838364272
"4666",2022-03-31 00:05:25,3,338,300,49.3132109134191,4.3461644821879
"4667",2022-03-31 00:05:30,3,338,300,49.4936637197322,4.39453364829545
"4668",2022-03-31 00:05:35,3,338,300,48.9369684378767,4.38051969086548
"4669",2022-03-31 00:05:40,3,338,300,49.7369336404514,4.84204339685794
"4670",2022-03-31 00:05:45,3,338,300,48.830102846481,4.31355196720937
"4671",2022-03-31 00:05:50,3,338,300,48.8573394919562,4.9658318553486
"4672",2022-03-31 00:05:55,3,338,300,49.5278067402596,4.4712382449003
"4673",2022-03-31 00:06:00,3,338,300,49.7877226686241,4.23621989627167
"4674",2022-03-31 00:06:05,3,338,300,48.957852884103,4.40277400393484
"4675",2022-03-31 00:06:10,3,338,300,50.0235025673661,4.27493580448501
"4676",2022-03-31 00:06:15,3,338,300,50.3536005661886,4.41132529017343
"4677",2022-03-31 00:06:20,3,338,300,49.6794442625844,4.3300623494921
"4678",2022-03-31 00:06:25,3,338,300,48.19595567999,4.75096948922868
"4679",2022-03-31 00:06:30,3,338,300,48.8902988532442,4.75434114176767
"4680",2022-03-31 00:06:35,3,338,300,49.1058874042677,4.56541016541566
"4681",2022-03-31 00:06:40,3,338,300,48.5493900606037,4.32167606045211
"4682",2022-03-31 00:06:45,3,338,300,49.5517406366268,4.75120545434466
"4683",2022-03-31 00:06:50,3,338,300,49.3430940515458,4.69513731172115
"4684",2022-03-31 00:06:55,3,338,300,49.8691617265207,4.64657589164843
"4685",2022-03-31 00:07:00,3,338,300,48.8837823072071,4.1884988646848
"4686",2022-03-31 00:07:05,3,338,300,50.9245085296693,4.19085138425246
"4687",2022-03-31 00:07:10,3,338,300,49.0337344369771,4.03970522705324
"4688",2022-03-31 00:07:15,3,338,300,49.0738922777169,4.51413657957481
"4689",2022-03-31 00:07:20,3,338,300,49.4592189645921,4.40838877051383
"4690",2022-03-31 00:07:25,3,338,300,50.0596877941734,4.16363566992222
"4691",2022-03-31 00:07:30,3,338,300,49.4866320147468,4.45084530993375
"4692",2022-03-31 00:07:35,3,338,300,50.0751671577087,4.90494052250222
"4693",2022-03-31 00:07:40,3,338,300,48.4419493544708,4.28143819109849
"4694",2022-03-31 00:07:45,3,338,300,49.6157252444813,4.39051930433578
"4695",2022-03-31 00:07:50,3,338,300,48.9764299978223,4.5295146367798
"4696",2022-03-31 00:07:55,3,338,300,49.5549424352096,4.58910966585793
"4697",2022-03-31 00:08:00,3,338,300,49.6169426103492,4.60396692451626
"4698",2022-03-31 00:08:05,3,338,300,49.6207283462032,4.37267853817199
"4699",2022-03-31 00:08:10,3,338,300,49.0357520909678,4.44973041083535
"4700",2022-03-31 00:08:15,3,338,300,49.0541580594068,4.10723048174173
"4701",2022-03-31 00:08:20,3,338,300,49.1377908993413,4.42459480421685
"4702",2022-03-31 00:08:25,3,338,300,48.6116408704247,4.62506276621498
"4703",2022-03-31 00:08:30,3,338,300,49.8991248304377,4.17944868099325
"4704",2022-03-31 00:08:35,3,338,300,49.2172334221129,4.31653676290292
"4705",2022-03-31 00:08:40,3,338,300,49.6534889152088,4.61693067161466
"4706",2022-03-31 00:08:45,3,338,300,50.7857514665705,4.50919178068871
"4707",2022-03-31 00:08:50,3,338,300,49.0942182973723,4.30887241501534
"4708",2022-03-31 00:08:55,3,338,300,49.4914454202472,4.5310626551484
"4709",2022-03-31 00:09:00,3,338,300,49.042594599919,4.26688511593299
"4710",2022-03-31 00:09:05,3,338,300,49.484881369382,4.78839973583195
"4711",2022-03-31 00:09:10,3,338,300,50.3574739053499,4.30746319857595
"4712",2022-03-31 00:09:15,3,338,300,49.0643499541598,3.96415447980888
"4713",2022-03-31 00:09:20,3,338,300,48.5099776174009,4.35375546683282
"4714",2022-03-31 00:09:25,3,338,300,49.255437605302,4.37391795699573
"4715",2022-03-31 00:09:30,3,338,300,49.5023946606305,4.54738395273022
"4716",2022-03-31 00:09:35,3,338,300,49.7012654199058,4.61212269689427
"4717",2022-03-31 00:09:40,3,338,300,49.2931019750514,4.41011033866407
"4718",2022-03-31 00:09:45,3,338,300,49.4562571672216,4.37712613367296
"4719",2022-03-31 00:09:50,3,338,300,49.7544910147297,4.64473085302952
"4720",2022-03-31 00:09:55,3,338,300,48.6134311841702,4.56857642505873
"4721",2022-03-31 00:10:00,3,338,300,49.7212669637471,3.98524316722813
"4722",2022-03-31 00:10:05,3,338,300,49.9706725449871,4.51600185065083
"4723",2022-03-31 00:10:10,3,338,300,48.5746266114429,3.87016321693591
"4724",2022-03-31 00:10:15,3,338,300,48.7026886874686,4.12362684749463
"4725",2022-03-31 00:10:20,3,338,300,49.020284424997,4.79744136988035
"4726",2022-03-31 00:10:25,3,338,300,49.1391791014946,4.1394093323117
"4727",2022-03-31 00:10:30,3,338,300,49.2085746142569,3.85359521875779
"4728",2022-03-31 00:10:35,3,338,300,49.8823939264924,4.32708096391229
"4729",2022-03-31 00:10:40,3,338,300,50.2044441484596,4.09760538636603
"4730",2022-03-31 00:10:45,3,338,300,49.089443693666,3.75558439014142
"4731",2022-03-31 00:10:50,3,338,300,49.3367802488103,4.70577838943606
"4732",2022-03-31 00:10:55,3,338,300,49.0550801800742,3.79968760192254
"4733",2022-03-31 00:11:00,3,338,300,48.9910806880226,4.44350446036263
"4734",2022-03-31 00:11:05,3,338,300,49.2764939898819,4.15860804632139
"4735",2022-03-31 00:11:10,3,338,300,49.4973936670123,4.52400113371816
"4736",2022-03-31 00:11:15,3,338,300,49.6491298815412,4.3603607433473
"4737",2022-03-31 00:11:20,3,338,300,49.5401940823123,4.50499684510139
"4738",2022-03-31 00:11:25,3,338,300,49.3347724791619,3.86322449613628
"4739",2022-03-31 00:11:30,3,338,300,49.4785231695802,4.40586348216124
"4740",2022-03-31 00:11:35,3,338,300,49.0157111417862,4.12416494381993
"4741",2022-03-31 00:11:40,3,338,300,49.3955332274963,4.16427543605983
"4742",2022-03-31 00:11:45,3,338,300,48.3247631339291,4.57116963495275
"4743",2022-03-31 00:11:50,3,338,300,49.4873111256866,4.4693841552457
"4744",2022-03-31 00:11:55,3,338,300,48.7479592245003,3.93317484764703
"4745",2022-03-31 00:12:00,3,338,300,48.1239619718802,4.35935736205275
"4746",2022-03-31 00:12:05,3,338,300,49.3843452557629,4.71649308295096
"4747",2022-03-31 00:12:10,3,338,300,49.2920426919568,4.74083724861734
"4748",2022-03-31 00:12:15,3,338,300,49.3898917712898,4.50453130547832
"4749",2022-03-31 00:12:20,3,338,300,50.1290756331681,4.35687085722559
"4750",2022-03-31 00:12:25,3,338,300,48.4128114990164,4.14245295416878
"4751",2022-03-31 00:12:30,3,338,300,49.6386954562749,4.24543632392444
"4752",2022-03-31 00:12:35,3,338,300,49.3634118167184,4.35263795551563
"4753",2022-03-31 00:12:40,3,338,300,49.3255857127494,4.19117473646023
"4754",2022-03-31 00:12:45,3,338,300,49.8078474986847,4.31270443871945
"4755",2022-03-31 00:12:50,3,338,300,49.0563867802576,4.08866745566838
"4756",2022-03-31 00:12:55,3,338,300,48.7484015168341,4.47390930603343
"4757",2022-03-31 00:13:00,3,338,300,50.149106853566,4.55960903132791
"4758",2022-03-31 00:13:05,3,338,300,49.3924320492361,4.18690145057562
"4759",2022-03-31 00:13:10,3,338,300,49.2967509640653,4.5358885982508
"4760",2022-03-31 00:13:15,3,338,300,48.9015338886404,4.43194253798083
"4761",2022-03-31 00:13:20,3,338,300,49.1105990015414,4.51589653200079
"4762",2022-03-31 00:13:25,3,338,300,50.3016381115492,4.53139857636152
"4763",2022-03-31 00:13:30,3,338,300,49.3711508021969,4.29017061602917
"4764",2022-03-31 00:13:35,3,338,300,49.4608637983132,4.49280782054407
"4765",2022-03-31 00:13:40,3,338,300,48.7550154201905,4.42158500269313
"4766",2022-03-31 00:13:45,3,338,300,47.9988345760147,4.57972813078158
"4767",2022-03-31 00:13:50,3,338,300,47.8772344675556,4.72154005868832
"4768",2022-03-31 00:13:55,3,338,300,49.2478927405276,4.41630221616316
"4769",2022-03-31 00:14:00,3,338,300,49.6515183155175,4.23224885021582
"4770",2022-03-31 00:14:05,3,338,300,48.8724142497761,5.02329614419331
"4771",2022-03-31 00:14:10,3,338,300,49.139215470943,3.81458496615961
"4772",2022-03-31 00:14:15,3,338,300,49.0786950463397,4.81760177028404
"4773",2022-03-31 00:14:20,3,338,300,50.0702489900172,4.78355184035932
"4774",2022-03-31 00:14:25,3,338,300,49.0828295414917,4.41563581955934
"4775",2022-03-31 00:14:30,3,338,300,49.5053309945524,4.20574219489738
"4776",2022-03-31 00:14:35,3,338,300,49.5372110513088,4.42549375742407
"4777",2022-03-31 00:14:40,3,338,300,49.6093989838788,4.17910846678367
"4778",2022-03-31 00:14:45,3,338,300,48.644745381133,4.48312880053525
"4779",2022-03-31 00:14:50,3,338,300,49.1934300806577,4.16247297346664
"4780",2022-03-31 00:14:55,3,338,300,49.5972685946434,4.26994784560756
"4781",2022-03-31 00:15:00,3,338,300,49.5854025259639,4.76924183814553
"4782",2022-03-31 00:15:05,3,338,300,49.0790093402436,4.2333625485618
"4783",2022-03-31 00:15:10,3,338,300,49.4599998036464,4.28211729192773
"4784",2022-03-31 00:15:15,3,338,300,49.1375875998894,4.13813980038818
"4785",2022-03-31 00:15:20,3,338,300,49.6570548766518,4.42973909856842
"4786",2022-03-31 00:15:25,3,338,300,49.9557420075673,4.72560917343465
"4787",2022-03-31 00:15:30,3,338,300,49.5509442412424,4.30048145084259
"4788",2022-03-31 00:15:35,3,338,300,50.4213021505991,4.66054816533307
"4789",2022-03-31 00:15:40,3,338,300,49.7369659740957,4.55197523494986
"4790",2022-03-31 00:15:45,3,338,300,49.5003184498312,4.44753622553805
"4791",2022-03-31 00:15:50,3,338,300,48.976010635143,4.19579012945389
"4792",2022-03-31 00:15:55,3,338,300,49.3225120568194,4.38244868110426
"4793",2022-03-31 00:16:00,3,338,300,48.9723871157494,4.2013182943884
"4794",2022-03-31 00:16:05,3,338,300,50.1767436667658,4.43994236392562
"4795",2022-03-31 00:16:10,3,338,300,49.8450629449183,4.25108015475588
"4796",2022-03-31 00:16:15,3,338,300,48.3363113750995,4.24943576912384
"4797",2022-03-31 00:16:20,3,338,300,48.9345882522282,4.46970563717891
"4798",2022-03-31 00:16:25,3,338,300,49.7224948499987,4.36428730272678
"4799",2022-03-31 00:16:30,3,338,300,49.6639291571219,3.95642414352075
"4800",2022-03-31 00:16:35,3,338,300,48.8714345895748,3.95709828000243
"4801",2022-04-01 00:00:00,3,373,100,49.8334201406634,6.36401737031208
"4802",2022-04-01 00:00:05,3,373,100,49.7442381206952,6.2791618672278
"4803",2022-04-01 00:00:10,3,373,100,48.9057941387821,5.90761482667158
"4804",2022-04-01 00:00:15,3,373,100,49.6415359692141,5.67923524845935
"4805",2022-04-01 00:00:20,3,373,100,49.2214901395254,6.4068829994615
"4806",2022-04-01 00:00:25,3,373,100,48.6787581970332,6.15594389126785
"4807",2022-04-01 00:00:30,3,373,100,49.3684666867965,5.87496675109986
"4808",2022-04-01 00:00:35,3,373,100,49.2034131264306,5.99314081178337
"4809",2022-04-01 00:00:40,3,373,100,50.0150537767444,6.08495059777307
"4810",2022-04-01 00:00:45,3,373,100,50.0669251234929,5.44839731467071
"4811",2022-04-01 00:00:50,3,373,100,49.5274195717377,5.69425018359819
"4812",2022-04-01 00:00:55,3,373,100,49.3896967266749,6.17339228200794
"4813",2022-04-01 00:01:00,3,373,100,48.7747002860206,5.67805290579205
"4814",2022-04-01 00:01:05,3,373,100,49.0139663447295,6.16828977509252
"4815",2022-04-01 00:01:10,3,373,100,49.7245681353284,5.90216023462302
"4816",2022-04-01 00:01:15,3,373,100,48.8641534139819,6.14076698481418
"4817",2022-04-01 00:01:20,3,373,100,49.0283372619153,5.94807637699949
"4818",2022-04-01 00:01:25,3,373,100,49.6009813576161,6.12557523950442
"4819",2022-04-01 00:01:30,3,373,100,48.4268405813568,5.90996395245471
"4820",2022-04-01 00:01:35,3,373,100,49.0398446775067,5.82905377545896
"4821",2022-04-01 00:01:40,3,373,100,49.2596812330063,5.98859158801908
"4822",2022-04-01 00:01:45,3,373,100,49.0210887712341,5.6522715567847
"4823",2022-04-01 00:01:50,3,373,100,47.99845967916,5.98403327269243
"4824",2022-04-01 00:01:55,3,373,100,49.7327423309901,5.7969869976974
"4825",2022-04-01 00:02:00,3,373,100,50.4068041220376,6.10879058303682
"4826",2022-04-01 00:02:05,3,373,100,49.7253763259742,6.1439630206213
"4827",2022-04-01 00:02:10,3,373,100,49.8353271668036,6.0110880197974
"4828",2022-04-01 00:02:15,3,373,100,48.8636917375351,6.08385146098036
"4829",2022-04-01 00:02:20,3,373,100,48.6045067524895,5.6662142010663
"4830",2022-04-01 00:02:25,3,373,100,49.6944496865694,5.53117098668579
"4831",2022-04-01 00:02:30,3,373,100,49.1443812971654,6.12991069280779
"4832",2022-04-01 00:02:35,3,373,100,49.5689216395692,5.97766101508689
"4833",2022-04-01 00:02:40,3,373,100,48.7327845162724,5.81776666845685
"4834",2022-04-01 00:02:45,3,373,100,49.248527022384,6.12084722651404
"4835",2022-04-01 00:02:50,3,373,100,49.4781282616181,5.55785313179982
"4836",2022-04-01 00:02:55,3,373,100,49.4669728676937,5.60462248578699
"4837",2022-04-01 00:03:00,3,373,100,49.1174977289546,5.9163303542575
"4838",2022-04-01 00:03:05,3,373,100,48.3881606540628,5.50194618115871
"4839",2022-04-01 00:03:10,3,373,100,49.2757641059189,6.21713572839066
"4840",2022-04-01 00:03:15,3,373,100,49.5013790650443,5.8667616835898
"4841",2022-04-01 00:03:20,3,373,100,48.809593139157,5.88220975481185
"4842",2022-04-01 00:03:25,3,373,100,47.7077609502633,5.85534644151413
"4843",2022-04-01 00:03:30,3,373,100,49.9573939622707,5.80806572589749
"4844",2022-04-01 00:03:35,3,373,100,49.6547937199366,5.88032367388699
"4845",2022-04-01 00:03:40,3,373,100,47.7962191948271,5.88110238234542
"4846",2022-04-01 00:03:45,3,373,100,49.0940333869047,6.18914755792822
"4847",2022-04-01 00:03:50,3,373,100,49.1442300456193,5.69946596958031
"4848",2022-04-01 00:03:55,3,373,100,49.8016456386267,5.92250019182269
"4849",2022-04-01 00:04:00,3,373,100,49.3457232635085,6.2304024857466
"4850",2022-04-01 00:04:05,3,373,100,49.6045601098532,5.90138631902587
"4851",2022-04-01 00:04:10,3,373,100,48.9444694148095,6.05694458072575
"4852",2022-04-01 00:04:15,3,373,100,49.8261356725208,5.73952444475932
"4853",2022-04-01 00:04:20,3,373,100,49.0361796609252,5.97374220343944
"4854",2022-04-01 00:04:25,3,373,100,49.9047016162869,5.76206029912503
"4855",2022-04-01 00:04:30,3,373,100,49.1660853923841,5.94276222683014
"4856",2022-04-01 00:04:35,3,373,100,49.1674801848794,5.81387258545521
"4857",2022-04-01 00:04:40,3,373,100,49.1523140886031,5.90236607146019
"4858",2022-04-01 00:04:45,3,373,100,48.9372260115223,5.68639264073364
"4859",2022-04-01 00:04:50,3,373,100,48.8711751754052,6.13536042541599
"4860",2022-04-01 00:04:55,3,373,100,49.8074158121715,5.85565817651226
"4861",2022-04-01 00:05:00,3,373,100,48.4200957202892,5.79901678628861
"4862",2022-04-01 00:05:05,3,373,100,50.3834305308409,5.79886950670539
"4863",2022-04-01 00:05:10,3,373,100,49.5185121229435,6.00918951331784
"4864",2022-04-01 00:05:15,3,373,100,49.0309489753625,5.96477060508366
"4865",2022-04-01 00:05:20,3,373,100,48.9635292192286,6.30798511025799
"4866",2022-04-01 00:05:25,3,373,100,49.8147222503503,5.83764501877171
"4867",2022-04-01 00:05:30,3,373,100,50.2677124152256,5.70543744156477
"4868",2022-04-01 00:05:35,3,373,100,49.0139409600389,5.67083387083059
"4869",2022-04-01 00:05:40,3,373,100,50.0989436384657,6.27604894055521
"4870",2022-04-01 00:05:45,3,373,100,49.5175552581286,5.8968328775463
"4871",2022-04-01 00:05:50,3,373,100,48.5873542775539,5.6428679310171
"4872",2022-04-01 00:05:55,3,373,100,49.0192736786676,5.76627515299789
"4873",2022-04-01 00:06:00,3,373,100,48.9268887291908,6.00193456263026
"4874",2022-04-01 00:06:05,3,373,100,48.2567602454289,6.23157092102497
"4875",2022-04-01 00:06:10,3,373,100,49.2670500891091,5.72437331919906
"4876",2022-04-01 00:06:15,3,373,100,49.0770794221575,5.97112639614859
"4877",2022-04-01 00:06:20,3,373,100,48.9544803128374,5.51049402134223
"4878",2022-04-01 00:06:25,3,373,100,50.4784619554103,5.7910071645583
"4879",2022-04-01 00:06:30,3,373,100,49.6065947146472,5.82443690742799
"4880",2022-04-01 00:06:35,3,373,100,49.3832622945187,5.93287744499247
"4881",2022-04-01 00:06:40,3,373,100,48.9067142300064,5.4963222586947
"4882",2022-04-01 00:06:45,3,373,100,48.7956040349775,5.98861317662634
"4883",2022-04-01 00:06:50,3,373,100,48.7640211418021,6.2522647615383
"4884",2022-04-01 00:06:55,3,373,100,48.9895237133446,5.87460177260759
"4885",2022-04-01 00:07:00,3,373,100,49.5599430276974,5.81771092499342
"4886",2022-04-01 00:07:05,3,373,100,48.8691083727856,5.88632583637016
"4887",2022-04-01 00:07:10,3,373,100,49.1509930426708,5.90326889840056
"4888",2022-04-01 00:07:15,3,373,100,50.9842254190873,5.47133674195867
"4889",2022-04-01 00:07:20,3,373,100,49.3233882324308,5.49475627700752
"4890",2022-04-01 00:07:25,3,373,100,49.868228361897,6.04397031987737
"4891",2022-04-01 00:07:30,3,373,100,49.9009270515587,5.77388098467119
"4892",2022-04-01 00:07:35,3,373,100,49.1992984644317,6.09972757241283
"4893",2022-04-01 00:07:40,3,373,100,48.9351907178897,6.04674988919054
"4894",2022-04-01 00:07:45,3,373,100,49.0955718695059,5.84891854656049
"4895",2022-04-01 00:07:50,3,373,100,49.5151987726012,5.404668183921
"4896",2022-04-01 00:07:55,3,373,100,47.9760872253922,6.18464245710162
"4897",2022-04-01 00:08:00,3,373,100,49.7029009794494,5.91835688292764
"4898",2022-04-01 00:08:05,3,373,100,49.4287564917361,5.99350477772927
"4899",2022-04-01 00:08:10,3,373,100,49.266231286536,6.1109559677614
"4900",2022-04-01 00:08:15,3,373,100,48.1994312665092,5.99509543989225
"4901",2022-04-01 00:08:20,3,373,100,49.5718605724382,5.77108203563678
"4902",2022-04-01 00:08:25,3,373,100,49.7505662348189,6.10128569756891
"4903",2022-04-01 00:08:30,3,373,100,49.2068751273297,5.92858358007033
"4904",2022-04-01 00:08:35,3,373,100,48.8706058420308,6.02017665908731
"4905",2022-04-01 00:08:40,3,373,100,48.5371948772817,5.98683424039894
"4906",2022-04-01 00:08:45,3,373,100,49.4885729301976,6.31032880612383
"4907",2022-04-01 00:08:50,3,373,100,49.6777854671719,6.09571665117066
"4908",2022-04-01 00:08:55,3,373,100,48.4190134015029,6.09364916899256
"4909",2022-04-01 00:09:00,3,373,100,49.3378982133788,5.76905353409202
"4910",2022-04-01 00:09:05,3,373,100,49.4310000309398,6.02343043767796
"4911",2022-04-01 00:09:10,3,373,100,48.8452939918004,5.74846676008595
"4912",2022-04-01 00:09:15,3,373,100,49.1738912252831,5.59652942176749
"4913",2022-04-01 00:09:20,3,373,100,48.634610605094,5.95010507676743
"4914",2022-04-01 00:09:25,3,373,100,48.0410685278028,6.30103123246433
"4915",2022-04-01 00:09:30,3,373,100,49.7763942858318,6.00303168831639
"4916",2022-04-01 00:09:35,3,373,100,48.6511762794933,5.66452185978405
"4917",2022-04-01 00:09:40,3,373,100,49.1779391980697,6.05674638602122
"4918",2022-04-01 00:09:45,3,373,100,49.147425265588,5.91435903449517
"4919",2022-04-01 00:09:50,3,373,100,49.3887215046706,5.89017740282921
"4920",2022-04-01 00:09:55,3,373,100,49.7545567190374,5.97720112340048
"4921",2022-04-01 00:10:00,3,373,100,49.4623211782929,5.52161449663678
"4922",2022-04-01 00:10:05,3,373,100,49.2399327658428,5.89866443606878
"4923",2022-04-01 00:10:10,3,373,100,49.9711169507462,5.54182838361359
"4924",2022-04-01 00:10:15,3,373,100,50.2413717133872,5.9110559506761
"4925",2022-04-01 00:10:20,3,373,100,49.4378190193841,5.81597119034285
"4926",2022-04-01 00:10:25,3,373,100,48.9855104214582,5.93033840858504
"4927",2022-04-01 00:10:30,3,373,100,48.9813100373499,6.15138719059681
"4928",2022-04-01 00:10:35,3,373,100,49.451945800389,6.11019065137971
"4929",2022-04-01 00:10:40,3,373,100,49.7837179754626,5.98011508867143
"4930",2022-04-01 00:10:45,3,373,100,49.8560916379374,6.01403879460354
"4931",2022-04-01 00:10:50,3,373,100,49.3619825120205,5.83672658172071
"4932",2022-04-01 00:10:55,3,373,100,48.1385818808582,5.88114907047359
"4933",2022-04-01 00:11:00,3,373,100,49.7809282454872,5.48739527030157
"4934",2022-04-01 00:11:05,3,373,100,50.1420826996407,6.27739532398649
"4935",2022-04-01 00:11:10,3,373,100,48.946155288657,5.93349349682497
"4936",2022-04-01 00:11:15,3,373,100,49.1645744603125,6.36291365548836
"4937",2022-04-01 00:11:20,3,373,100,48.3704689302878,5.95602509218764
"4938",2022-04-01 00:11:25,3,373,100,49.9540784228617,6.45363499566367
"4939",2022-04-01 00:11:30,3,373,100,49.9893550625389,5.90113665745143
"4940",2022-04-01 00:11:35,3,373,100,48.8593150380447,5.93985638787843
"4941",2022-04-01 00:11:40,3,373,100,49.2802230774369,5.97733325270902
"4942",2022-04-01 00:11:45,3,373,100,49.1545108923083,5.58972362463483
"4943",2022-04-01 00:11:50,3,373,100,49.1326399626696,5.7346907358318
"4944",2022-04-01 00:11:55,3,373,100,49.0297619172372,5.67277537816299
"4945",2022-04-01 00:12:00,3,373,100,49.2592285167414,5.67282023227903
"4946",2022-04-01 00:12:05,3,373,100,47.8835724549992,6.4957195563399
"4947",2022-04-01 00:12:10,3,373,100,50.1994210156771,5.64309599340582
"4948",2022-04-01 00:12:15,3,373,100,48.919301711354,6.31609771897656
"4949",2022-04-01 00:12:20,3,373,100,49.8523243623797,5.82967791700858
"4950",2022-04-01 00:12:25,3,373,100,50.0088656577259,5.9085824259602
"4951",2022-04-01 00:12:30,3,373,100,48.9783741570756,6.00480366186896
"4952",2022-04-01 00:12:35,3,373,100,48.3301062878966,5.5492586063392
"4953",2022-04-01 00:12:40,3,373,100,50.4420231756018,5.84304005821178
"4954",2022-04-01 00:12:45,3,373,100,48.6807766607582,5.79086726262054
"4955",2022-04-01 00:12:50,3,373,100,49.3445009799633,5.55328306877469
"4956",2022-04-01 00:12:55,3,373,100,48.1245231704158,5.94213575977046
"4957",2022-04-01 00:13:00,3,373,100,49.4032547509998,5.98307630184497
"4958",2022-04-01 00:13:05,3,373,100,50.1897402976744,5.55296906206312
"4959",2022-04-01 00:13:10,3,373,100,49.3078651424988,5.63216841290577
"4960",2022-04-01 00:13:15,3,373,100,49.1714628119656,5.92834405143081
"4961",2022-04-01 00:13:20,3,373,100,49.6412789715388,5.89015764244601
"4962",2022-04-01 00:13:25,3,373,100,49.9349004438246,5.94027397047506
"4963",2022-04-01 00:13:30,3,373,100,49.2119170130949,5.5313295949097
"4964",2022-04-01 00:13:35,3,373,100,47.9538847495142,6.11034127481267
"4965",2022-04-01 00:13:40,3,373,100,48.7142256372164,5.5785556389152
"4966",2022-04-01 00:13:45,3,373,100,49.4661516865237,5.68135218429044
"4967",2022-04-01 00:13:50,3,373,100,49.3271612427925,5.69396849534324
"4968",2022-04-01 00:13:55,3,373,100,48.2651573890708,6.08525934445515
"4969",2022-04-01 00:14:00,3,373,100,48.945315919592,6.10558370688516
"4970",2022-04-01 00:14:05,3,373,100,49.2619562932363,5.65034258732409
"4971",2022-04-01 00:14:10,3,373,100,48.9538609885844,5.27908356552901
"4972",2022-04-01 00:14:15,3,373,100,48.5254868179943,5.76273160811323
"4973",2022-04-01 00:14:20,3,373,100,49.2043174665919,5.77715859805455
"4974",2022-04-01 00:14:25,3,373,100,49.8206383679572,6.06248980395235
"4975",2022-04-01 00:14:30,3,373,100,49.1314403628416,5.87043587524705
"4976",2022-04-01 00:14:35,3,373,100,49.0950350299668,6.13560133832558
"4977",2022-04-01 00:14:40,3,373,100,49.0922928636798,6.00624387694568
"4978",2022-04-01 00:14:45,3,373,100,49.8488852083325,5.42476554232637
"4979",2022-04-01 00:14:50,3,373,100,50.1882852826421,5.72404010434362
"4980",2022-04-01 00:14:55,3,373,100,48.7959554355458,5.69220863467691
"4981",2022-04-01 00:15:00,3,373,100,49.3840546152788,5.74432107372915
"4982",2022-04-01 00:15:05,3,373,100,49.1717834299813,6.07497998659907
"4983",2022-04-01 00:15:10,3,373,100,49.0832933895186,5.92116837252504
"4984",2022-04-01 00:15:15,3,373,100,48.6260735322499,5.64836253671675
"4985",2022-04-01 00:15:20,3,373,100,48.7110790263174,6.01852202966258
"4986",2022-04-01 00:15:25,3,373,100,48.8821211405835,5.95971680181206
"4987",2022-04-01 00:15:30,3,373,100,49.8639386588609,6.26142836378798
"4988",2022-04-01 00:15:35,3,373,100,48.3861601513646,5.992089412577
"4989",2022-04-01 00:15:40,3,373,100,49.5365417127213,5.95621907959258
"4990",2022-04-01 00:15:45,3,373,100,48.2511742784623,5.77038465760939
"4991",2022-04-01 00:15:50,3,373,100,49.7012216835827,5.88323836612032
"4992",2022-04-01 00:15:55,3,373,100,50.1069790279782,6.05040403887877
"4993",2022-04-01 00:16:00,3,373,100,50.0735656184594,6.23414951624912
"4994",2022-04-01 00:16:05,3,373,100,49.3477903161891,5.66265755457174
"4995",2022-04-01 00:16:10,3,373,100,49.5863047197239,5.9783058754878
"4996",2022-04-01 00:16:15,3,373,100,49.7315661839102,6.02813184322697
"4997",2022-04-01 00:16:20,3,373,100,49.4326568144982,5.63596886342321
"4998",2022-04-01 00:16:25,3,373,100,49.0115431800764,5.92654571002347
"4999",2022-04-01 00:16:30,3,373,100,49.296327425898,6.08154911822453
"5000",2022-04-01 00:16:35,3,373,100,49.1506763169089,5.67297204162041
"5001",2022-04-02 00:00:00,3,373,200,49.6818958762698,4.91239401440846
"5002",2022-04-02 00:00:05,3,373,200,49.2311050908152,5.20300570470495
"5003",2022-04-02 00:00:10,3,373,200,49.457765171492,4.98752937793727
"5004",2022-04-02 00:00:15,3,373,200,48.5066062976774,5.57666697439934
"5005",2022-04-02 00:00:20,3,373,200,49.266382985212,5.79681301201599
"5006",2022-04-02 00:00:25,3,373,200,49.5032393599044,4.97710760979825
"5007",2022-04-02 00:00:30,3,373,200,48.7588202053977,5.43730125566988
"5008",2022-04-02 00:00:35,3,373,200,49.3043083463502,5.50209495331651
"5009",2022-04-02 00:00:40,3,373,200,49.8520138246386,5.20639095610974
"5010",2022-04-02 00:00:45,3,373,200,49.2667003485765,5.18483647208695
"5011",2022-04-02 00:00:50,3,373,200,49.0478751841777,5.21469773783314
"5012",2022-04-02 00:00:55,3,373,200,50.0713757155836,5.3609871309472
"5013",2022-04-02 00:01:00,3,373,200,49.6113611847838,4.88565233636249
"5014",2022-04-02 00:01:05,3,373,200,50.3875865224832,5.11256725134338
"5015",2022-04-02 00:01:10,3,373,200,48.5042704050985,5.35621136289204
"5016",2022-04-02 00:01:15,3,373,200,48.6365074691045,4.82751187554325
"5017",2022-04-02 00:01:20,3,373,200,50.6168892566274,5.16311715185273
"5018",2022-04-02 00:01:25,3,373,200,49.1481271406075,4.86164749110981
"5019",2022-04-02 00:01:30,3,373,200,49.1449765080129,5.15050558555887
"5020",2022-04-02 00:01:35,3,373,200,48.7904991698784,4.96049262216506
"5021",2022-04-02 00:01:40,3,373,200,50.7488032874016,5.45371370213805
"5022",2022-04-02 00:01:45,3,373,200,49.4835731860841,5.01510803751368
"5023",2022-04-02 00:01:50,3,373,200,48.8395096893786,5.14689404432158
"5024",2022-04-02 00:01:55,3,373,200,49.1062456030698,5.12423851110441
"5025",2022-04-02 00:02:00,3,373,200,49.1996269384232,5.66782987243782
"5026",2022-04-02 00:02:05,3,373,200,49.5133241719777,5.49932324997667
"5027",2022-04-02 00:02:10,3,373,200,49.2757835538594,5.15482551391412
"5028",2022-04-02 00:02:15,3,373,200,49.4984320766403,4.93122822486341
"5029",2022-04-02 00:02:20,3,373,200,48.2173542937274,5.01051182560934
"5030",2022-04-02 00:02:25,3,373,200,49.0650785498573,5.10999864016699
"5031",2022-04-02 00:02:30,3,373,200,48.9055657678454,5.28654288274242
"5032",2022-04-02 00:02:35,3,373,200,50.2170029927406,5.33418789542129
"5033",2022-04-02 00:02:40,3,373,200,49.6203610956516,5.16508742083233
"5034",2022-04-02 00:02:45,3,373,200,49.2423658494492,5.12431506434612
"5035",2022-04-02 00:02:50,3,373,200,49.4911155405716,5.18228727822326
"5036",2022-04-02 00:02:55,3,373,200,49.7133498427308,4.96890216307345
"5037",2022-04-02 00:03:00,3,373,200,49.4859777519974,4.7894114246505
"5038",2022-04-02 00:03:05,3,373,200,49.7285225483137,5.55056976200743
"5039",2022-04-02 00:03:10,3,373,200,48.6377083621266,5.36752264061687
"5040",2022-04-02 00:03:15,3,373,200,49.0712803682246,4.97698059112397
"5041",2022-04-02 00:03:20,3,373,200,48.5559740285221,5.64022601271862
"5042",2022-04-02 00:03:25,3,373,200,50.1147055911158,5.25148501305955
"5043",2022-04-02 00:03:30,3,373,200,48.7121097303723,5.33647139966488
"5044",2022-04-02 00:03:35,3,373,200,49.2546757362221,4.64523382840239
"5045",2022-04-02 00:03:40,3,373,200,50.8176486645864,4.89212512317171
"5046",2022-04-02 00:03:45,3,373,200,49.9848113171282,5.21799697673719
"5047",2022-04-02 00:03:50,3,373,200,48.2900591679757,4.8628081611096
"5048",2022-04-02 00:03:55,3,373,200,50.0073784812036,5.17571001561839
"5049",2022-04-02 00:04:00,3,373,200,49.1104009954,5.20580121160531
"5050",2022-04-02 00:04:05,3,373,200,50.0211881315629,4.91998856537422
"5051",2022-04-02 00:04:10,3,373,200,49.2144846546277,5.26950880826659
"5052",2022-04-02 00:04:15,3,373,200,49.0037544854574,5.02334820425502
"5053",2022-04-02 00:04:20,3,373,200,49.6987167000114,4.94514438052661
"5054",2022-04-02 00:04:25,3,373,200,49.5611657984627,4.68852815880213
"5055",2022-04-02 00:04:30,3,373,200,50.5343552737376,5.07803816177982
"5056",2022-04-02 00:04:35,3,373,200,48.6238294470409,4.93798953898247
"5057",2022-04-02 00:04:40,3,373,200,49.4029717846397,5.2236846436104
"5058",2022-04-02 00:04:45,3,373,200,49.0463294604624,5.11735682179947
"5059",2022-04-02 00:04:50,3,373,200,49.2006106346402,5.36115185956208
"5060",2022-04-02 00:04:55,3,373,200,50.1250762548584,5.00477729275748
"5061",2022-04-02 00:05:00,3,373,200,49.8687696125442,5.39655083801048
"5062",2022-04-02 00:05:05,3,373,200,50.0446009643774,5.0858253227226
"5063",2022-04-02 00:05:10,3,373,200,49.8791288278187,4.74069707018611
"5064",2022-04-02 00:05:15,3,373,200,49.7768434952408,5.13235066791824
"5065",2022-04-02 00:05:20,3,373,200,48.8756230520309,5.12313841539338
"5066",2022-04-02 00:05:25,3,373,200,49.0497018015383,5.05785779459189
"5067",2022-04-02 00:05:30,3,373,200,49.8419824451473,5.25233801723235
"5068",2022-04-02 00:05:35,3,373,200,48.7986439845161,5.24792402803855
"5069",2022-04-02 00:05:40,3,373,200,50.3243071036009,5.29454175490179
"5070",2022-04-02 00:05:45,3,373,200,49.1327287357321,5.70891940773171
"5071",2022-04-02 00:05:50,3,373,200,48.3122469972962,5.16695288561265
"5072",2022-04-02 00:05:55,3,373,200,49.7055842474949,5.30520868015916
"5073",2022-04-02 00:06:00,3,373,200,49.0739126642924,5.061597410272
"5074",2022-04-02 00:06:05,3,373,200,49.5785583417722,4.99904606456329
"5075",2022-04-02 00:06:10,3,373,200,49.5708624736115,5.6105432862822
"5076",2022-04-02 00:06:15,3,373,200,49.5817437767638,5.29037012128933
"5077",2022-04-02 00:06:20,3,373,200,48.6533596921429,5.03762193537164
"5078",2022-04-02 00:06:25,3,373,200,49.1783646685242,5.58973650089304
"5079",2022-04-02 00:06:30,3,373,200,50.0986873681404,5.09542870143888
"5080",2022-04-02 00:06:35,3,373,200,49.0652870992811,5.2999669131341
"5081",2022-04-02 00:06:40,3,373,200,49.4822415219162,5.21495298161199
"5082",2022-04-02 00:06:45,3,373,200,49.0165832623791,5.17467737327051
"5083",2022-04-02 00:06:50,3,373,200,49.8026800660396,5.23851783465855
"5084",2022-04-02 00:06:55,3,373,200,49.9220758021922,5.29622768525651
"5085",2022-04-02 00:07:00,3,373,200,49.1918930554263,4.37278525883456
"5086",2022-04-02 00:07:05,3,373,200,49.5433894721604,5.29615832246702
"5087",2022-04-02 00:07:10,3,373,200,49.7097948348316,4.97757260709785
"5088",2022-04-02 00:07:15,3,373,200,49.1217884917007,5.41795517556881
"5089",2022-04-02 00:07:20,3,373,200,49.9093759731629,4.80677326276345
"5090",2022-04-02 00:07:25,3,373,200,48.6284462393458,5.16237782052894
"5091",2022-04-02 00:07:30,3,373,200,50.4375105427357,4.82682831699615
"5092",2022-04-02 00:07:35,3,373,200,48.7237076161508,5.13428628669131
"5093",2022-04-02 00:07:40,3,373,200,50.0915354354999,6.02060206139547
"5094",2022-04-02 00:07:45,3,373,200,48.9924376590284,4.92617412391596
"5095",2022-04-02 00:07:50,3,373,200,49.3580409524433,4.97726390185554
"5096",2022-04-02 00:07:55,3,373,200,50.3883938467104,5.06750801138989
"5097",2022-04-02 00:08:00,3,373,200,49.4082095109375,5.46715739003291
"5098",2022-04-02 00:08:05,3,373,200,48.8688905207224,5.17408145579746
"5099",2022-04-02 00:08:10,3,373,200,50.2998930783721,5.38081495204136
"5100",2022-04-02 00:08:15,3,373,200,49.3577106106063,5.28020768887857
"5101",2022-04-02 00:08:20,3,373,200,51.0592442777109,5.24303778892619
"5102",2022-04-02 00:08:25,3,373,200,49.1118162220982,5.00066506889763
"5103",2022-04-02 00:08:30,3,373,200,49.9059725290509,5.62763269523936
"5104",2022-04-02 00:08:35,3,373,200,49.3394461269249,4.680873443376
"5105",2022-04-02 00:08:40,3,373,200,49.4889221314991,5.43352388602715
"5106",2022-04-02 00:08:45,3,373,200,49.8972750369302,4.88985833237114
"5107",2022-04-02 00:08:50,3,373,200,48.909078956907,5.25566746201034
"5108",2022-04-02 00:08:55,3,373,200,49.1220332044083,4.7452572047673
"5109",2022-04-02 00:09:00,3,373,200,49.1573125759699,5.20061943549175
"5110",2022-04-02 00:09:05,3,373,200,49.1671928279716,4.87020094500359
"5111",2022-04-02 00:09:10,3,373,200,49.1571591590297,4.84734582162003
"5112",2022-04-02 00:09:15,3,373,200,49.6613112038142,4.88317471768218
"5113",2022-04-02 00:09:20,3,373,200,49.0505902695745,5.42370130216105
"5114",2022-04-02 00:09:25,3,373,200,49.6786921338196,5.11262268521508
"5115",2022-04-02 00:09:30,3,373,200,49.0577544663026,4.89939122959705
"5116",2022-04-02 00:09:35,3,373,200,48.6806373408112,5.22993993353341
"5117",2022-04-02 00:09:40,3,373,200,49.7824258939641,5.03378359207314
"5118",2022-04-02 00:09:45,3,373,200,50.0062675295134,5.53586251420408
"5119",2022-04-02 00:09:50,3,373,200,48.8199518903186,5.12027148706281
"5120",2022-04-02 00:09:55,3,373,200,49.0649092251422,5.14559233792969
"5121",2022-04-02 00:10:00,3,373,200,48.713516891768,5.20397400615353
"5122",2022-04-02 00:10:05,3,373,200,48.7846152508655,5.2151640942979
"5123",2022-04-02 00:10:10,3,373,200,48.6196538646151,5.17806104900959
"5124",2022-04-02 00:10:15,3,373,200,49.4242891280636,5.14146818940679
"5125",2022-04-02 00:10:20,3,373,200,48.333572203334,4.84518113877059
"5126",2022-04-02 00:10:25,3,373,200,49.3054885709688,4.81660982467102
"5127",2022-04-02 00:10:30,3,373,200,49.7799221202394,5.28021242968473
"5128",2022-04-02 00:10:35,3,373,200,50.1437019764027,5.59255915456676
"5129",2022-04-02 00:10:40,3,373,200,48.96839220382,5.43363782195933
"5130",2022-04-02 00:10:45,3,373,200,48.9487276878385,5.0379284842265
"5131",2022-04-02 00:10:50,3,373,200,49.5222059911257,4.81570668427981
"5132",2022-04-02 00:10:55,3,373,200,48.8868978173174,5.3994342169019
"5133",2022-04-02 00:11:00,3,373,200,49.5122133505294,5.00266006045993
"5134",2022-04-02 00:11:05,3,373,200,48.1528881558885,4.87851946027312
"5135",2022-04-02 00:11:10,3,373,200,48.7762142434982,5.57282744930577
"5136",2022-04-02 00:11:15,3,373,200,50.3879742051312,4.81346426864962
"5137",2022-04-02 00:11:20,3,373,200,49.2033002726657,5.30638061365342
"5138",2022-04-02 00:11:25,3,373,200,48.6109175768773,5.27057595313723
"5139",2022-04-02 00:11:30,3,373,200,48.8721456902115,5.19788705779463
"5140",2022-04-02 00:11:35,3,373,200,49.326143468315,5.18059541331772
"5141",2022-04-02 00:11:40,3,373,200,48.8681036924927,5.03366725811578
"5142",2022-04-02 00:11:45,3,373,200,49.6973951415066,5.26448659702346
"5143",2022-04-02 00:11:50,3,373,200,49.9467416569881,5.37498138873593
"5144",2022-04-02 00:11:55,3,373,200,50.5028459293668,5.25602165576773
"5145",2022-04-02 00:12:00,3,373,200,49.631456675285,5.22977167306207
"5146",2022-04-02 00:12:05,3,373,200,48.4775999767477,4.9585814290352
"5147",2022-04-02 00:12:10,3,373,200,49.3385168832751,5.23346015390787
"5148",2022-04-02 00:12:15,3,373,200,49.745299066878,5.1646565219926
"5149",2022-04-02 00:12:20,3,373,200,48.8147346414802,5.33391144927593
"5150",2022-04-02 00:12:25,3,373,200,48.7532193863433,4.83785019428235
"5151",2022-04-02 00:12:30,3,373,200,50.1488225082416,5.11098516245858
"5152",2022-04-02 00:12:35,3,373,200,49.0466391427375,4.99917130298832
"5153",2022-04-02 00:12:40,3,373,200,49.7347583862467,5.44838946433638
"5154",2022-04-02 00:12:45,3,373,200,49.9194586838227,5.34215282318738
"5155",2022-04-02 00:12:50,3,373,200,48.8450315199962,5.44915003317279
"5156",2022-04-02 00:12:55,3,373,200,49.5955710535123,5.16181191939626
"5157",2022-04-02 00:13:00,3,373,200,49.7294396798705,5.60974952658136
"5158",2022-04-02 00:13:05,3,373,200,48.8036339162083,4.91773830335553
"5159",2022-04-02 00:13:10,3,373,200,49.8943925431975,5.23818724835411
"5160",2022-04-02 00:13:15,3,373,200,49.6022705826369,4.88883130850735
"5161",2022-04-02 00:13:20,3,373,200,49.643636911642,5.07418239017985
"5162",2022-04-02 00:13:25,3,373,200,49.6953631568222,5.14956744037594
"5163",2022-04-02 00:13:30,3,373,200,49.2629055161414,5.37783930788973
"5164",2022-04-02 00:13:35,3,373,200,49.434877444391,5.18547713960121
"5165",2022-04-02 00:13:40,3,373,200,48.1609121141442,5.04970729909253
"5166",2022-04-02 00:13:45,3,373,200,48.8241012899019,4.71600899958349
"5167",2022-04-02 00:13:50,3,373,200,50.0066785074098,5.17367126075695
"5168",2022-04-02 00:13:55,3,373,200,50.0307066296654,5.09802575203646
"5169",2022-04-02 00:14:00,3,373,200,49.6337253795749,5.19582182735623
"5170",2022-04-02 00:14:05,3,373,200,48.9452778158992,5.0611720831677
"5171",2022-04-02 00:14:10,3,373,200,49.1861696760792,5.37524954452777
"5172",2022-04-02 00:14:15,3,373,200,50.2264049152101,5.17061051382015
"5173",2022-04-02 00:14:20,3,373,200,48.7115276898044,5.05830677722687
"5174",2022-04-02 00:14:25,3,373,200,48.5605864051638,4.88833098949263
"5175",2022-04-02 00:14:30,3,373,200,48.6270581271794,4.80751649148651
"5176",2022-04-02 00:14:35,3,373,200,50.7751455883813,5.15445965578434
"5177",2022-04-02 00:14:40,3,373,200,50.2531190933966,5.24438263094942
"5178",2022-04-02 00:14:45,3,373,200,49.4745907374817,5.67454626527849
"5179",2022-04-02 00:14:50,3,373,200,49.1829938154735,4.81773702528065
"5180",2022-04-02 00:14:55,3,373,200,49.6795689940764,5.18677483997184
"5181",2022-04-02 00:15:00,3,373,200,49.8424457953046,5.39558252922283
"5182",2022-04-02 00:15:05,3,373,200,49.1783710170146,5.42161911458491
"5183",2022-04-02 00:15:10,3,373,200,48.0268992089571,5.27869946294749
"5184",2022-04-02 00:15:15,3,373,200,49.5890881453665,5.24600405888313
"5185",2022-04-02 00:15:20,3,373,200,48.607930032392,4.92329156905192
"5186",2022-04-02 00:15:25,3,373,200,49.6660493125282,5.23729980301132
"5187",2022-04-02 00:15:30,3,373,200,48.941168958158,5.09287139849476
"5188",2022-04-02 00:15:35,3,373,200,48.6751279456999,5.31786645839595
"5189",2022-04-02 00:15:40,3,373,200,50.3759656442871,5.0446489059248
"5190",2022-04-02 00:15:45,3,373,200,48.1664654805846,5.1067390732012
"5191",2022-04-02 00:15:50,3,373,200,49.4786201110787,4.97341113246603
"5192",2022-04-02 00:15:55,3,373,200,48.7498674507138,5.20081567135296
"5193",2022-04-02 00:16:00,3,373,200,49.761078417518,5.48981818665252
"5194",2022-04-02 00:16:05,3,373,200,48.9705055578759,5.16024028430882
"5195",2022-04-02 00:16:10,3,373,200,50.2224838667001,5.22115482209465
"5196",2022-04-02 00:16:15,3,373,200,49.149628117462,5.35790108741394
"5197",2022-04-02 00:16:20,3,373,200,49.0940407893429,5.22738461867846
"5198",2022-04-02 00:16:25,3,373,200,47.998107825633,5.08212374523255
"5199",2022-04-02 00:16:30,3,373,200,49.2869895066179,4.96106050104025
"5200",2022-04-02 00:16:35,3,373,200,49.4450482903809,5.08968987668538
"5201",2022-04-03 00:00:00,3,373,300,47.9638385380233,4.0803410422604
"5202",2022-04-03 00:00:05,3,373,300,48.7041107427607,4.09889552033086
"5203",2022-04-03 00:00:10,3,373,300,49.7346946369949,4.55443765726894
"5204",2022-04-03 00:00:15,3,373,300,48.9225609101226,4.33628293526471
"5205",2022-04-03 00:00:20,3,373,300,48.6255056773717,4.18384011261085
"5206",2022-04-03 00:00:25,3,373,300,48.6808325848396,4.62634339805932
"5207",2022-04-03 00:00:30,3,373,300,48.8128358472759,4.56995456708088
"5208",2022-04-03 00:00:35,3,373,300,49.3144606657749,4.15056631897105
"5209",2022-04-03 00:00:40,3,373,300,48.7870535825001,4.54493338669325
"5210",2022-04-03 00:00:45,3,373,300,49.0909830403422,4.24768121780825
"5211",2022-04-03 00:00:50,3,373,300,48.5861213566772,4.06732585915439
"5212",2022-04-03 00:00:55,3,373,300,49.4092421766914,4.39822066626367
"5213",2022-04-03 00:01:00,3,373,300,49.9501507847558,4.4403338047395
"5214",2022-04-03 00:01:05,3,373,300,48.7883449724417,4.22955328099919
"5215",2022-04-03 00:01:10,3,373,300,49.8646288333421,4.1908434792329
"5216",2022-04-03 00:01:15,3,373,300,49.366435308348,4.65817625036596
"5217",2022-04-03 00:01:20,3,373,300,48.7568151166313,4.89960526396885
"5218",2022-04-03 00:01:25,3,373,300,47.8948763970232,4.38502023985965
"5219",2022-04-03 00:01:30,3,373,300,49.2026001029035,4.54048812358421
"5220",2022-04-03 00:01:35,3,373,300,48.0738100311184,4.25369681746539
"5221",2022-04-03 00:01:40,3,373,300,48.9582434255859,4.84451422839449
"5222",2022-04-03 00:01:45,3,373,300,49.9736742527223,4.28301957149393
"5223",2022-04-03 00:01:50,3,373,300,49.2434080609488,4.52454458404114
"5224",2022-04-03 00:01:55,3,373,300,48.6229883489021,4.4792767002747
"5225",2022-04-03 00:02:00,3,373,300,49.6480440203037,4.13090860288307
"5226",2022-04-03 00:02:05,3,373,300,49.6412665437155,4.16489809647726
"5227",2022-04-03 00:02:10,3,373,300,49.5937825298564,4.05049546062515
"5228",2022-04-03 00:02:15,3,373,300,49.591188433519,4.13491732829294
"5229",2022-04-03 00:02:20,3,373,300,50.0735785406385,4.64906078575904
"5230",2022-04-03 00:02:25,3,373,300,49.593517611816,4.51018649390745
"5231",2022-04-03 00:02:30,3,373,300,49.2128192838638,4.15040207414599
"5232",2022-04-03 00:02:35,3,373,300,48.515996941232,4.35877018641471
"5233",2022-04-03 00:02:40,3,373,300,49.2542462381438,5.04063229368607
"5234",2022-04-03 00:02:45,3,373,300,49.5381485844486,4.49225855198518
"5235",2022-04-03 00:02:50,3,373,300,49.29248987641,4.60905114584939
"5236",2022-04-03 00:02:55,3,373,300,48.3431349931384,4.78125457860454
"5237",2022-04-03 00:03:00,3,373,300,49.832214820405,4.15545408654738
"5238",2022-04-03 00:03:05,3,373,300,49.2263145372373,4.13053428688178
"5239",2022-04-03 00:03:10,3,373,300,49.4255028383065,4.34212192563511
"5240",2022-04-03 00:03:15,3,373,300,49.4524712874232,4.61137220776499
"5241",2022-04-03 00:03:20,3,373,300,48.9960524543477,4.63643990585412
"5242",2022-04-03 00:03:25,3,373,300,49.5313844546783,4.66966947645687
"5243",2022-04-03 00:03:30,3,373,300,49.7835903464398,4.43689108883516
"5244",2022-04-03 00:03:35,3,373,300,49.59339730782,4.26630858495158
"5245",2022-04-03 00:03:40,3,373,300,49.8012538940236,4.32908862357001
"5246",2022-04-03 00:03:45,3,373,300,49.2613474211033,4.35066312451125
"5247",2022-04-03 00:03:50,3,373,300,48.3453410412367,4.20074297630933
"5248",2022-04-03 00:03:55,3,373,300,49.3186632372755,4.81947211537217
"5249",2022-04-03 00:04:00,3,373,300,49.1887191318935,4.52018309581823
"5250",2022-04-03 00:04:05,3,373,300,49.8532361323727,4.49841334390113
"5251",2022-04-03 00:04:10,3,373,300,48.6517476131394,4.4388011624451
"5252",2022-04-03 00:04:15,3,373,300,48.6168946160043,4.08778273721267
"5253",2022-04-03 00:04:20,3,373,300,49.6855211763636,4.68879840367979
"5254",2022-04-03 00:04:25,3,373,300,49.804887060077,4.40830675789556
"5255",2022-04-03 00:04:30,3,373,300,49.6873129372319,4.46882452068723
"5256",2022-04-03 00:04:35,3,373,300,50.0139227615601,4.69869241812872
"5257",2022-04-03 00:04:40,3,373,300,50.0998410811842,4.3499535836898
"5258",2022-04-03 00:04:45,3,373,300,48.8897325322036,4.53834130880011
"5259",2022-04-03 00:04:50,3,373,300,50.3325765358024,4.43734782423735
"5260",2022-04-03 00:04:55,3,373,300,48.9301566269513,4.49159466595393
"5261",2022-04-03 00:05:00,3,373,300,49.9970339685524,4.69241227509549
"5262",2022-04-03 00:05:05,3,373,300,49.7487056113536,4.2265366073669
"5263",2022-04-03 00:05:10,3,373,300,49.2607935302735,4.13134819761015
"5264",2022-04-03 00:05:15,3,373,300,49.9511363909372,4.57603601665098
"5265",2022-04-03 00:05:20,3,373,300,49.7333443715098,4.43823615092377
"5266",2022-04-03 00:05:25,3,373,300,49.3453156504242,4.30348353525657
"5267",2022-04-03 00:05:30,3,373,300,50.2327904796979,4.21749739977569
"5268",2022-04-03 00:05:35,3,373,300,48.7836944615478,4.39021174477163
"5269",2022-04-03 00:05:40,3,373,300,48.5160509954546,4.55334592632263
"5270",2022-04-03 00:05:45,3,373,300,49.2192812873213,4.61737624575632
"5271",2022-04-03 00:05:50,3,373,300,49.4080313849574,4.16074088658817
"5272",2022-04-03 00:05:55,3,373,300,48.50159399347,4.43742516389261
"5273",2022-04-03 00:06:00,3,373,300,49.7786857982812,4.52598781878304
"5274",2022-04-03 00:06:05,3,373,300,48.9206653734119,4.14124686714729
"5275",2022-04-03 00:06:10,3,373,300,49.0195077269879,4.63247144370089
"5276",2022-04-03 00:06:15,3,373,300,49.2206953835986,4.50350473163714
"5277",2022-04-03 00:06:20,3,373,300,48.7890408147826,4.2769964928301
"5278",2022-04-03 00:06:25,3,373,300,49.9689812404111,4.64842498495115
"5279",2022-04-03 00:06:30,3,373,300,50.0509643078281,4.46283381601204
"5280",2022-04-03 00:06:35,3,373,300,49.7939178259905,4.37799802698921
"5281",2022-04-03 00:06:40,3,373,300,49.4419113980125,4.26009180843935
"5282",2022-04-03 00:06:45,3,373,300,49.2444177033121,4.57856163763936
"5283",2022-04-03 00:06:50,3,373,300,50.083624738701,3.94362502648836
"5284",2022-04-03 00:06:55,3,373,300,48.7608215065591,3.85506425017279
"5285",2022-04-03 00:07:00,3,373,300,48.8027979394267,4.45449263276952
"5286",2022-04-03 00:07:05,3,373,300,49.8791773462627,4.29579777825066
"5287",2022-04-03 00:07:10,3,373,300,49.0859782777286,4.59537036709029
"5288",2022-04-03 00:07:15,3,373,300,50.4259383439276,4.59013540273025
"5289",2022-04-03 00:07:20,3,373,300,49.2025939390176,4.45979286047238
"5290",2022-04-03 00:07:25,3,373,300,49.2092064933093,4.64788789961257
"5291",2022-04-03 00:07:30,3,373,300,48.6213180716382,4.84279143597372
"5292",2022-04-03 00:07:35,3,373,300,49.8123998957251,4.66864516355525
"5293",2022-04-03 00:07:40,3,373,300,49.4929607598377,3.99878293957852
"5294",2022-04-03 00:07:45,3,373,300,49.322725568054,4.19303406110208
"5295",2022-04-03 00:07:50,3,373,300,48.7159423995575,4.15230382155636
"5296",2022-04-03 00:07:55,3,373,300,48.1408821788587,4.59536268371013
"5297",2022-04-03 00:08:00,3,373,300,49.8945279466614,4.50930503769335
"5298",2022-04-03 00:08:05,3,373,300,48.781397915809,3.88881175320127
"5299",2022-04-03 00:08:10,3,373,300,48.8683822071295,4.69000346344901
"5300",2022-04-03 00:08:15,3,373,300,49.6012648291118,3.89685493142242
"5301",2022-04-03 00:08:20,3,373,300,49.9558649595783,4.27915908924766
"5302",2022-04-03 00:08:25,3,373,300,49.6333793652206,4.68273359719217
"5303",2022-04-03 00:08:30,3,373,300,48.6077820099261,4.15282371921857
"5304",2022-04-03 00:08:35,3,373,300,50.0011733862889,4.59442263314285
"5305",2022-04-03 00:08:40,3,373,300,49.3872975020164,4.42980318781412
"5306",2022-04-03 00:08:45,3,373,300,48.8813401927722,4.38164662005902
"5307",2022-04-03 00:08:50,3,373,300,48.8612113953538,4.47998791515359
"5308",2022-04-03 00:08:55,3,373,300,48.5121590306498,4.56887352608943
"5309",2022-04-03 00:09:00,3,373,300,48.9893898728914,4.7521158627714
"5310",2022-04-03 00:09:05,3,373,300,49.2389643905625,4.58111008383135
"5311",2022-04-03 00:09:10,3,373,300,49.3762451670335,4.73034022416563
"5312",2022-04-03 00:09:15,3,373,300,49.6095745166974,4.64963117564197
"5313",2022-04-03 00:09:20,3,373,300,49.6925301961383,4.48511236902975
"5314",2022-04-03 00:09:25,3,373,300,50.8372311555388,4.03764315780878
"5315",2022-04-03 00:09:30,3,373,300,49.5552499884568,4.22282253296365
"5316",2022-04-03 00:09:35,3,373,300,48.8151883014022,4.66124031541799
"5317",2022-04-03 00:09:40,3,373,300,48.8326122885083,4.33956253959623
"5318",2022-04-03 00:09:45,3,373,300,49.8068752878168,3.99299457410354
"5319",2022-04-03 00:09:50,3,373,300,48.7820780924224,4.21587582302407
"5320",2022-04-03 00:09:55,3,373,300,50.0230672104892,4.61003147704784
"5321",2022-04-03 00:10:00,3,373,300,49.3183178917061,4.42765504641546
"5322",2022-04-03 00:10:05,3,373,300,49.5623077781719,4.35803601239986
"5323",2022-04-03 00:10:10,3,373,300,49.4163889946271,4.5461355555455
"5324",2022-04-03 00:10:15,3,373,300,48.6546313560452,4.43378639239062
"5325",2022-04-03 00:10:20,3,373,300,49.4297312134108,4.38316881679192
"5326",2022-04-03 00:10:25,3,373,300,50.5246694745432,4.76807512970493
"5327",2022-04-03 00:10:30,3,373,300,49.5787414896526,4.15932328565172
"5328",2022-04-03 00:10:35,3,373,300,49.0435074263281,4.09838728896378
"5329",2022-04-03 00:10:40,3,373,300,48.5202561007852,4.59269428184441
"5330",2022-04-03 00:10:45,3,373,300,49.6231847436109,4.65978872129783
"5331",2022-04-03 00:10:50,3,373,300,49.1913396484978,4.65201835936146
"5332",2022-04-03 00:10:55,3,373,300,48.7408198944778,4.37724512569052
"5333",2022-04-03 00:11:00,3,373,300,49.4011489124281,4.58533521714855
"5334",2022-04-03 00:11:05,3,373,300,48.3594432815925,4.58341043283695
"5335",2022-04-03 00:11:10,3,373,300,48.785712894649,4.31864835347461
"5336",2022-04-03 00:11:15,3,373,300,49.7147518623489,4.33433647228311
"5337",2022-04-03 00:11:20,3,373,300,50.2156920459534,4.22946790432764
"5338",2022-04-03 00:11:25,3,373,300,49.7223786534564,4.27664121328443
"5339",2022-04-03 00:11:30,3,373,300,49.5196136828427,4.04736187558388
"5340",2022-04-03 00:11:35,3,373,300,49.3443029443678,4.67115433302704
"5341",2022-04-03 00:11:40,3,373,300,49.4825080235661,4.3107041759134
"5342",2022-04-03 00:11:45,3,373,300,49.413481969213,4.62588612160852
"5343",2022-04-03 00:11:50,3,373,300,49.8805778622128,4.54006528461429
"5344",2022-04-03 00:11:55,3,373,300,49.1782918914268,3.94866153191917
"5345",2022-04-03 00:12:00,3,373,300,48.9187781695559,4.81096889764433
"5346",2022-04-03 00:12:05,3,373,300,49.2164051795066,4.44775405918707
"5347",2022-04-03 00:12:10,3,373,300,49.3592074476237,4.20905672418686
"5348",2022-04-03 00:12:15,3,373,300,48.7226459090098,4.37404872938204
"5349",2022-04-03 00:12:20,3,373,300,48.7609874519113,4.86914773135486
"5350",2022-04-03 00:12:25,3,373,300,50.0846141974816,4.39730429111319
"5351",2022-04-03 00:12:30,3,373,300,49.4872248030695,4.38370013836846
"5352",2022-04-03 00:12:35,3,373,300,49.2639353855889,4.46704277382033
"5353",2022-04-03 00:12:40,3,373,300,49.3779142134939,4.65076333476904
"5354",2022-04-03 00:12:45,3,373,300,50.1188825427743,4.99260152238753
"5355",2022-04-03 00:12:50,3,373,300,49.2290621126845,4.32721044953281
"5356",2022-04-03 00:12:55,3,373,300,50.2427271647266,4.37315582367673
"5357",2022-04-03 00:13:00,3,373,300,49.3385836363093,4.81753667586479
"5358",2022-04-03 00:13:05,3,373,300,49.9952436484051,4.49226014811735
"5359",2022-04-03 00:13:10,3,373,300,49.7362270647997,4.39237324799737
"5360",2022-04-03 00:13:15,3,373,300,48.7904011102722,4.27730805342327
"5361",2022-04-03 00:13:20,3,373,300,49.5537096543615,4.29148083727252
"5362",2022-04-03 00:13:25,3,373,300,49.0038484098036,4.37909308644087
"5363",2022-04-03 00:13:30,3,373,300,48.7985249431692,4.57713238294383
"5364",2022-04-03 00:13:35,3,373,300,48.8871601172999,4.47037100509796
"5365",2022-04-03 00:13:40,3,373,300,49.2391619424723,4.15262758594489
"5366",2022-04-03 00:13:45,3,373,300,49.2753194262392,4.50602398250957
"5367",2022-04-03 00:13:50,3,373,300,50.3896448224986,4.48081983995224
"5368",2022-04-03 00:13:55,3,373,300,50.0364613673275,4.76136428064857
"5369",2022-04-03 00:14:00,3,373,300,49.0175782409346,4.61101255234887
"5370",2022-04-03 00:14:05,3,373,300,49.1254643213631,4.53740647538366
"5371",2022-04-03 00:14:10,3,373,300,50.2215894194364,4.39900844628099
"5372",2022-04-03 00:14:15,3,373,300,49.8284621212818,4.78098109796034
"5373",2022-04-03 00:14:20,3,373,300,49.1456055764624,4.19250034976548
"5374",2022-04-03 00:14:25,3,373,300,49.3443631364904,4.36472115688441
"5375",2022-04-03 00:14:30,3,373,300,49.5792048469807,4.93251492628159
"5376",2022-04-03 00:14:35,3,373,300,49.7222992980983,4.34925271149836
"5377",2022-04-03 00:14:40,3,373,300,49.2627800372838,4.67936616015559
"5378",2022-04-03 00:14:45,3,373,300,49.4465936299626,3.82714842416969
"5379",2022-04-03 00:14:50,3,373,300,48.841546193527,4.32277740638376
"5380",2022-04-03 00:14:55,3,373,300,49.8260472494691,4.8489345286651
"5381",2022-04-03 00:15:00,3,373,300,48.9273127650299,4.40929646010511
"5382",2022-04-03 00:15:05,3,373,300,50.2029793008062,4.41129424439493
"5383",2022-04-03 00:15:10,3,373,300,48.9191491399556,4.47782749970751
"5384",2022-04-03 00:15:15,3,373,300,49.366751752792,4.37986072127646
"5385",2022-04-03 00:15:20,3,373,300,50.5529969987538,4.59191256629831
"5386",2022-04-03 00:15:25,3,373,300,48.7994464526797,4.45337284794306
"5387",2022-04-03 00:15:30,3,373,300,49.4220990048576,4.13704345355995
"5388",2022-04-03 00:15:35,3,373,300,49.3832729319948,4.48685380370405
"5389",2022-04-03 00:15:40,3,373,300,48.9960237921703,4.4079348120403
"5390",2022-04-03 00:15:45,3,373,300,48.5632109480625,4.82799085028291
"5391",2022-04-03 00:15:50,3,373,300,49.5733117095644,4.06219756220403
"5392",2022-04-03 00:15:55,3,373,300,49.86737619822,4.52139235954972
"5393",2022-04-03 00:16:00,3,373,300,48.7052573756019,4.38013681877458
"5394",2022-04-03 00:16:05,3,373,300,49.7995166673735,4.38890269755029
"5395",2022-04-03 00:16:10,3,373,300,50.3314983550755,4.32588106701561
"5396",2022-04-03 00:16:15,3,373,300,49.2064439697571,4.21915242326728
"5397",2022-04-03 00:16:20,3,373,300,50.0389588765115,4.78417233745042
"5398",2022-04-03 00:16:25,3,373,300,48.3592598527105,3.99085164253698
"5399",2022-04-03 00:16:30,3,373,300,49.8387632673192,4.60506458429751
"5400",2022-04-03 00:16:35,3,373,300,49.8566634456496,4.54395233209308
